RowNumber,IdClient,NomFamille,ScoreCredit,ZoneGeo,Genre,Age,Anciennete,Solde,NbProduits,CarteCredit,MembreActif,SalaireEstim,Churn
1,15687492,Anderson,596,Allemagne,Homme,32.0,3,48354.535,2,Non,Non,20894.185,Non
2,15736963,Herring,623,France,Homme,,1,0.0,2,Oui,Oui,73189.65,Non
3,15721730,Amechi,601,Espagne,Femme,44.0,4,0.0,2,Oui,Non,29280.655,Non
4,15762134,Liang,506,Allemagne,Homme,59.0,8,59576.05,2,Oui,Oui,85339.87,Non
5,15648898,Chuang,560,Espagne,Femme,27.0,7,62497.99,1,Oui,Oui,57334.895,Non
6,15659064,Salas,790,Espagne,Homme,37.0,8,0.0,2,Oui,Oui,74709.205,Non
7,15761986,Obialo,439,Espagne,Femme,32.0,3,69450.805,1,Oui,Non,37842.985,Non
8,15713354,Morrice,597,Allemagne,Femme,22.0,6,50764.305,1,Oui,Non,35264.5,Oui
9,15593454,Lambert,678,Espagne,Femme,40.0,4,56897.11,1,Oui,Non,8309.38,Non
10,15690134,Hughes,464,Allemagne,Femme,42.0,3,42839.625,1,Oui,Oui,82052.37,Non
11,15767474,Lorenzo,481,France,Femme,57.0,9,0.0,3,Oui,Oui,84859.675,Oui
12,15785367,McGuffog,651,France,Femme,56.0,4,0.0,1,Non,Non,42191.61,Oui
13,15587507,Feng,850,France,Homme,47.0,6,0.0,1,Oui,Non,93695.51,Oui
14,15569764,Garner,687,Allemagne,Femme,41.0,2,77003.605,1,Oui,Non,79204.115,Non
15,15665062,Lucchese,696,France,Homme,19.0,1,55464.255,1,Oui,Oui,1383.315,Non
16,15759966,Chiemenam,612,Espagne,Femme,36.0,5,59899.635,2,Oui,Non,79708.29,Non
17,15576352,Revell,586,Espagne,Femme,57.0,3,0.0,2,Non,Oui,3028.905,Non
18,15713604,Rossi,425,Allemagne,Homme,40.0,9,83388.3,2,Non,Oui,86323.44,Non
19,15596797,Barnet,643,Espagne,Homme,43.0,1,0.0,2,Oui,Oui,72882.2,Non
20,15744127,Kosovich,641,France,Femme,37.0,2,0.0,2,Oui,Non,1969.935,Non
21,15589420,Osinachi,795,France,Femme,40.0,2,50945.55,1,Oui,Oui,91522.43,Non
22,15727546,Olejuru,762,France,Homme,35.0,9,0.0,2,Oui,Oui,21537.85,Non
23,15696373,Gill,687,France,Femme,44.0,9,0.0,2,Non,Non,51521.1,Oui
24,15656319,Toscano,850,Espagne,Homme,37.0,4,44070.55,1,Oui,Non,54829.56,Non
25,15670354,Jen,753,France,Femme,62.0,6,0.0,2,Oui,Oui,68199.45,Non
26,15673020,Smith,678,France,Femme,49.0,3,102255.47,1,Non,Oui,369.44,Oui
27,15771139,Douglas,578,Allemagne,Homme,34.0,8,73743.615,2,Oui,Non,33340.385,Non
28,15572174,Mazzi,825,France,Homme,29.0,3,74437.005,2,Non,Oui,35596.41,Non
29,15674868,Wei,696,Espagne,Femme,30.0,0,0.0,2,Oui,Oui,4501.4,Non
30,15630244,Chu,457,France,Homme,40.0,10,67160.115,2,Oui,Non,75378.675,Non
31,15678910,Ts'ai,680,France,Femme,30.0,8,70720.875,1,Oui,Oui,8139.485,Non
32,15767793,Hsu,819,France,Femme,38.0,10,0.0,2,Oui,Non,15249.35,Non
33,15695499,Chinwemma,510,France,Femme,45.0,10,51910.735,2,Non,Oui,38939.31,Non
34,15786717,He,567,France,Homme,36.0,1,0.0,2,Non,Non,4277.865,Non
35,15687171,Birch,638,Espagne,Homme,34.0,5,73339.885,1,Oui,Non,51089.93,Non
36,15647385,Ch'iu,579,Espagne,Homme,56.0,4,49670.415,1,Non,Non,2261.87,Oui
37,15588372,Kirsova,715,Allemagne,Femme,37.0,9,52744.655,1,Non,Non,71548.245,Oui
38,15753754,Morrison,587,Espagne,Femme,34.0,1,0.0,2,Oui,Oui,48966.34,Non
39,15669281,Ch'iu,711,Espagne,Homme,38.0,3,64359.39,1,Non,Non,57396.725,Non
40,15726960,O'Brien,741,France,Femme,36.0,3,0.0,2,Oui,Oui,,Non
41,15713845,Merrett,688,France,Homme,38.0,7,74022.84,1,Oui,Non,87739.96,Oui
42,15794171,Lombardo,475,France,Femme,45.0,0,67132.02,1,Oui,Non,13911.495,Oui
43,15751912,Lilly,567,France,Homme,36.0,7,0.0,2,Non,Oui,1948.04,Non
44,15729040,Lamb,440,France,Homme,42.0,2,0.0,2,Oui,Non,24913.34,Non
45,15585249,Mironova,741,France,Homme,,6,53018.26,1,Oui,Non,97343.39,Oui
46,15585768,Cameron,582,Allemagne,Homme,41.0,6,35174.74,2,Non,Oui,89037.02,Non
47,15683157,Waring,613,France,Homme,,4,50223.285,1,Non,Oui,74826.905,Non
48,15763704,Docherty,692,Allemagne,Femme,43.0,2,34507.245,2,Non,Non,82310.715,Non
49,15701121,Holt,521,France,Homme,38.0,5,55320.59,1,Non,Oui,68253.845,Oui
50,15680141,Yuan,759,Espagne,Femme,35.0,7,73968.21,1,Oui,Oui,53392.85,Non
51,15710978,Palerma,715,Allemagne,Homme,42.0,2,44060.485,2,Oui,Oui,10666.61,Non
52,15701741,Williams,711,France,Femme,39.0,3,76231.395,1,Oui,Non,45152.985,Non
53,15728912,Swanson,554,France,Femme,44.0,6,46218.43,1,Oui,Non,63016.95,Non
54,15623063,Taylor,651,Allemagne,Homme,35.0,8,55033.855,1,Oui,Non,63839.475,Oui
55,15800061,Moretti,495,Espagne,Femme,45.0,3,44579.47,3,Oui,Non,67584.88,Oui
56,15807305,Watkins,805,France,Homme,39.0,2,0.0,1,Non,Non,83325.16,Non
57,15666141,Baldwin,829,Espagne,Femme,26.0,8,50720.18,2,Oui,Oui,9662.25,Non
58,15668971,Nicholson,583,France,Femme,40.0,4,27888.195,2,Oui,Non,13460.215,Non
59,15687130,Nkemjika,686,France,Femme,43.0,0,0.0,1,Oui,Oui,85036.45,Non
60,15658956,Tuan,505,Allemagne,Homme,40.0,6,23934.845,2,Oui,Oui,77530.985,Non
61,15639882,She,528,France,Homme,30.0,2,64131.36,2,Oui,Non,25385.58,Non
62,15750574,Lumholtz,677,Espagne,Femme,34.0,4,0.0,2,Oui,Oui,3087.765,Non
63,15738588,Nebechi,660,Allemagne,Femme,37.0,2,66600.045,1,Non,Non,35716.94,Non
64,15812878,Parsons,785,Allemagne,Femme,36.0,2,49903.425,1,Non,Oui,18488.26,Non
65,15734634,Bocharova,607,Espagne,Femme,27.0,5,50456.095,1,Non,Non,3815.635,Non
66,15771674,Ma,603,Espagne,Femme,39.0,5,81195.26,2,Oui,Non,27351.33,Non
67,15774491,Ross,480,France,Femme,28.0,6,0.0,2,Non,Non,24065.96,Non
68,15705174,Chiedozie,656,Allemagne,Homme,68.0,7,76772.555,1,Oui,Oui,93287.34,Non
69,15729238,Peng,631,Allemagne,Homme,48.0,1,53198.24,1,Oui,Oui,75330.71,Oui
70,15585284,Thomson,604,Espagne,Femme,35.0,7,73642.76,1,Oui,Oui,28903.525,Non
71,15569264,Yobanna,622,France,Homme,32.0,5,89652.545,1,Oui,Oui,74521.89,Non
72,15567367,Tao,601,Allemagne,Femme,,9,66818.08,1,Non,Oui,51657.87,Non
73,15706005,Roberts,674,France,Homme,46.0,2,87350.525,1,Oui,Non,45094.86,Oui
74,15644119,Sochima,531,France,Homme,31.0,3,0.0,1,Oui,Oui,21294.665,Non
75,15669656,Macdonald,632,France,Homme,32.0,6,55794.665,1,Oui,Oui,85191.495,Non
76,15809654,Hsia,707,France,Femme,46.0,7,63738.365,2,Oui,Oui,73005.775,Non
77,15801488,Buckner,723,France,Homme,25.0,3,0.0,2,Oui,Oui,67254.735,Non
78,15662908,Davidson,795,Allemagne,Homme,38.0,7,62951.61,2,Oui,Oui,63534.46,Non
79,15690175,Ball,585,Espagne,Homme,45.0,0,0.0,2,Non,Non,94841.85,Non
80,15565779,Kent,627,Allemagne,Femme,30.0,6,28904.66,1,Oui,Non,94129.245,Non
81,15617476,Manfrin,546,France,Femme,30.0,5,0.0,2,Non,Oui,,Non
82,15606149,Wood,571,Allemagne,Femme,66.0,9,55788.505,1,Non,Oui,94635.95,Non
83,15801832,Lombardo,684,Allemagne,Homme,42.0,1,58845.5,1,Oui,Oui,11567.825,Oui
84,15805025,Oster,636,France,Femme,45.0,7,69929.615,1,Oui,Oui,54201.27,Non
85,15713819,Walsh,562,France,Homme,48.0,3,46173.98,1,Oui,Oui,81558.375,Non
86,15775590,Mackay,482,Allemagne,Femme,48.0,2,34664.735,1,Non,Non,51320.26,Oui
87,15574072,Ch'ien,786,France,Femme,,8,0.0,1,Oui,Oui,82851.32,Non
88,15720943,Pirozzi,747,France,Femme,45.0,1,57479.56,1,Oui,Non,,Oui
89,15733111,Yeh,688,Espagne,Homme,,6,62089.65,1,Oui,Oui,69379.575,Non
90,15809509,Venables,699,France,Homme,29.0,3,62844.645,1,Oui,Oui,75811.855,Non
91,15676156,Boyle,528,France,Femme,,4,42807.83,2,Oui,Non,78096.215,Non
92,15661409,Shen,542,France,Femme,42.0,1,0.0,1,Oui,Oui,89128.29,Oui
93,15639133,Ku,773,France,Femme,50.0,4,0.0,2,Oui,Non,64686.47,Non
94,15798521,Tai,675,Espagne,Homme,33.0,3,0.0,2,Oui,Non,22674.04,Non
95,15609637,Nkemakolam,652,,Homme,51.0,7,0.0,2,Non,Oui,21748.18,Non
96,15644174,Marchesi,638,Allemagne,Homme,27.0,4,67548.025,1,Oui,Oui,93261.86,Oui
97,15793723,Ch'iu,607,Allemagne,Homme,32.0,9,72136.035,2,Oui,Non,88290.315,Non
98,15802758,Chinwendu,594,Allemagne,Femme,23.0,4,52376.92,2,Oui,Non,28378.26,Oui
99,15609987,Smith,755,,Homme,42.0,2,59959.56,1,Oui,Non,78434.105,Non
100,15607986,Nnamutaezinwa,555,France,Homme,40.0,10,69965.09,1,Oui,Oui,52860.045,Non
101,15672056,Kenenna,710,Allemagne,Homme,43.0,2,70040.16,3,Oui,Oui,78954.095,Oui
102,15584113,Pratt,823,Allemagne,Femme,53.0,4,62477.47,1,Non,Oui,65629.8,Oui
103,15628530,Booth,694,France,Homme,42.0,3,78432.1,2,Non,Non,44445.375,Non
104,15779267,Onyemere,584,France,Homme,47.0,5,0.0,2,Oui,Non,44643.145,Non
105,15611171,Fowler,740,France,Homme,33.0,1,64787.49,1,Oui,Oui,61650.19,Non
106,15585041,Ainsworth,511,France,Homme,33.0,7,0.0,2,Non,Oui,79156.935,Non
107,15726494,Romani,481,France,Homme,44.0,9,87651.53,1,Oui,Non,32750.265,Oui
108,15679663,Chiazagomekpere,488,France,Femme,36.0,0,0.0,2,Oui,Non,68337.61,Non
109,15679029,Kung,718,France,Homme,33.0,7,51437.14,1,Non,Non,58920.53,Non
110,15595728,Thomas,523,Allemagne,Homme,41.0,0,59638.155,1,Non,Non,61142.19,Oui
111,15689602,Findlay,698,France,Homme,38.0,2,65007.62,1,Oui,Oui,20797.65,Non
112,15616213,Levy,555,Allemagne,Femme,51.0,9,69107.25,1,Oui,Non,99357.635,Oui
113,15626141,Fedorov,750,France,Femme,26.0,1,75755.085,2,Oui,Oui,9960.86,Non
114,15596800,Hill,779,Allemagne,Homme,33.0,1,79228.38,1,Oui,Oui,98500.46,Oui
115,15713517,Otitodilinna,529,France,Homme,39.0,6,51012.54,2,Oui,Non,6175.505,Non
116,15806184,Burns,618,Espagne,Homme,33.0,4,0.0,2,Oui,Oui,38775.09,Non
117,15572361,Chill,790,Allemagne,Femme,34.0,2,82005.74,1,Oui,Non,99710.205,Non
118,15812351,Beluchi,710,Espagne,Femme,,2,67638.98,1,Oui,Non,71100.075,Non
119,15642345,Y?,714,Allemagne,Femme,49.0,4,46529.67,1,Oui,Non,3785.755,Oui
120,15732430,H?,850,Espagne,Femme,54.0,4,60476.37,1,Oui,Non,33481.575,Non
121,15730287,Ugonna,679,France,Homme,41.0,8,73863.49,3,Oui,Non,,Oui
122,15718852,Uren,794,France,Homme,56.0,9,48475.605,1,Oui,Oui,35888.38,Non
123,15622305,Martin,746,Allemagne,Femme,33.0,2,53934.07,2,Oui,Oui,73096.2,Non
124,15634295,Wilson,470,France,Homme,35.0,1,48236.795,1,Non,Non,2981.15,Non
125,15685628,Calabresi,670,Espagne,Homme,35.0,2,62134.32,2,Non,Oui,42160.515,Non
126,15786739,Clements,669,France,Homme,37.0,1,62764.775,1,Oui,Oui,81130.465,Non
127,15633352,Okwukwe,628,France,Femme,31.0,6,87721.875,1,Oui,Non,56583.585,Oui
128,15762821,Udinese,721,Espagne,Homme,33.0,5,0.0,2,Non,Oui,58813.45,Non
129,15814331,Lung,597,Allemagne,Femme,43.0,7,59563.73,2,Oui,Non,27904.96,Non
130,15628298,Johnstone,500,Espagne,Femme,47.0,8,64243.055,1,Oui,Non,89613.56,Non
131,15713673,T'ien,494,France,Femme,33.0,1,68926.5,1,Non,Oui,45136.925,Non
132,15575002,Ferguson,676,France,Homme,29.0,4,70360.465,1,Oui,Non,18110.59,Non
133,15568506,Forbes,524,Allemagne,Femme,31.0,10,33619.49,2,Oui,Oui,,Non
134,15694125,McElhone,669,France,Homme,57.0,5,0.0,2,Oui,Oui,,Non
135,15566790,McIntyre,598,France,Homme,28.0,8,64995.88,2,Non,Oui,23020.54,Non
136,15656829,Hughes,577,Espagne,Femme,33.0,6,0.0,2,Oui,Non,,Non
137,15738721,Graham,773,Espagne,Homme,41.0,9,51413.72,1,Non,Oui,32297.625,Non
138,15736717,Ma,602,France,Homme,31.0,7,77635.915,1,Oui,Oui,89723.155,Non
139,15586974,Pearce,656,France,Homme,39.0,10,0.0,2,Oui,Oui,49447.32,Non
140,15783276,Forbes,725,France,Femme,25.0,9,0.0,2,Oui,Oui,84303.87,Non
141,15600781,Wu,699,Allemagne,Homme,34.0,4,92586.905,2,Oui,Non,60417.24,Non
142,15570299,Martin,584,Allemagne,Femme,31.0,6,76311.17,1,Oui,Non,,Non
143,15795246,Kaeppel,628,Allemagne,Femme,51.0,9,77951.91,2,Oui,Oui,35579.92,Non
144,15659428,Maggard,520,Espagne,Femme,42.0,6,0.0,2,Oui,Oui,17205.275,Non
145,15745433,Conti,716,Allemagne,Femme,30.0,2,102885.39,2,Non,Non,32732.33,Non
146,15669262,Maslov,765,France,Homme,43.0,9,78980.245,2,Non,Non,68301.4,Non
147,15757661,Trevisano,589,France,Femme,39.0,7,0.0,2,Non,Non,47992.82,Non
148,15680303,Gibson,594,France,Homme,57.0,6,0.0,1,Oui,Non,9688.28,Oui
149,15668445,Mai,521,France,Homme,37.0,2,0.0,2,Oui,Oui,43186.12,Non
150,15702380,De Luca,663,Espagne,Homme,64.0,6,0.0,2,Non,Oui,7938.26,Non
151,15589323,Law,636,France,Femme,24.0,9,0.0,2,Non,Oui,19415.36,Non
152,15768887,Hsing,597,Espagne,Homme,26.0,5,0.0,2,Non,Oui,,Non
153,15724251,Todd,682,Allemagne,Femme,29.0,6,50506.385,1,Non,Non,16294.945,Oui
154,15630511,Picot,691,France,Femme,,6,0.0,2,Oui,Non,82037.445,Non
155,15732281,Ugoji,680,Allemagne,Homme,34.0,6,73211.11,1,Oui,Non,33571.485,Oui
156,15650488,Bromley,492,France,Femme,48.0,6,63626.99,1,Oui,Oui,46072.045,Oui
157,15778696,Ikemefuna,684,Espagne,Femme,36.0,5,87090.195,1,Oui,Non,59915.04,Non
158,15706552,Odinakachukwu,533,France,Homme,36.0,7,42655.85,1,Non,Oui,78365.955,Non
159,15767598,Kent,540,Espagne,Homme,28.0,8,0.0,2,Non,Non,98794.16,Non
160,15621520,Tang,783,Allemagne,Femme,42.0,2,69853.64,1,Oui,Non,1075.11,Non
161,15656300,Lucciano,411,France,Homme,29.0,0,29848.585,2,Oui,Oui,26741.605,Non
162,15757588,Wright,526,France,Homme,30.0,9,0.0,2,Non,Non,50497.84,Non
163,15642001,Lorenzen,576,Allemagne,Homme,44.0,9,59765.26,1,Oui,Non,59528.34,Oui
164,15784209,Tang,497,France,Homme,47.0,6,0.0,1,Oui,Oui,45027.54,Non
165,15767794,Browne,744,France,Homme,31.0,9,60359.14,1,Oui,Oui,29480.745,Non
166,15599195,Stiger,582,Allemagne,Homme,32.0,1,44469.31,1,Oui,Oui,5027.265,Non
167,15728480,Iloerika,452,France,Femme,35.0,8,0.0,2,Oui,Oui,74807.405,Non
168,15631222,Cattaneo,485,France,Femme,39.0,2,37669.82,1,Oui,Oui,35332.58,Non
169,15669491,Cruz,850,France,Femme,46.0,2,78933.385,1,Oui,Oui,9493.06,Non
170,15671969,Pruneda,649,,Homme,36.0,8,0.0,2,Oui,Non,80834.075,Non
171,15782899,Ginn,661,Espagne,Femme,28.0,7,47678.745,1,Non,Non,51148.575,Non
172,15724648,Chikezie,725,France,Homme,26.0,6,49342.075,1,Non,Non,66860.285,Non
173,15671769,Zikoranachidimma,624,France,Femme,71.0,4,85126.025,3,Oui,Oui,36839.795,Oui
174,15809847,Tan,668,France,Homme,46.0,0,0.0,2,Non,Non,14694.01,Non
175,15803716,West,706,Espagne,Homme,28.0,3,0.0,2,Non,Oui,90771.835,Non
176,15812191,Brennan,553,France,Homme,33.0,4,59041.445,1,Non,Non,47220.225,Non
177,15707144,Onyeorulu,571,Allemagne,Homme,25.0,6,41253.36,2,Oui,Non,83852.535,Non
178,15811032,Gambrell,477,Allemagne,Femme,58.0,8,72992.46,1,Oui,Oui,12282.35,Non
179,15722212,Edmondstone,696,France,Femme,41.0,8,0.0,2,Non,Non,14138.415,Non
180,15700749,Powell,481,France,Femme,39.0,6,0.0,1,Oui,Oui,,Non
181,15750121,Tung,639,France,Homme,38.0,3,0.0,1,Oui,Non,,Non
182,15735549,Lori,810,Allemagne,Homme,35.0,3,48407.23,2,Oui,Oui,60255.515,Non
183,15621063,Gibbons,516,France,Femme,42.0,8,28114.125,1,Oui,Non,23428.76,Non
184,15750156,Yu,662,Allemagne,Homme,59.0,2,52284.205,1,Oui,Non,4029.72,Oui
185,15807269,Milanesi,690,Allemagne,Homme,43.0,2,83261.39,1,Non,Non,59822.295,Oui
186,15606436,Bergamaschi,500,Espagne,Homme,38.0,7,0.0,2,Non,Non,96006.615,Non
187,15603134,Pai,656,Espagne,Femme,40.0,10,83939.25,1,Non,Oui,75943.58,Non
188,15629750,Artyomova,697,France,Homme,35.0,5,66543.88,1,Oui,Non,32385.805,Non
189,15648735,Cashin,718,France,Homme,37.0,8,0.0,2,Oui,Oui,71.405,Non
190,15716164,Nicholls,501,France,Femme,41.0,3,72130.25,1,Oui,Non,86057.335,Non
191,15707219,Hopman,844,France,Femme,28.0,4,0.0,2,Non,Oui,61659.185,Non
192,15693203,Powell,710,Espagne,Femme,75.0,5,0.0,2,Oui,Oui,4688.445,Non
193,15580252,Waters,748,France,Homme,44.0,4,56305.385,1,Non,Oui,1024.275,Non
194,15570769,Kibble,494,France,Homme,69.0,9,46660.4,1,Oui,Oui,12244.72,Non
195,15668775,Pendred,757,France,Homme,47.0,3,65373.55,1,Oui,Non,71914.77,Non
196,15812210,Yashina,497,Allemagne,Femme,32.0,8,55768.615,4,Oui,Oui,4748.995,Oui
197,15794870,Sal,744,Allemagne,Homme,38.0,6,36511.585,2,Oui,Non,39385.43,Non
198,15672821,Owen,591,France,Homme,28.0,5,0.0,2,Oui,Oui,24303.46,Non
199,15805955,L?,638,France,Femme,48.0,10,69166.515,1,Oui,Oui,23839.57,Non
200,15655590,Garcia,581,Espagne,Homme,46.0,2,39692.605,2,Non,Non,94246.41,Non
201,15660768,L?,604,France,Homme,,1,42157.51,1,Non,Non,18104.55,Non
202,15616365,Obiuto,571,France,Femme,53.0,2,0.0,2,Oui,Non,14022.885,Non
203,15607178,Welch,850,Allemagne,Homme,38.0,3,27450.505,1,Oui,Oui,70037.775,Non
204,15756751,Griffiths,596,Espagne,Femme,54.0,0,39063.14,1,Oui,Oui,76741.455,Oui
205,15735782,MacDonald,528,France,Homme,31.0,9,60481.295,1,Oui,Non,2709.655,Non
206,15613772,Dalrymple,542,France,Homme,39.0,3,67548.385,1,Oui,Oui,7176.715,Oui
207,15688157,Padovano,683,Allemagne,Femme,39.0,2,23842.735,2,Oui,Oui,43009.74,Non
208,15775912,Mazzanti,698,France,Homme,48.0,4,50619.12,2,Non,Oui,88907.935,Oui
209,15773876,Tung,655,France,Femme,34.0,3,0.0,2,Oui,Non,79819.385,Non
210,15702919,Collins,729,Allemagne,Homme,30.0,6,31834.71,1,Oui,Non,72555.685,Non
211,15587177,Lloyd,646,France,Homme,36.0,6,62222.76,1,Oui,Non,44240.66,Non
212,15812365,Greco,850,France,Homme,40.0,8,51400.325,1,Oui,Non,30405.78,Non
213,15668889,Galgano,665,Allemagne,Femme,43.0,2,58161.135,4,Oui,Non,17820.06,Oui
214,15680430,Ajuluchukwu,601,Allemagne,Femme,49.0,4,48126.49,2,Oui,Non,52131.91,Non
215,15621440,Soto,694,France,Homme,38.0,1,0.0,2,Non,Oui,78429.1,Non
216,15590349,Rowland,732,France,Femme,36.0,9,0.0,1,Non,Non,1874.5,Oui
217,15761364,Nkemjika,679,France,Homme,30.0,9,0.0,2,Oui,Non,78935.775,Non
218,15599074,Ma,487,Espagne,Femme,40.0,6,68046.87,1,Non,Oui,96704.215,Non
219,15614168,Alexander,792,Allemagne,Femme,50.0,4,73355.38,1,Oui,Non,8264.2,Oui
220,15644724,Fan,472,France,Homme,31.0,4,29331.46,2,Non,Oui,36661.0,Non
221,15789563,Fiorentino,706,Allemagne,Femme,46.0,7,55644.09,1,Oui,Oui,74585.125,Oui
222,15595162,Cattaneo,708,Espagne,Femme,35.0,8,61285.345,1,Non,Non,99502.94,Non
223,15800793,St Clair,477,Allemagne,Femme,39.0,4,91245.785,1,Oui,Non,92915.36,Non
224,15711288,Hay,512,France,Homme,24.0,6,0.0,2,Oui,Non,18827.155,Non
225,15739123,Mellor,737,Allemagne,Homme,50.0,4,63776.425,2,Oui,Non,2112.555,Non
226,15660524,Hu,572,Allemagne,Femme,54.0,9,48691.265,1,Oui,Oui,97885.975,Non
227,15629002,Hamilton,747,Allemagne,Homme,36.0,8,51301.65,2,Oui,Oui,90346.805,Non
228,15592999,Reid,691,France,Femme,40.0,0,57732.99,1,Oui,Oui,30311.305,Non
229,15712303,Valentin,692,France,Homme,66.0,4,79866.01,1,Oui,Oui,59094.075,Non
230,15663883,Hansen,850,Allemagne,Homme,32.0,9,70913.665,2,Oui,Oui,74729.365,Non
231,15619529,Ndukaku,531,Espagne,Homme,27.0,8,66288.125,1,Non,Non,3611.46,Non
232,15720559,Heath,487,Allemagne,Femme,61.0,5,55184.015,1,Non,Non,5692.225,Oui
233,15725036,Jideofor,709,France,Homme,42.0,9,59273.355,1,Non,Oui,38571.425,Non
234,15610416,Christie,745,France,Femme,36.0,9,0.0,1,Oui,Non,9802.59,Oui
235,15680370,DeRose,492,France,Homme,39.0,7,0.0,2,Non,Oui,35661.615,Non
236,15670822,Palmer,719,France,Femme,22.0,7,57207.92,1,Oui,Oui,88748.7,Non
237,15714750,Northey,690,France,Femme,42.0,3,46289.07,2,Non,Non,,Non
238,15728474,Chienezie,558,Allemagne,Homme,32.0,4,54117.955,1,Oui,Oui,71891.64,Non
239,15588419,Johnston,651,,Femme,34.0,10,74481.23,1,Oui,Non,33194.715,Oui
240,15790750,Manfrin,592,Allemagne,Homme,36.0,10,61593.755,1,Non,Oui,73055.675,Non
241,15568904,Kruglova,608,Allemagne,Homme,34.0,3,53144.27,1,Oui,Oui,18319.625,Non
242,15595937,Bruno,430,Allemagne,Homme,36.0,1,69496.24,2,Non,Non,61186.71,Non
243,15706021,Buley,665,France,Femme,34.0,1,48322.77,2,Non,Non,85706.83,Non
244,15792565,Duncan,745,France,Femme,46.0,7,0.0,2,Oui,Oui,33884.97,Non
245,15771942,Tikhonov,528,Allemagne,Femme,46.0,9,67777.83,1,Oui,Non,66573.015,Oui
246,15638149,Rowley,528,France,Homme,37.0,6,51886.225,1,Oui,Non,98555.995,Non
247,15719212,T'ien,491,,Homme,33.0,5,41567.15,1,Oui,Non,93973.275,Non
248,15794661,Liu,674,Espagne,Homme,32.0,2,0.0,2,Oui,Non,70289.585,Non
249,15591433,Miles,674,Allemagne,Homme,43.0,8,42978.94,2,Oui,Non,4378.695,Non
250,15805704,Murphy,745,France,Femme,32.0,2,0.0,4,Non,Oui,89852.565,Oui
251,15686588,Manfrin,777,France,Femme,28.0,2,67285.75,1,Non,Oui,59156.69,Non
252,15809248,Cole,524,France,Femme,36.0,10,0.0,2,Oui,Non,54807.285,Non
253,15637324,Kay,657,France,Femme,28.0,7,0.0,2,Non,Oui,2588.81,Non
254,15739578,Chiazagomekpere,850,France,Homme,49.0,6,64331.95,1,Oui,Non,32884.65,Oui
255,15766163,Zotova,676,,Homme,38.0,1,0.0,2,Non,Oui,17822.395,Non
256,15693382,Muir,828,France,Homme,31.0,9,0.0,1,Non,Oui,,Non
257,15704819,Ositadimma,734,Espagne,Femme,39.0,6,46063.13,2,Non,Non,56486.67,Non
258,15636912,Sneddon,678,Espagne,Homme,38.0,3,62241.765,1,Oui,Non,63126.655,Non
259,15794257,Hsiung,651,France,Homme,34.0,4,45781.495,1,Oui,Oui,61977.075,Non
260,15600626,Bradley,710,France,Homme,30.0,6,0.0,2,Oui,Oui,4495.585,Non
261,15763256,Sheppard,661,Allemagne,Femme,64.0,8,64375.825,2,Oui,Non,94699.09,Oui
262,15707602,Macleod,539,France,Femme,47.0,2,63643.02,2,Oui,Oui,83464.715,Oui
263,15798943,Alexander,646,France,Femme,46.0,8,0.0,2,Oui,Non,66529.575,Non
264,15670205,Boyd,518,Allemagne,Femme,41.0,5,55312.495,1,Oui,Non,44663.835,Non
265,15671209,Holden,593,Allemagne,Femme,29.0,5,50856.92,3,Oui,Non,67297.495,Non
266,15766064,Komarova,559,France,Homme,,9,55530.025,2,Oui,Non,55185.92,Non
267,15789557,Howell-Price,817,Allemagne,Femme,27.0,7,64905.3,1,Oui,Oui,29629.72,Non
268,15784687,Simmons,592,France,Homme,36.0,1,63238.71,1,Non,Non,,Non
269,15628123,Robinson,632,France,Femme,28.0,5,59445.405,1,Non,Oui,72578.985,Non
270,15600991,Artemieva,694,Allemagne,Homme,31.0,6,54526.295,2,Oui,Oui,9724.465,Oui
271,15763107,Little,700,France,Femme,30.0,9,0.0,1,Oui,Oui,87485.82,Non
272,15584288,Hung,629,France,Femme,33.0,6,0.0,2,Oui,Oui,29564.86,Non
273,15749265,Carslaw,427,Allemagne,Homme,42.0,1,37840.76,1,Oui,Oui,28549.0,Non
274,15800068,Cooper,801,Espagne,Femme,46.0,6,0.0,2,Oui,Oui,85004.37,Non
275,15776807,Brennan,654,France,Homme,29.0,1,0.0,1,Oui,Non,90172.72,Non
276,15765300,L?,596,Allemagne,Homme,40.0,5,31194.515,3,Oui,Non,74311.715,Oui
277,15752601,McCulloch,578,,Femme,40.0,7,0.0,2,Non,Non,,Non
278,15741728,Atkins,591,Espagne,Homme,36.0,7,67608.4,1,Oui,Oui,61011.445,Non
279,15736533,Monaldo,730,Allemagne,Femme,37.0,5,62026.515,1,Oui,Non,59295.835,Non
280,15784700,Chikelu,811,France,Homme,31.0,7,58899.64,1,Oui,Oui,91186.175,Non
281,15646594,Ali,749,France,Homme,41.0,5,28784.47,1,Oui,Oui,30564.145,Non
282,15622897,Sharpe,646,France,Femme,46.0,4,0.0,3,Oui,Non,46625.71,Oui
283,15742116,Torres,671,Allemagne,Femme,48.0,9,58355.53,2,Non,Non,38186.69,Non
284,15627859,Nebeolisa,607,Allemagne,Homme,29.0,7,51304.5,1,Oui,Non,81628.72,Non
285,15731951,Reilly,689,Espagne,Femme,,5,47664.3,1,Oui,Non,3064.805,Oui
286,15568449,Fu,661,Espagne,Homme,38.0,7,71503.35,1,Oui,Oui,7825.445,Non
287,15802060,Ch'ang,646,Allemagne,Femme,30.0,10,50274.335,2,Non,Non,68491.885,Non
288,15791268,Neumann,565,Espagne,Homme,38.0,0,61223.88,1,Non,Non,33669.67,Non
289,15723299,Sorokina,774,France,Homme,,4,56854.64,1,Oui,Oui,76943.965,Oui
290,15739857,Trentino,785,France,Femme,40.0,3,0.0,2,Oui,Oui,48416.41,Non
291,15659937,Otutodilinna,703,France,Femme,40.0,7,0.0,2,Non,Oui,61259.25,Non
292,15684722,Fraser,490,France,Homme,34.0,5,61476.45,2,Non,Non,77180.485,Non
293,15788480,Pagnotto,786,Allemagne,Femme,33.0,0,61162.79,1,Non,Non,17356.17,Oui
294,15574167,Fox,665,France,Homme,33.0,2,50643.055,1,Oui,Oui,79920.255,Non
295,15712068,Wan,592,Espagne,Homme,45.0,8,42346.25,1,Non,Oui,33607.01,Non
296,15617331,Sergeyeva,637,Allemagne,Femme,39.0,3,54849.205,1,Oui,Oui,44195.645,Oui
297,15654760,Su,811,France,Homme,,1,50757.445,1,Oui,Oui,60882.5,Non
298,15581323,White,488,Allemagne,Femme,28.0,7,69623.11,2,Oui,Non,53399.745,Non
299,15808189,Woodard,449,France,Homme,52.0,6,0.0,2,Non,Oui,61811.0,Non
300,15629985,Eidson,723,Allemagne,Femme,47.0,10,45225.0,2,Non,Non,51689.655,Oui
301,15644453,Loggia,606,Allemagne,Femme,41.0,4,66335.265,1,Oui,Non,78238.18,Oui
302,15579062,Chu,707,France,Homme,32.0,9,0.0,2,Non,Non,15403.51,Non
303,15579223,Niu,573,Allemagne,Homme,30.0,8,63703.25,1,Oui,Non,96475.3,Non
304,15750874,Onyemere,676,France,Homme,31.0,3,39495.075,1,Oui,Oui,62388.57,Non
305,15602312,Walkom,605,Espagne,Homme,33.0,5,75046.4,1,Non,Non,35931.395,Non
306,15746662,Maduabuchim,568,Espagne,Femme,27.0,1,58160.34,1,Non,Oui,22781.97,Non
307,15747558,Bryant,729,Espagne,Femme,38.0,10,0.0,2,Oui,Non,94863.56,Non
308,15683213,Bergamaschi,554,France,Femme,35.0,10,37494.295,2,Non,Oui,95077.565,Non
309,15604304,Perry,539,Allemagne,Femme,34.0,4,45811.21,1,Oui,Oui,68301.71,Non
310,15729557,Olisaemeka,850,,Homme,36.0,5,59992.035,1,Oui,Non,95767.555,Oui
311,15796115,Forbes,689,Allemagne,Femme,40.0,4,39059.795,4,Oui,Non,59629.67,Oui
312,15752502,Cooke,615,France,Homme,41.0,4,65192.91,1,Non,Oui,65330.975,Non
313,15736578,Hamilton,539,France,Homme,39.0,1,0.0,1,Oui,Oui,14092.35,Non
314,15734948,Igwebuike,601,Espagne,Homme,24.0,7,0.0,2,Non,Non,72330.21,Non
315,15773456,Lazareva,678,,Homme,36.0,3,72873.835,2,Non,Oui,44783.37,Non
316,15762793,Jones,850,Allemagne,Femme,36.0,0,68490.115,2,Oui,Oui,49509.825,Non
317,15723858,Schiavone,517,Espagne,Homme,39.0,3,0.0,2,Non,Oui,6232.755,Non
318,15636407,Beatham,793,Allemagne,Femme,34.0,5,63879.045,1,Oui,Non,71678.515,Non
319,15575430,Robson,579,France,Femme,33.0,1,59196.375,1,Oui,Oui,78782.375,Non
320,15565891,Dipietro,709,France,Homme,39.0,8,0.0,2,Oui,Non,28107.045,Non
321,15671534,Hovell,646,Allemagne,Femme,57.0,6,45106.0,1,Oui,Non,6955.635,Oui
322,15583840,Okechukwu,587,Allemagne,Homme,35.0,5,60931.805,1,Oui,Oui,11740.845,Oui
323,15791958,Mazzi,849,France,Femme,41.0,6,0.0,2,Oui,Oui,84601.755,Oui
324,15584785,Ogochukwu,660,France,Homme,37.0,2,48662.455,1,Oui,Non,11645.915,Non
325,15577423,Mosley,627,Allemagne,Femme,39.0,5,62293.465,1,Oui,Non,46566.305,Oui
326,15727361,Chiemela,547,France,Femme,51.0,1,0.0,2,Oui,Oui,28454.205,Non
327,15731669,Szabados,554,France,Homme,39.0,2,64854.81,1,Oui,Non,86598.56,Non
328,15798844,Chijindum,678,France,Homme,54.0,7,64457.485,1,Non,Non,95873.115,Oui
329,15777616,Pisani,605,Allemagne,Homme,28.0,10,56845.415,1,Oui,Non,16557.12,Non
330,15695034,Christie,757,France,Femme,44.0,4,61661.075,1,Oui,Non,68568.145,Non
331,15718106,Kelley,625,France,Homme,34.0,6,0.0,2,Non,Non,98641.6,Non
332,15762048,Yuan,841,Allemagne,Femme,33.0,7,77484.895,2,Oui,Oui,49752.875,Non
333,15801062,Matthews,557,Espagne,Femme,40.0,4,0.0,2,Non,Oui,52716.765,Non
334,15666043,Mackey,520,France,Homme,33.0,4,78148.79,2,Oui,Oui,83051.305,Non
335,15671800,Robinson,688,France,Homme,20.0,8,68812.2,2,Oui,Oui,98791.395,Non
336,15756926,Atherton,833,Allemagne,Homme,29.0,1,48231.125,2,Non,Oui,24493.09,Non
337,15602811,Chioke,730,Allemagne,Homme,38.0,0,19424.095,2,Non,Non,47001.555,Non
338,15765093,Coates,704,France,Homme,23.0,6,83297.39,1,Oui,Oui,77911.6,Non
339,15670066,Ibezimako,643,Espagne,Homme,34.0,6,0.0,2,Oui,Oui,58023.11,Non
340,15806256,Jackson,540,France,Homme,48.0,2,54674.645,1,Oui,Non,44351.52,Oui
341,15673223,Hou,626,France,Homme,44.0,10,0.0,2,Non,Non,82143.93,Non
342,15627830,Nikitina,640,Allemagne,Femme,30.0,5,16098.82,1,Non,Oui,70723.005,Non
343,15622230,Cribb,705,France,Femme,35.0,3,0.0,2,Non,Oui,33165.505,Non
344,15658504,Chiawuotu,584,Allemagne,Femme,62.0,9,68863.67,2,Non,Oui,60551.45,Non
345,15761783,Shah,577,France,Homme,41.0,6,0.0,1,Oui,Oui,83810.59,Non
346,15714080,Goliwe,566,Allemagne,Femme,40.0,2,48500.68,2,Oui,Non,77243.005,Non
347,15709451,Gordon,646,Allemagne,Femme,35.0,1,60976.375,2,Oui,Oui,71419.91,Non
348,15640133,Pai,661,France,Femme,34.0,0,0.0,2,Oui,Non,92777.815,Non
349,15738889,Shih,658,France,Homme,42.0,8,51435.465,1,Non,Oui,51882.275,Oui
350,15802088,Grant,521,Espagne,Femme,22.0,10,0.0,1,Oui,Oui,50655.975,Non
351,15637857,Woolacott,616,France,Femme,31.0,8,0.0,1,Non,Oui,38228.085,Non
352,15637169,Maclean,838,Espagne,Femme,67.0,4,51633.9,1,Oui,Oui,39155.02,Non
353,15748936,Whitehead,709,Espagne,Femme,45.0,2,0.0,2,Non,Oui,81461.325,Non
354,15606841,Ibbott,823,France,Homme,38.0,1,0.0,2,Oui,Non,78301.85,Non
355,15769125,Palerma,727,Espagne,Femme,41.0,10,0.0,2,Non,Oui,23734.28,Non
356,15625941,Gray,682,Espagne,Femme,50.0,10,64019.505,1,Oui,Oui,51130.08,Non
357,15735346,Wallace,527,Allemagne,Femme,41.0,10,68366.62,1,Oui,Oui,28794.645,Non
358,15620123,Christie,605,France,Homme,39.0,6,55584.955,1,Non,Non,4820.7,Non
359,15708357,Chapman,649,Espagne,Femme,38.0,8,0.0,1,Oui,Non,51880.265,Non
360,15585533,Calabrese,679,France,Homme,36.0,6,73866.82,1,Non,Oui,86250.69,Non
361,15782802,Beneventi,582,Allemagne,Homme,26.0,6,57225.16,1,Oui,Oui,7040.82,Non
362,15617507,Wilson,530,Espagne,Femme,36.0,7,0.0,2,Oui,Non,40309.545,Non
363,15581525,Walker,775,Allemagne,Homme,33.0,3,41750.83,2,Oui,Non,64420.655,Non
364,15603565,Mackenzie,603,Espagne,Femme,56.0,5,45389.38,2,Oui,Non,81111.835,Oui
365,15600357,Findlay,495,France,Femme,40.0,1,70098.855,2,Oui,Non,,Non
366,15769548,Hyde,668,France,Femme,37.0,7,64322.835,1,Oui,Non,46074.82,Non
367,15802869,Ball,737,Allemagne,Femme,45.0,2,49584.835,2,Oui,Oui,39325.475,Non
368,15743075,Ko,659,France,Homme,35.0,6,0.0,2,Oui,Oui,29439.555,Non
369,15618239,Neumann,530,France,Femme,48.0,0,0.0,1,Oui,Non,42540.545,Non
370,15752953,Chien,634,France,Homme,45.0,9,0.0,2,Non,Non,,Non
371,15700209,Walker,486,France,Homme,63.0,9,48504.575,1,Oui,Oui,42550.5,Non
372,15808023,Remington,836,France,Femme,29.0,9,66840.89,1,Oui,Oui,76873.865,Non
373,15744529,Chiekwugo,510,France,Homme,63.0,8,0.0,2,Oui,Oui,57645.93,Non
374,15672704,Jackson,809,France,Femme,24.0,4,0.0,2,Oui,Non,96759.38,Non
375,15746139,Enemuo,596,France,Homme,33.0,2,69725.835,1,Non,Non,31571.06,Non
376,15600086,Combs,717,,Homme,48.0,7,61882.475,1,Oui,Oui,84976.41,Non
377,15672912,Loggia,737,Espagne,Femme,39.0,7,65025.83,2,Non,Non,27678.195,Oui
378,15677377,Lawrence,543,Espagne,Homme,37.0,3,0.0,2,Oui,Oui,39457.84,Non
379,15686870,Ball,761,Allemagne,Homme,36.0,8,54119.555,2,Non,Non,49722.01,Non
380,15636756,Marino,545,France,Homme,23.0,2,0.0,2,Oui,Non,94806.56,Non
381,15604146,Kaodilinakachukwu,608,Allemagne,Femme,38.0,8,51826.755,2,Oui,Oui,68539.93,Non
382,15590097,Ch'eng,537,Espagne,Femme,33.0,7,68041.0,1,Oui,Non,31373.27,Non
383,15813303,Rearick,513,Espagne,Homme,88.0,10,0.0,2,Oui,Oui,26476.12,Non
384,15605684,Phelan,664,France,Femme,31.0,7,52079.42,1,Oui,Non,67084.925,Non
385,15699523,Chu,499,Allemagne,Femme,55.0,4,63408.825,2,Oui,Non,61634.855,Non
386,15625035,Mills,703,France,Homme,50.0,8,80069.795,2,Oui,Oui,39657.05,Non
387,15578671,Webb,706,Espagne,Femme,29.0,1,104745.105,1,Oui,Oui,,Oui
388,15662533,Porter,598,Espagne,Femme,23.0,6,0.0,2,Oui,Non,76614.595,Non
389,15707007,Onio,743,France,Femme,39.0,8,0.0,1,Oui,Non,47131.72,Non
390,15654156,Marcelo,722,Allemagne,Femme,32.0,5,53403.82,1,Oui,Oui,38499.345,Non
391,15710365,Thomson,646,France,Homme,50.0,0,52064.62,2,Oui,Non,90897.43,Oui
392,15612594,Ifeanacho,599,Espagne,Homme,25.0,3,0.0,2,Oui,Oui,60395.01,Non
393,15603851,Galkin,704,France,Homme,32.0,7,63892.585,4,Non,Non,92232.35,Oui
394,15588080,Giles,675,France,Homme,54.0,6,0.0,1,Oui,Non,55136.92,Oui
395,15733169,Craig,590,Espagne,Homme,22.0,7,62632.805,1,Oui,Oui,80626.54,Non
396,15644212,Han,644,Espagne,Homme,,0,0.0,2,Oui,Non,59709.685,Non
397,15679668,Yao,850,Espagne,Homme,38.0,7,57689.47,1,Non,Oui,81043.91,Non
398,15655238,Dellucci,668,France,Femme,31.0,9,0.0,2,Non,Non,20645.865,Non
399,15585047,Onyemere,715,France,Homme,,7,80188.305,1,Non,Non,98426.555,Non
400,15600882,Scott,635,Espagne,Femme,,7,0.0,2,Oui,Oui,32975.825,Non
401,15574910,Ferguson,601,France,Homme,,2,57812.535,1,Oui,Non,92927.605,Non
402,15790254,Wood,741,Espagne,Homme,50.0,1,39368.805,1,Oui,Oui,6509.48,Non
403,15645059,Crace,711,,Femme,28.0,8,0.0,2,Non,Non,52579.945,Non
404,15721433,Hixson,664,France,Femme,38.0,4,37153.095,2,Oui,Non,77197.78,Non
405,15601172,Nelson,672,France,Homme,31.0,6,45562.875,1,Oui,Non,88647.96,Non
406,15591257,Ejimofor,796,France,Homme,24.0,8,0.0,2,Oui,Non,30674.685,Non
407,15723721,Tinline,543,France,Homme,30.0,4,70458.405,1,Oui,Non,78855.59,Non
408,15609070,Findlay,515,Allemagne,Homme,45.0,7,60480.75,3,Oui,Oui,19644.055,Oui
409,15776047,Nicholls,620,France,Femme,29.0,3,0.0,2,Non,Oui,76696.14,Non
410,15728669,Knowles,584,Allemagne,Femme,30.0,8,56006.905,1,Oui,Non,88886.015,Oui
411,15585192,Cremonesi,686,Espagne,Homme,39.0,10,68129.03,1,Non,Non,44599.755,Non
412,15675854,Douglas,573,Espagne,Homme,50.0,0,79652.035,1,Non,Oui,77957.62,Oui
413,15774727,Monaldo,757,Allemagne,Femme,34.0,1,64699.005,2,Non,Non,22482.72,Non
414,15657778,Jefferson,657,France,Homme,33.0,1,42154.785,2,Non,Non,51957.2,Non
415,15773338,Endrizzi,739,France,Homme,58.0,2,50789.64,1,Oui,Oui,36084.265,Non
416,15599124,Miller,832,France,Femme,29.0,5,0.0,2,Oui,Non,89389.76,Non
417,15673693,Reppert,682,France,Femme,26.0,0,55327.01,1,Non,Oui,55939.605,Non
418,15642160,Milanesi,850,France,Homme,38.0,5,0.0,2,Oui,Non,8245.82,Non
419,15658972,Foster,699,France,Femme,40.0,8,61019.17,1,Oui,Non,51042.675,Non
420,15792627,Reid,765,Espagne,Femme,33.0,5,42278.91,1,Oui,Oui,34519.715,Non
421,15677317,Ankudinova,570,,Femme,29.0,4,76520.015,1,Oui,Oui,65681.785,Oui
422,15677049,O'Brien,595,Allemagne,Femme,25.0,7,53285.17,2,Non,Oui,88512.895,Non
423,15659568,Atkinson,850,Espagne,Femme,31.0,3,60618.825,1,Oui,Oui,15511.28,Non
424,15744423,Cocci,561,France,Homme,32.0,5,0.0,2,Oui,Non,42435.995,Non
425,15709354,Tudawali,521,France,Femme,41.0,2,0.0,2,Oui,Oui,56544.715,Non
426,15752809,De Mestre,702,Espagne,Homme,43.0,6,58060.835,1,Oui,Non,30801.21,Non
427,15568819,Chiganu,619,Allemagne,Femme,42.0,8,66398.02,3,Oui,Oui,95910.675,Oui
428,15727688,Chizuoke,555,Espagne,Homme,32.0,4,0.0,2,Oui,Oui,27202.895,Non
429,15680666,Berry,579,Espagne,Femme,39.0,2,75981.63,2,Oui,Non,,Non
430,15632280,Toth,544,Espagne,Femme,53.0,9,0.0,1,Oui,Non,62846.035,Oui
431,15680243,Brown,792,France,Homme,19.0,7,71695.255,1,Oui,Non,16641.42,Non
432,15706116,McKay,659,Allemagne,Femme,30.0,8,77079.755,1,Oui,Non,20220.55,Non
433,15594720,Scott,460,Allemagne,Femme,35.0,8,51371.455,2,Oui,Oui,,Non
434,15771966,Akobundu,557,,Homme,39.0,8,73100.005,1,Oui,Non,88972.32,Non
435,15623525,Copeland,564,Espagne,Homme,31.0,0,62587.79,1,Oui,Oui,36378.665,Non
436,15684958,Amadi,489,Allemagne,Homme,38.0,2,63222.04,2,Oui,Oui,41331.365,Non
437,15678173,Collee,629,Espagne,Homme,35.0,4,87294.4,2,Non,Oui,79210.07,Non
438,15769582,Kang,586,France,Homme,29.0,3,0.0,2,Oui,Oui,71119.27,Non
439,15767864,Fulton,628,France,Homme,33.0,6,0.0,2,Non,Non,92115.115,Non
440,15641934,Manna,749,Espagne,Femme,46.0,9,33291.405,1,Oui,Non,39376.56,Oui
441,15663294,Kao,703,France,Homme,32.0,1,62842.895,1,Oui,Oui,28123.36,Non
442,15629545,Buckley,790,Espagne,Femme,41.0,7,54754.34,1,Non,Non,43388.19,Non
443,15789413,Fitzgerald,733,France,Homme,64.0,3,0.0,2,Oui,Oui,37636.315,Non
444,15772933,Mai,591,Espagne,Homme,31.0,8,0.0,1,Oui,Oui,70838.665,Non
445,15745621,Wertheim,640,Espagne,Femme,32.0,6,59439.675,2,Oui,Oui,9565.855,Non
446,15613140,Mellor,565,France,Homme,34.0,6,0.0,1,Oui,Oui,31586.82,Non
447,15740846,Wei,556,France,Homme,40.0,5,62954.925,1,Oui,Oui,47562.2,Non
448,15675256,Ts'ui,555,Espagne,Homme,33.0,5,63671.7,1,Non,Oui,60894.65,Non
449,15744607,Martin,738,Allemagne,Homme,43.0,9,60576.025,2,Oui,Non,32083.35,Oui
450,15795129,Gallo,799,France,Femme,30.0,9,0.0,2,Oui,Non,68413.98,Non
451,15795564,Moretti,737,Allemagne,Homme,31.0,5,60596.11,2,Oui,Oui,37445.29,Non
452,15628863,Calabresi,601,France,Homme,38.0,4,30006.905,1,Oui,Oui,19010.025,Non
453,15705113,P'an,685,Espagne,Homme,34.0,6,41632.14,1,Non,Non,4831.64,Non
454,15809906,Mitchell,558,Allemagne,Homme,26.0,1,74426.645,2,Oui,Oui,12205.51,Non
455,15618018,Dickson,571,France,Femme,35.0,1,52391.905,2,Non,Oui,89256.26,Non
456,15743192,Hung,623,France,Femme,44.0,6,0.0,2,Non,Non,83581.215,Non
457,15697997,Jamieson,602,France,Homme,33.0,5,82352.19,1,Non,Oui,90358.05,Oui
458,15664615,Nnachetam,689,Allemagne,Femme,30.0,5,68325.445,1,Oui,Oui,20932.86,Oui
459,15624188,Chiu,712,France,Femme,33.0,6,0.0,2,Oui,Oui,95343.08,Non
460,15614049,Hu,664,France,Homme,55.0,8,0.0,2,Oui,Oui,69580.82,Non
461,15688085,Warner,627,Espagne,Femme,28.0,3,78798.805,1,Non,Oui,17048.61,Non
462,15577598,Chiang,651,Espagne,Homme,23.0,4,57818.025,2,Oui,Non,35200.43,Non
463,15616451,Genovese,697,France,Femme,47.0,6,64126.33,1,Oui,Oui,84026.7,Non
464,15571940,Afamefula,579,Espagne,Homme,22.0,3,59340.285,1,Oui,Oui,24914.9,Non
465,15788920,Ch'ang,836,Allemagne,Femme,32.0,4,54598.335,2,Oui,Non,27609.01,Non
466,15752312,Howells,551,Espagne,Homme,49.0,1,75388.86,2,Oui,Oui,67878.635,Non
467,15597309,Howell,749,Espagne,Homme,36.0,7,0.0,2,Non,Non,40067.325,Non
468,15725664,Wallace,549,France,Femme,38.0,8,53641.7,1,Non,Non,78721.375,Non
469,15627840,Toscano,682,France,Femme,42.0,0,0.0,1,Non,Oui,45990.925,Oui
470,15578186,Pirozzi,486,Allemagne,Homme,37.0,9,57608.995,2,Oui,Non,72497.665,Non
471,15798310,Palerma,480,France,Homme,35.0,2,82846.455,1,Oui,Oui,98992.29,Non
472,15658935,Freeman,630,Allemagne,Femme,34.0,9,53468.525,2,Oui,Non,69137.505,Non
473,15606397,Cameron,577,Allemagne,Femme,44.0,1,76043.075,1,Non,Oui,22359.75,Oui
474,15705676,Wardle,690,France,Femme,35.0,9,53972.165,2,Non,Non,24239.235,Non
475,15729956,Akabueze,726,Espagne,Femme,26.0,1,40390.08,1,Oui,Oui,9612.925,Non
476,15582404,Miller,572,Espagne,Femme,26.0,5,0.0,2,Oui,Non,,Non
477,15689955,Arcuri,461,France,Femme,40.0,7,0.0,2,Oui,Non,88273.9,Non
478,15717770,Marcelo,850,Espagne,Femme,55.0,7,0.0,1,Non,Non,,Oui
479,15700601,Dynon,561,France,Homme,34.0,1,39414.765,1,Oui,Oui,6074.1,Non
480,15661198,Howard,727,Allemagne,Homme,34.0,2,73203.555,1,Oui,Oui,36036.86,Non
481,15755242,Rowe,682,France,Femme,46.0,2,0.0,1,Oui,Oui,57221.33,Non
482,15701354,Boni,699,France,Femme,39.0,1,0.0,2,Non,Non,46913.315,Non
483,15803749,DeRose,498,Allemagne,Femme,41.0,4,43770.53,2,Oui,Oui,6288.605,Oui
484,15665053,Nixon,636,Espagne,Homme,52.0,4,55642.265,1,Non,Oui,16468.22,Oui
485,15693864,Iheanacho,567,Allemagne,Femme,49.0,5,67478.01,1,Oui,Non,46976.92,Oui
486,15711571,Y?,587,Espagne,Homme,42.0,5,60116.915,1,Oui,Non,97445.165,Non
487,15723856,Gonzalez,602,France,Femme,29.0,3,44407.2,2,Oui,Oui,31243.985,Non
488,15745307,Ch'iu,477,Espagne,Femme,48.0,2,64560.32,1,Non,Oui,13237.895,Non
489,15652266,Chidiebele,703,Allemagne,Homme,42.0,9,31613.5,1,Non,Oui,68658.16,Non
490,15696703,Dean,691,Allemagne,Homme,27.0,3,80179.34,2,Oui,Non,,Non
491,15640825,Loyau,695,Espagne,Homme,46.0,3,61274.82,1,Oui,Oui,28148.925,Non
492,15629519,Yen,472,France,Femme,37.0,1,0.0,2,Oui,Oui,24178.95,Non
493,15710111,Clark,742,France,Homme,33.0,6,0.0,2,Non,Non,19275.2,Non
494,15638788,Mack,550,France,Homme,32.0,8,48757.035,1,Oui,Oui,99569.42,Non
495,15685372,Azubuike,350,Espagne,Homme,54.0,1,76338.74,1,Oui,Oui,95986.745,Oui
496,15623695,McKinnon,814,France,Femme,31.0,4,0.0,2,Oui,Oui,71014.585,Non
497,15592914,Fang,683,France,Femme,29.0,9,0.0,2,Oui,Oui,24424.945,Non
498,15758056,Calabresi,558,France,Homme,35.0,1,0.0,2,Non,Non,55843.785,Non
499,15770225,Padovesi,493,France,Homme,36.0,9,0.0,2,Oui,Oui,32908.265,Non
500,15721793,Chiu,510,Allemagne,Femme,50.0,7,61968.27,1,Oui,Oui,11884.005,Non
501,15789313,Ugorji,595,,Femme,44.0,4,48276.76,2,Oui,Non,71976.12,Oui
502,15697678,Maxwell,590,Allemagne,Homme,36.0,6,46170.345,2,Oui,Oui,87333.79,Non
503,15583680,White,615,Espagne,Homme,41.0,4,0.0,1,Non,Oui,74639.48,Non
504,15765487,Kuo,753,Allemagne,Femme,38.0,9,75883.355,1,Oui,Oui,90414.995,Non
505,15660316,Stephenson,420,Allemagne,Femme,34.0,1,67774.95,1,Non,Non,74735.565,Oui
506,15794396,Newbold,494,Allemagne,Femme,38.0,7,87468.82,1,Oui,Non,20042.16,Non
507,15773276,Townsend,633,Espagne,Homme,63.0,4,57276.3,1,Oui,Non,36928.14,Oui
508,15590213,Ch'en,479,Espagne,Homme,35.0,4,62960.49,1,Oui,Oui,10196.72,Non
509,15584518,Arthur,589,Allemagne,Femme,50.0,5,72447.525,2,Oui,Oui,17470.615,Non
510,15589380,Fraser,713,Allemagne,Homme,40.0,3,57223.42,2,Oui,Oui,43654.09,Non
511,15576928,Walsh,573,France,Femme,23.0,2,0.0,1,Oui,Non,61482.09,Non
512,15600575,Padovano,802,Espagne,Homme,,6,0.0,2,Oui,Non,,Non
513,15792868,Mickey,675,France,Homme,69.0,1,0.0,2,Oui,Non,78548.545,Non
514,15776545,Napolitani,682,France,Homme,28.0,10,100362.48,1,Non,Oui,41436.32,Oui
515,15720463,Ho,796,France,Homme,30.0,2,68631.355,2,Oui,Non,,Non
516,15788930,Silva,761,Espagne,Homme,37.0,7,66365.085,1,Oui,Non,99646.505,Non
517,15674433,Allan,636,Allemagne,Femme,28.0,2,57632.57,1,Non,Non,95813.925,Non
518,15735400,Kanayochukwu,756,France,Homme,28.0,8,89980.1,1,Oui,Non,44969.04,Non
519,15812262,Gaffney,808,Allemagne,Femme,37.0,2,50215.92,1,Oui,Non,17570.245,Oui
520,15721116,Napolitano,597,Espagne,Homme,,0,54029.035,2,Oui,Oui,93913.055,Non
521,15700656,Balashova,662,France,Homme,32.0,9,0.0,2,Non,Non,32544.69,Non
522,15632826,Tardent,493,France,Homme,38.0,3,67003.385,1,Oui,Non,44789.16,Non
523,15663478,Baldwin,729,France,Homme,32.0,6,46847.21,1,Oui,Oui,39959.565,Non
524,15620758,Martel,660,Espagne,Homme,30.0,4,0.0,2,Oui,Non,64574.53,Non
525,15684461,McKay,469,Espagne,Femme,31.0,6,0.0,1,Oui,Non,73106.875,Oui
526,15750458,Hawkins,693,France,Femme,39.0,4,0.0,2,Non,Oui,71165.695,Non
527,15603942,Hawthorn,547,Allemagne,Homme,50.0,3,40645.01,3,Non,Oui,88873.515,Oui
528,15681509,McKay,679,Espagne,Femme,28.0,9,0.0,2,Non,Oui,30880.885,Non
529,15598493,Beach,656,France,Homme,50.0,7,0.0,2,Non,Oui,36071.72,Non
530,15600478,Watson,752,France,Homme,39.0,3,0.0,1,Oui,Non,94093.525,Non
531,15578006,Yao,787,France,Femme,85.0,10,0.0,2,Oui,Oui,58268.98,Non
532,15808223,Lea,615,Espagne,Homme,41.0,1,63386.715,1,Oui,Oui,27775.63,Non
533,15656726,Ch'ien,771,France,Homme,32.0,5,31160.81,1,Oui,Oui,20460.295,Non
534,15798084,Murray,688,France,Homme,,0,0.0,2,Oui,Non,52892.425,Non
535,15671630,McMillan,796,Allemagne,Femme,40.0,1,49872.975,1,Oui,Non,88762.095,Non
536,15657349,Carter,803,Allemagne,Femme,50.0,8,49086.51,1,Non,Non,11228.625,Oui
537,15798053,Nnachetam,707,Espagne,Homme,32.0,9,0.0,2,Oui,Non,63237.895,Non
538,15788291,Okwuadigbo,713,Allemagne,Femme,38.0,7,72303.11,1,Oui,Oui,28297.18,Oui
539,15805112,Pokrovsky,578,France,Homme,38.0,7,41129.645,1,Oui,Non,4498.485,Non
540,15810942,Chiemela,445,Allemagne,Femme,61.0,2,68827.655,1,Non,Oui,14954.92,Non
541,15778694,Sievier,638,Allemagne,Femme,26.0,1,52624.88,2,Oui,Oui,11745.545,Non
542,15643361,Cullen,477,Allemagne,Homme,34.0,8,69979.775,2,Oui,Oui,94937.915,Non
543,15777614,Webb,545,Espagne,Femme,44.0,1,0.0,2,Oui,Oui,41307.445,Non
544,15793307,Calabresi,724,Espagne,Femme,41.0,4,71440.14,3,Non,Non,92770.6,Oui
545,15732061,Liu,850,Allemagne,Femme,45.0,1,60937.445,1,Non,Non,3432.705,Oui
546,15701972,Parsons,684,France,Homme,35.0,3,68589.695,1,Oui,Oui,18632.055,Non
547,15731117,Kao,437,Espagne,Homme,28.0,2,54580.625,1,Oui,Non,76493.71,Non
548,15794178,Walpole,657,France,Homme,34.0,3,53568.3,1,Oui,Non,76947.73,Non
549,15684469,Hsiung,841,Allemagne,Homme,32.0,2,58535.105,1,Oui,Non,56741.1,Non
550,15757648,Marshall,683,Allemagne,Femme,35.0,5,47849.395,1,Non,Oui,91283.38,Non
551,15573242,Greene,691,,Homme,50.0,6,68476.735,1,Oui,Oui,1352.49,Non
552,15695301,Matthews,504,Espagne,Homme,44.0,4,56761.32,1,Oui,Oui,6202.6,Non
553,15624388,Henderson,649,Allemagne,Femme,50.0,5,77696.66,1,Oui,Oui,43675.71,Oui
554,15642570,Scott,675,Espagne,Homme,35.0,8,0.0,2,Oui,Non,14531.125,Non
555,15580149,Fowler,638,Espagne,Homme,41.0,7,0.0,2,Oui,Non,21944.705,Non
556,15775750,Yao,686,France,Homme,37.0,9,67280.31,1,Oui,Non,13798.195,Non
557,15668323,Mbadiwe,678,France,Femme,41.0,1,71721.805,1,Oui,Non,98311.14,Oui
558,15746035,Pagnotto,450,Espagne,Homme,,9,37118.6,2,Non,Oui,97731.675,Non
559,15758702,Watson,705,France,Femme,55.0,8,0.0,2,Oui,Oui,7196.34,Non
560,15698528,Napolitani,599,Espagne,Femme,31.0,3,0.0,1,Oui,Oui,65043.235,Oui
561,15747927,Ch'in,758,France,Homme,26.0,4,77869.88,1,Oui,Non,85776.01,Non
562,15577515,Sung,554,Allemagne,Femme,55.0,0,54238.635,1,Non,Oui,70001.5,Oui
563,15697686,Stewart,787,France,Femme,40.0,6,0.0,2,Oui,Oui,42075.99,Non
564,15736371,Kennedy,633,France,Femme,34.0,3,61517.215,2,Oui,Oui,19157.52,Non
565,15598331,Morgan,764,France,Femme,40.0,9,50240.265,1,Oui,Non,62047.845,Non
566,15741385,Gallop,710,Allemagne,Homme,45.0,9,54115.685,1,Oui,Oui,94287.04,Non
567,15791867,Hicks,544,Allemagne,Homme,44.0,2,54447.965,1,Non,Non,34614.1,Oui
568,15671351,Romani,624,Espagne,Homme,35.0,2,0.0,2,Oui,Non,43655.295,Non
569,15648794,Giordano,836,Espagne,Homme,57.0,4,50623.53,1,Oui,Non,18570.81,Oui
570,15612350,Taylor,691,France,Femme,31.0,5,20457.775,1,Oui,Non,63106.92,Oui
571,15652084,Boni,515,France,Homme,40.0,0,54771.145,1,Oui,Oui,83185.405,Non
572,15637427,Lu,461,Espagne,Femme,25.0,6,0.0,2,Oui,Oui,7653.145,Non
573,15799635,Arbour,577,Espagne,Homme,51.0,2,54433.5,1,Non,Non,70400.33,Oui
574,15580068,Buccho,526,Espagne,Homme,,5,0.0,2,Oui,Oui,52809.07,Non
575,15631162,Bergamaschi,631,France,Homme,32.0,10,0.0,2,Non,Oui,98171.33,Non
576,15781619,Stevenson,785,France,Femme,38.0,1,0.0,1,Oui,Non,67482.425,Oui
577,15574523,Cheng,576,France,Homme,39.0,1,0.0,2,Oui,Oui,34407.115,Non
578,15812893,Costa,629,France,Femme,39.0,10,0.0,2,Oui,Oui,21587.245,Oui
579,15669253,Gibson,754,Espagne,Homme,39.0,7,78845.99,2,Oui,Non,66800.445,Oui
580,15620988,Murray,616,France,Homme,46.0,2,0.0,2,Oui,Non,68568.23,Non
581,15690695,Flynn,683,France,Femme,,9,0.0,2,Oui,Oui,19392.21,Non
582,15575119,Hughes,779,France,Homme,71.0,3,0.0,2,Oui,Oui,73447.68,Oui
583,15569682,Leckie,768,Allemagne,Homme,37.0,9,54154.055,1,Oui,Non,20894.125,Oui
584,15757837,Kao,584,Allemagne,Homme,33.0,3,44155.74,2,Oui,Oui,88825.69,Non
585,15615029,Munro,734,Espagne,Homme,39.0,6,0.0,1,Oui,Oui,47567.635,Non
586,15658670,Chien,669,France,Femme,38.0,8,0.0,2,Oui,Non,42024.58,Non
587,15802466,Donaldson,534,France,Femme,53.0,7,0.0,2,Oui,Oui,40309.585,Non
588,15720820,Sabbatini,462,Allemagne,Femme,24.0,9,34940.545,2,Non,Oui,32210.51,Non
589,15568006,Ukaegbunam,634,France,Femme,,2,0.0,4,Oui,Non,,Oui
590,15643438,P'eng,850,France,Homme,20.0,7,0.0,2,Oui,Non,15644.385,Non
591,15645544,Nekrasov,642,Allemagne,Femme,30.0,5,64876.845,1,Oui,Non,291.265,Non
592,15655252,Larionova,758,Allemagne,Homme,41.0,10,39928.82,1,Oui,Oui,39044.085,Non
593,15662021,Lucciano,685,Espagne,Femme,42.0,2,0.0,2,Non,Non,99996.24,Non
594,15716431,Brookes,775,France,Femme,30.0,10,95545.87,2,Oui,Oui,48085.19,Non
595,15599090,McKelvey,564,Allemagne,Homme,40.0,7,54203.67,1,Oui,Oui,41840.6,Non
596,15686060,Chou,670,Allemagne,Homme,43.0,9,55838.94,1,Oui,Non,89413.65,Oui
597,15744606,Davidson,832,Espagne,Homme,29.0,8,46916.93,1,Non,Oui,5208.935,Non
598,15634602,Hargrave,619,France,Femme,42.0,2,0.0,1,Oui,Oui,50674.44,Oui
599,15805312,Bellucci,607,France,Homme,45.0,7,61929.8,1,Non,Oui,56525.785,Non
600,15705953,Kodilinyechukwu,721,Espagne,Homme,51.0,0,84656.065,1,Oui,Non,54539.175,Oui
601,15576256,Yusupova,582,France,Homme,39.0,5,0.0,2,Oui,Oui,64946.465,Non
602,15627514,Short,688,Espagne,Femme,46.0,3,0.0,2,Non,Oui,52451.34,Non
603,15777067,Thomas,445,France,Homme,64.0,2,68385.335,1,Non,Oui,21839.03,Non
604,15742269,Milano,756,France,Femme,24.0,1,0.0,2,Oui,Non,92091.125,Non
605,15689031,Murphy,697,Espagne,Femme,37.0,7,84033.435,1,Oui,Non,,Non
606,15634632,Titus,711,France,Homme,38.0,3,0.0,2,Oui,Non,34243.755,Non
607,15697020,Hs?eh,618,France,Homme,39.0,2,45534.28,1,Oui,Non,13289.345,Non
608,15734578,Craig,726,France,Femme,53.0,1,56768.865,1,Non,Oui,14183.605,Non
609,15792922,Tu,639,Espagne,Homme,,9,65116.57,1,Oui,Oui,,Non
610,15717736,Shen,639,Allemagne,Femme,46.0,10,55015.545,2,Oui,Oui,66997.795,Non
611,15610912,Ferri,657,Espagne,Femme,41.0,6,56059.74,1,Oui,Non,8768.41,Non
612,15803804,Walker,717,Allemagne,Femme,35.0,5,51607.355,1,Oui,Non,86086.35,Non
613,15718369,Kaodilinakachukwu,795,Allemagne,Femme,33.0,9,65431.215,1,Oui,Oui,57467.605,Non
614,15753213,Lees,604,France,Femme,34.0,7,0.0,2,Oui,Non,96510.745,Non
615,15723006,Gorbunova,489,France,Homme,38.0,8,0.0,2,Non,Oui,98495.395,Non
616,15569654,Munro,850,Allemagne,Femme,31.0,3,25646.735,1,Non,Non,17767.34,Non
617,15721921,Woolnough,796,France,Homme,44.0,8,82663.1,1,Oui,Oui,28602.775,Non
618,15618774,White,474,France,Homme,54.0,3,0.0,1,Oui,Non,54204.585,Oui
619,15650864,Power,507,France,Homme,42.0,6,0.0,2,Oui,Non,17388.615,Non
620,15797733,Udobata,503,Allemagne,Homme,30.0,10,68311.275,2,Non,Non,23655.12,Non
621,15667085,Meng,667,France,Homme,33.0,4,0.0,2,Oui,Oui,65917.375,Non
622,15692926,Toscani,498,Allemagne,Homme,25.0,8,60851.365,1,Oui,Oui,66105.245,Non
623,15603096,Lori,410,France,Homme,33.0,6,62894.845,1,Non,Non,33166.78,Oui
624,15621267,Ejimofor,637,France,Homme,32.0,5,0.0,1,Non,Non,74384.54,Non
625,15679587,Chan,666,France,Femme,34.0,9,57948.56,1,Oui,Oui,12547.515,Non
626,15776939,Zox,778,Allemagne,Femme,48.0,3,51145.28,2,Oui,Non,,Non
627,15622171,Nnamdi,642,France,Homme,30.0,8,40482.285,2,Oui,Non,,Non
628,15767871,H?,784,Espagne,Homme,48.0,7,0.0,2,Oui,Oui,91304.985,Non
629,15769110,Stehle,653,France,Femme,46.0,5,0.0,2,Oui,Non,24853.925,Non
630,15756070,Greenwood,585,Espagne,Femme,44.0,4,0.0,2,Non,Oui,50864.23,Non
631,15689147,Ogochukwu,652,France,Femme,40.0,1,0.0,2,Oui,Non,63277.48,Non
632,15639322,Grave,633,Espagne,Homme,33.0,4,68923.705,2,Oui,Non,49174.565,Non
633,15731586,Lai,785,Espagne,Femme,31.0,2,60845.77,2,Non,Non,40889.36,Non
634,15794566,Kirsova,678,France,Femme,,4,0.0,2,Oui,Oui,72211.585,Oui
635,15722004,Hsiung,543,France,Femme,31.0,4,69158.97,1,Non,Non,30921.865,Non
636,15762331,Moss,569,France,Homme,37.0,9,89377.92,1,Oui,Non,99964.585,Non
637,15730433,Nakayama,580,Allemagne,Femme,38.0,1,64109.235,1,Oui,Non,62976.915,Oui
638,15654067,Koch,584,Espagne,Femme,29.0,4,0.0,2,Oui,Non,44433.46,Non
639,15624519,Calabrese,656,Allemagne,Femme,49.0,9,48546.435,1,Oui,Non,37385.61,Oui
640,15680727,Fang,735,France,Homme,49.0,5,60986.64,1,Oui,Non,74402.18,Non
641,15813163,Ch'iu,531,Espagne,Femme,36.0,9,49620.255,1,Oui,Non,61568.505,Non
642,15748069,Clunie,485,France,Femme,25.0,3,67233.63,1,Oui,Oui,56633.045,Non
643,15798737,Chao,654,France,Homme,38.0,8,0.0,2,Oui,Non,44329.72,Non
644,15610165,Hsiung,761,France,Femme,26.0,1,0.0,2,Oui,Oui,99704.595,Non
645,15582741,Maclean,693,France,Femme,,5,62075.545,1,Oui,Non,44352.57,Oui
646,15706637,Chang,718,Espagne,Homme,40.0,9,0.0,2,Non,Non,60768.955,Non
647,15692931,Hsing,670,France,Homme,22.0,2,57495.725,1,Oui,Oui,18696.28,Non
648,15709183,Davidson,707,France,Femme,58.0,3,51173.43,1,Oui,Oui,57336.32,Non
649,15798439,Davidson,714,Espagne,Homme,25.0,2,0.0,1,Oui,Oui,66489.715,Non
650,15618695,Ts'ui,571,Espagne,Femme,22.0,3,54058.55,1,Non,Oui,26664.35,Non
651,15662736,Doyle,559,France,Homme,49.0,2,73534.89,1,Oui,Non,60270.415,Oui
652,15700654,Liardet,617,Allemagne,Homme,44.0,9,24578.545,2,Oui,Non,26647.085,Non
653,15633640,Loewenthal,799,France,Femme,52.0,4,80604.83,1,Oui,Oui,44540.705,Non
654,15587735,Chukwuebuka,850,France,Homme,39.0,6,48431.565,1,Oui,Oui,60840.595,Non
655,15610454,Poole,724,Allemagne,Femme,33.0,9,59639.22,1,Oui,Oui,98574.12,Non
656,15720123,Hudson,554,Espagne,Homme,37.0,3,0.0,2,Oui,Non,83088.65,Non
657,15633650,Woods,677,Allemagne,Femme,41.0,8,73360.49,2,Oui,Oui,2097.92,Non
658,15717286,Sal,675,,Femme,40.0,8,39517.975,1,Oui,Non,71391.99,Oui
659,15795527,Zetticci,699,Espagne,Homme,43.0,2,68243.93,2,Oui,Non,,Non
660,15586970,Pinto,695,Allemagne,Homme,52.0,8,51511.63,1,Oui,Oui,11242.82,Non
661,15776605,Bradley,528,Espagne,Homme,36.0,7,0.0,2,Oui,Non,30268.28,Non
662,15678412,Nwankwo,645,France,Femme,45.0,8,42662.965,1,Non,Non,11279.37,Non
663,15649280,Lucchese,521,Allemagne,Femme,40.0,9,67252.39,1,Oui,Non,9041.03,Non
664,15654851,Obialo,748,France,Homme,44.0,2,46455.76,1,Non,Oui,42747.62,Non
665,15759250,Barnett,745,Allemagne,Homme,51.0,3,49591.95,1,Oui,Oui,,Non
666,15773906,Doherty,655,France,Homme,38.0,4,0.0,2,Non,Non,55263.855,Non
667,15691150,Ku,699,France,Femme,32.0,4,55279.73,1,Oui,Oui,63714.78,Non
668,15618314,Chu,676,France,Homme,40.0,8,57002.89,1,Oui,Oui,33999.225,Non
669,15696098,Palermo,498,France,Femme,,10,0.0,2,Oui,Non,6946.285,Non
670,15596992,Norris,482,Allemagne,Homme,45.0,7,78176.73,1,Oui,Non,36321.975,Oui
671,15719426,Cole,529,France,Homme,67.0,8,51550.78,2,Oui,Oui,77001.01,Oui
672,15749807,Graham,516,Espagne,Femme,31.0,3,0.0,2,Oui,Non,62101.13,Non
673,15687852,Vinogradoff,611,France,Homme,30.0,2,52072.825,1,Non,Non,79814.82,Non
674,15619494,Abdulov,562,Allemagne,Femme,31.0,9,58576.5,1,Oui,Oui,54337.505,Non
675,15589200,Madukaife,617,Espagne,Homme,34.0,9,0.0,2,Oui,Non,59374.79,Non
676,15567383,Slone,678,Allemagne,Femme,44.0,2,49004.565,2,Non,Oui,,Non
677,15809006,Walker,602,France,Homme,23.0,7,56879.24,2,Non,Non,42038.8,Non
678,15591740,Fletcher,590,France,Femme,54.0,4,0.0,2,Oui,Oui,46910.245,Oui
679,15798024,Lori,537,Allemagne,Homme,84.0,8,46121.17,1,Oui,Oui,93117.99,Non
680,15610900,Thompson,770,France,Femme,70.0,9,55369.445,1,Oui,Non,11333.385,Oui
681,15709387,Obiajulu,711,France,Homme,52.0,5,0.0,1,Oui,Oui,79904.475,Non
682,15792365,He,501,France,Homme,44.0,4,71025.535,2,Non,Oui,37470.25,Non
683,15574558,Gunter,718,Espagne,Homme,32.0,8,0.0,2,Oui,Oui,20699.665,Non
684,15775797,Esposito,607,Espagne,Femme,32.0,7,0.0,3,Non,Oui,5337.31,Non
685,15648225,Shephard,652,Espagne,Femme,38.0,1,51947.655,1,Non,Oui,79824.72,Non
686,15656592,Toscano,646,Allemagne,Homme,48.0,8,84511.665,2,Oui,Oui,,Non
687,15784594,Mazzi,549,Allemagne,Femme,37.0,1,65311.17,2,Oui,Oui,64249.97,Non
688,15689614,Teng,687,Espagne,Femme,,1,68857.83,1,Oui,Oui,18969.37,Non
689,15750049,Steele,621,France,Homme,40.0,10,81911.685,1,Non,Non,44759.735,Non
690,15707078,Kruglov,577,France,Femme,26.0,1,90265.255,1,Non,Non,61727.31,Non
691,15797197,Macleod,678,Espagne,Homme,29.0,6,0.0,2,Oui,Non,32221.875,Non
692,15634936,Chukwukadibia,735,France,Homme,41.0,7,89952.0,1,Oui,Oui,68590.475,Non
693,15719309,Stephens,670,France,Femme,,1,57980.79,2,Non,Oui,14741.935,Non
694,15751227,Ebelegbulam,807,France,Homme,47.0,1,47560.295,1,Non,Non,63937.55,Non
695,15682454,McFarland,626,France,Femme,34.0,3,0.0,2,Oui,Oui,18935.145,Non
696,15764351,Yuryeva,668,,Femme,59.0,5,60085.035,1,Non,Oui,25227.4,Non
697,15581237,Biryukova,573,,Homme,33.0,1,80388.95,1,Oui,Oui,74768.075,Non
698,15710853,Ts'ui,623,France,Femme,24.0,5,0.0,2,Oui,Non,58080.02,Non
699,15599329,Christopher,697,France,Femme,49.0,7,97619.145,4,Non,Oui,65541.78,Oui
700,15768006,Wu,729,France,Homme,34.0,3,76151.9,1,Oui,Non,6064.345,Non
701,15608760,Cox,656,France,Femme,30.0,4,37161.6,1,Oui,Oui,11464.54,Non
702,15608246,Wentcher,736,,Femme,36.0,8,51957.085,1,Oui,Oui,55017.94,Oui
703,15629133,Black,579,France,Femme,27.0,9,0.0,2,Oui,Non,63419.35,Non
704,15704466,Udokamma,692,France,Femme,34.0,7,0.0,2,Oui,Non,97537.31,Non
705,15613017,McMillan,586,Allemagne,Homme,32.0,1,74907.27,1,Oui,Non,15915.03,Non
706,15804357,Loggia,481,France,Homme,40.0,3,0.0,1,Oui,Oui,16159.965,Non
707,15628292,Lucchesi,850,France,Homme,32.0,4,78000.84,2,Oui,Oui,75838.655,Non
708,15737961,Miller,509,Allemagne,Femme,29.0,0,53856.285,2,Oui,Oui,46449.085,Non
709,15636935,Rischbieth,797,France,Femme,29.0,1,0.0,2,Oui,Oui,66487.695,Non
710,15605276,Brothers,742,France,Femme,29.0,4,0.0,2,Oui,Oui,90033.295,Non
711,15634606,Chinonyelum,634,Espagne,Homme,52.0,1,0.0,2,Oui,Oui,88456.71,Non
712,15686164,Maclean,850,Allemagne,Femme,31.0,1,54411.2,1,Oui,Oui,66086.655,Non
713,15627365,Calabresi,732,France,Homme,46.0,0,0.0,2,Oui,Oui,92175.39,Non
714,15788448,Watson,490,Espagne,Homme,31.0,3,72630.115,1,Non,Oui,57033.385,Non
715,15748649,Shen,644,France,Homme,40.0,8,46591.595,1,Oui,Non,36941.245,Non
716,15613673,Lung,675,France,Homme,28.0,9,0.0,1,Oui,Non,67055.465,Non
717,15583850,Davidson,672,Allemagne,Homme,68.0,0,63030.755,2,Oui,Oui,92468.385,Non
718,15666430,Peck,579,France,Homme,38.0,8,0.0,2,Non,Non,45881.835,Non
719,15806822,Myers,739,France,Femme,36.0,0,0.0,2,Non,Non,66732.785,Non
720,15653050,Norriss,719,Allemagne,Femme,76.0,10,47526.145,1,Oui,Non,88122.435,Non
721,15586236,Banks,704,France,Homme,31.0,5,66042.33,3,Oui,Oui,27237.24,Oui
722,15644934,Gentry,466,France,Homme,26.0,9,52761.03,1,Oui,Non,5421.23,Non
723,15814519,Kamdibe,648,France,Femme,37.0,7,0.0,2,Oui,Non,97119.46,Non
724,15633922,Gray,755,France,Homme,30.0,4,61608.83,2,Non,Oui,72091.55,Non
725,15807245,McKay,699,Allemagne,Femme,41.0,1,100058.88,2,Oui,Non,47071.175,Non
726,15772030,Coupp,662,Espagne,Homme,33.0,3,0.0,2,Non,Oui,34032.415,Non
727,15741633,Fuller,566,Espagne,Homme,32.0,10,73755.63,1,Oui,Oui,79945.515,Non
728,15569098,Winifred,627,France,Homme,44.0,6,76774.06,1,Non,Non,17650.04,Oui
729,15813113,Chang,795,Espagne,Femme,56.0,5,0.0,1,Oui,Non,17709.345,Oui
730,15797113,Bevan,552,Espagne,Femme,34.0,4,0.0,2,Oui,Non,70143.345,Non
731,15666295,Smith,610,Allemagne,Homme,50.0,1,56978.505,2,Oui,Non,98263.275,Oui
732,15721569,Chialuka,658,Allemagne,Femme,55.0,8,59663.965,1,Non,Oui,59719.83,Non
733,15804394,Brenan,663,Allemagne,Homme,32.0,8,65313.83,1,Oui,Non,23580.625,Oui
734,15595640,Rizzo,698,France,Homme,37.0,8,0.0,2,Non,Non,72502.195,Non
735,15676958,Zito,765,Allemagne,Homme,34.0,5,43027.585,2,Oui,Oui,52110.25,Non
736,15619889,Vasin,556,France,Homme,26.0,4,0.0,1,Oui,Non,97583.69,Non
737,15742854,Lettiere,640,Espagne,Femme,46.0,8,0.0,2,Oui,Non,44521.595,Non
738,15715465,Aksenova,714,Allemagne,Homme,28.0,7,38888.195,1,Oui,Non,88868.535,Non
739,15665327,Cattaneo,706,France,Homme,18.0,2,88069.75,2,Oui,Non,64827.11,Non
740,15754569,Pagnotto,664,France,Homme,57.0,1,0.0,2,Oui,Oui,28281.285,Non
741,15761241,Hsieh,578,Allemagne,Femme,36.0,8,64872.55,1,Oui,Oui,71841.875,Non
742,15583725,Mairinger,682,France,Homme,48.0,1,69389.075,1,Non,Oui,84420.115,Non
743,15771573,Okagbue,637,Allemagne,Femme,39.0,9,68921.9,1,Oui,Oui,58811.4,Oui
744,15683521,Godfrey,594,Allemagne,Homme,28.0,0,71287.355,2,Oui,Non,64542.41,Non
745,15772243,MacDonald,612,France,Femme,33.0,9,0.0,1,Non,Non,71398.75,Oui
746,15805260,Wood,705,Allemagne,Femme,56.0,2,71624.835,1,Oui,Non,44214.205,Oui
747,15598894,Holt,784,Espagne,Homme,38.0,10,61133.925,1,Non,Non,72879.965,Non
748,15702300,Walker,671,France,Homme,27.0,5,0.0,2,Non,Non,60446.535,Non
749,15741049,Colebatch,577,France,Homme,29.0,7,0.0,2,Oui,Oui,27736.575,Non
750,15618203,Tien,773,Allemagne,Homme,51.0,8,58098.825,2,Oui,Oui,43350.7,Non
751,15610433,Kwemto,573,France,Homme,35.0,9,0.0,2,Oui,Non,5871.945,Non
752,15694409,Tsao,647,Allemagne,Femme,22.0,3,48987.91,2,Non,Oui,31041.5,Non
753,15797627,Niehaus,732,Espagne,Homme,54.0,0,67124.85,1,Non,Oui,6702.2,Non
754,15584897,Kuo,639,France,Femme,31.0,3,49180.015,1,Non,Non,10486.9,Non
755,15750335,Paterson,850,Allemagne,Homme,43.0,0,54254.41,3,Oui,Non,92022.4,Oui
756,15668235,Cooke,614,France,Femme,41.0,3,61737.52,1,Oui,Oui,89613.76,Non
757,15631333,Wade,677,Espagne,Femme,25.0,8,65433.095,1,Oui,Non,21205.105,Non
758,15799494,Forster,850,Allemagne,Homme,44.0,3,70196.825,2,Non,Oui,93142.76,Non
759,15721292,Atkins,719,Espagne,Homme,39.0,5,0.0,2,Oui,Non,72879.85,Non
760,15803801,Jamieson,454,France,Homme,34.0,4,0.0,2,Oui,Non,99408.86,Non
761,15670615,Castiglione,652,Espagne,Homme,37.0,7,0.0,2,Oui,Non,34394.965,Non
762,15651983,Fang,591,France,Femme,56.0,9,64441.245,1,Oui,Oui,98120.97,Oui
763,15720354,Knowles,581,France,Homme,,4,0.0,2,Oui,Oui,98781.04,Non
764,15807433,Zubarev,570,France,Femme,43.0,9,0.0,2,Non,Oui,,Non
765,15602084,Coles,663,France,Femme,42.0,5,62313.035,1,Oui,Oui,39002.25,Non
766,15780677,Jackson,717,France,Femme,,4,0.0,2,Oui,Oui,85264.315,Non
767,15696231,Chiwetelu,635,France,Homme,29.0,7,52702.985,1,Oui,Oui,74926.945,Non
768,15715907,Onwubiko,699,France,Homme,64.0,9,56554.76,1,Oui,Non,13990.4,Oui
769,15628767,Hotchin,608,Espagne,Femme,63.0,3,69764.965,2,Oui,Oui,,Oui
770,15722122,Findlay,544,France,Femme,40.0,7,0.0,1,Non,Oui,80538.46,Non
771,15605804,Watson,737,France,Homme,45.0,10,0.0,2,Oui,Non,682.27,Non
772,15641411,Volkova,756,France,Femme,23.0,1,56284.155,1,Oui,Oui,56704.055,Non
773,15574115,Shaw,656,Espagne,Femme,41.0,6,50589.615,2,Oui,Oui,17615.305,Non
774,15696900,Burns,505,Allemagne,Homme,,3,72770.78,2,Oui,Oui,29009.975,Non
775,15743478,Johnson,659,Allemagne,Homme,39.0,8,26053.165,2,Oui,Oui,53982.18,Non
776,15725945,Nweke,659,Espagne,Femme,42.0,2,0.0,1,Non,Non,81367.155,Oui
777,15640846,Chibueze,546,Allemagne,Femme,58.0,3,53229.155,4,Oui,Non,,Oui
778,15685300,Meng,603,France,Homme,35.0,6,64496.88,2,Oui,Non,65241.78,Non
779,15737408,L?,703,France,Femme,41.0,6,54970.755,1,Oui,Non,58133.64,Non
780,15567860,Burrows,581,Espagne,Femme,44.0,7,94659.08,2,Oui,Non,22513.115,Oui
781,15637178,Mishina,803,Espagne,Femme,45.0,7,0.0,2,Oui,Oui,64189.02,Non
782,15702149,Fomin,767,Allemagne,Femme,33.0,1,72376.605,1,Oui,Oui,66240.375,Non
783,15779423,K?,716,France,Homme,39.0,1,35328.805,2,Oui,Oui,,Non
784,15730272,Evseev,619,France,Homme,,5,76099.665,1,Oui,Oui,43011.045,Non
785,15691170,Vasilyeva,590,Espagne,Femme,29.0,10,49625.04,1,Oui,Oui,64814.705,Non
786,15652320,Woronoff,588,France,Homme,40.0,5,0.0,2,Non,Non,50363.84,Non
787,15677288,Geach,599,France,Homme,50.0,3,60579.825,1,Non,Non,2016.695,Oui
788,15579526,O'Meara,551,France,Homme,42.0,1,25097.295,1,Oui,Oui,,Non
789,15701333,Blackburn,646,France,Femme,37.0,7,48279.33,1,Non,Non,81713.59,Non
790,15730353,Olisaemeka,550,Allemagne,Homme,29.0,9,72647.04,2,Oui,Non,73742.065,Non
791,15673238,McCarthy,517,Allemagne,Femme,59.0,8,77055.495,2,Oui,Non,50620.04,Oui
792,15579189,Mitchell,690,France,Femme,42.0,5,0.0,2,Non,Oui,60256.04,Non
793,15752588,Vasilyeva,664,France,Homme,36.0,1,0.0,2,Oui,Oui,47686.32,Non
794,15656912,Aitken,649,Espagne,Homme,51.0,4,0.0,1,Oui,Oui,75195.285,Non
795,15722010,Zuyev,621,Espagne,Homme,53.0,9,85245.92,1,Oui,Non,17794.035,Oui
796,15594878,Thompson,661,Espagne,Femme,41.0,5,14041.475,1,Oui,Non,34793.135,Oui
797,15788215,Hsia,535,Espagne,Femme,30.0,5,61462.375,1,Non,Non,31195.295,Oui
798,15572294,Kelly,623,France,Homme,28.0,7,0.0,1,Non,Non,64763.285,Non
799,15572265,Wu,646,,Homme,46.0,1,85413.275,2,Oui,Non,22520.66,Non
800,15697441,Hsueh,485,France,Homme,29.0,7,91061.895,1,Oui,Non,58414.255,Oui
801,15575399,Somadina,480,France,Femme,42.0,1,76080.105,2,Oui,Non,50889.45,Non
802,15718780,Cox,650,Espagne,Femme,32.0,4,39725.045,1,Oui,Oui,59162.375,Non
803,15683276,Sargood,610,Espagne,Femme,37.0,10,70181.975,2,Oui,Oui,64781.93,Non
804,15707968,Akobundu,545,Espagne,Homme,36.0,8,36605.56,2,Oui,Non,44793.67,Oui
805,15645937,Guerin,790,Espagne,Homme,32.0,3,0.0,1,Oui,Non,45522.235,Non
806,15648455,Kung,647,Allemagne,Homme,51.0,4,65578.38,1,Oui,Non,14941.815,Non
807,15717185,Udinese,711,France,Homme,28.0,8,0.0,2,Oui,Oui,32143.195,Non
808,15579583,Hall,641,Espagne,Femme,40.0,4,50545.135,1,Oui,Oui,25851.545,Non
809,15698953,Hart,636,Espagne,Homme,36.0,1,0.0,3,Oui,Oui,37024.05,Oui
810,15725737,Mosman,669,France,Homme,46.0,3,0.0,2,Non,Oui,4243.875,Non
811,15714227,Kelly,672,France,Femme,53.0,7,0.0,1,Oui,Oui,68455.09,Non
812,15572093,Han,613,France,Femme,24.0,7,70226.955,1,Oui,Non,64500.65,Non
813,15569222,Mendes,781,,Homme,32.0,6,73553.955,1,Oui,Oui,20033.475,Non
814,15711521,Egobudike,609,France,Homme,39.0,3,60889.355,1,Oui,Oui,69199.835,Non
815,15743760,Davidson,850,France,Homme,31.0,6,65998.33,2,Oui,Oui,89373.715,Non
816,15591509,Milano,690,France,Homme,36.0,7,50791.555,2,Oui,Non,61887.575,Non
817,15725882,Feng,618,Allemagne,Femme,40.0,1,66622.76,2,Oui,Oui,27247.91,Non
818,15777784,Tu,733,France,Femme,44.0,6,84082.92,1,Non,Oui,98596.745,Non
819,15728683,Lombardo,742,France,Homme,27.0,0,0.0,2,Non,Oui,65767.48,Non
820,15662955,Nicholls,697,France,Homme,27.0,8,70611.84,2,Oui,Non,45295.575,Non
821,15653253,Pagnotto,704,Espagne,Homme,48.0,8,83998.8,1,Oui,Oui,86749.225,Non
822,15767891,Findlay,619,,Femme,28.0,6,49576.365,2,Oui,Non,24237.56,Non
823,15586848,Rose,706,,Homme,38.0,1,0.0,2,Oui,Non,61189.77,Non
824,15578435,Langlands,640,France,Homme,40.0,8,55170.34,1,Oui,Oui,78943.3,Non
825,15741988,Marino,492,Allemagne,Femme,52.0,8,62698.12,1,Oui,Non,5007.36,Oui
826,15658946,Piccio,579,Allemagne,Homme,40.0,10,22704.425,2,Oui,Non,,Non
827,15600174,Walton,525,France,Homme,35.0,7,82679.385,1,Non,Oui,47369.27,Non
828,15726634,Wei,479,France,Homme,47.0,1,0.0,1,Oui,Non,47635.415,Non
829,15640161,Calabrese,618,Allemagne,Homme,44.0,5,78977.915,2,Non,Non,69648.855,Non
830,15569266,Rahman,644,France,Homme,28.0,7,77530.205,1,Oui,Non,14589.76,Non
831,15656417,Marsh,582,France,Femme,39.0,1,66038.74,2,Oui,Non,96127.575,Non
832,15600992,Madukaego,652,France,Homme,36.0,1,0.0,2,Oui,Oui,75657.49,Non
833,15606887,Singh,775,France,Femme,30.0,5,0.0,1,Oui,Non,96940.3,Oui
834,15642709,Feng,474,France,Femme,,9,0.0,2,Non,Non,31579.11,Non
835,15798666,Hughes,814,France,Femme,36.0,6,0.0,2,Oui,Oui,49328.505,Non
836,15599403,Wu,577,France,Homme,60.0,10,62694.85,2,Oui,Oui,89308.365,Non
837,15701605,Forster,815,France,Homme,37.0,1,83057.71,1,Oui,Non,33604.15,Non
838,15695174,Chang,654,France,Homme,,4,66477.32,1,Oui,Oui,73357.535,Non
839,15754747,Bazile,686,Allemagne,Homme,33.0,9,70959.045,2,Non,Oui,92018.235,Non
840,15684248,Meng,658,Espagne,Homme,21.0,7,0.0,2,Non,Oui,77139.935,Non
841,15780716,Colombo,686,Allemagne,Homme,39.0,3,64813.095,2,Oui,Oui,51610.28,Non
842,15612729,Chidiebere,681,France,Femme,63.0,7,0.0,2,Oui,Oui,,Non
843,15603743,Tai,526,France,Homme,28.0,1,56035.22,1,Non,Oui,63140.915,Non
844,15570326,Wilkins,621,France,Homme,34.0,6,0.0,2,Oui,Oui,49564.065,Non
845,15765173,Lin,350,France,Femme,60.0,3,0.0,1,Non,Non,56898.075,Oui
846,15760177,Lombardi,564,Espagne,Homme,37.0,9,50126.09,1,Oui,Oui,73016.76,Non
847,15806837,Nnaife,669,France,Homme,37.0,4,0.0,1,Oui,Non,66270.165,Non
848,15642785,Douglas,479,France,Homme,34.0,5,58796.74,2,Non,Non,56654.145,Non
849,15595350,Fermin,661,France,Femme,31.0,3,68033.91,2,Oui,Non,32783.955,Non
850,15576000,Chibueze,765,France,Homme,40.0,6,69016.775,1,Oui,Oui,33986.225,Non
851,15813916,Kudryashova,622,France,Femme,31.0,1,44844.47,1,Oui,Oui,76152.735,Non
852,15737542,Davey,611,Allemagne,Femme,36.0,10,51647.28,1,Oui,Non,80274.06,Non
853,15623927,Alexander,576,France,Homme,55.0,9,0.0,2,Oui,Oui,47225.485,Non
854,15648577,Pickering,493,France,Femme,31.0,3,0.0,1,Oui,Oui,88285.14,Oui
855,15579891,Milani,714,France,Homme,52.0,4,50377.83,1,Oui,Oui,93387.625,Non
856,15654060,P'eng,517,France,Homme,41.0,2,0.0,2,Non,Oui,37968.735,Non
857,15634141,Shephard,708,Allemagne,Femme,42.0,8,96195.26,2,Oui,Non,411.68,Non
858,15684995,Chamberlain,690,Espagne,Homme,49.0,8,58311.365,1,Non,Oui,25505.645,Non
859,15670914,Robe,754,,Homme,38.0,2,0.0,2,Oui,Non,90349.16,Non
860,15689061,Davey,611,France,Homme,68.0,5,41273.555,2,Oui,Oui,73224.005,Non
861,15692977,Ikenna,612,Allemagne,Femme,36.0,2,65350.46,2,Non,Non,38796.4,Non
862,15741295,Yefimova,615,France,Homme,49.0,3,0.0,2,Oui,Oui,24936.165,Non
863,15795936,Lung,560,France,Homme,50.0,3,0.0,2,Oui,Non,42265.895,Non
864,15814236,Kay,537,Espagne,Femme,38.0,1,48469.53,1,Oui,Oui,51303.46,Non
865,15777045,Price,783,Espagne,Femme,44.0,3,40905.855,1,Oui,Non,82106.765,Oui
866,15753343,Barry,523,France,Femme,28.0,2,60582.055,1,Oui,Oui,29969.405,Non
867,15676117,Zinachukwudi,603,France,Homme,44.0,9,0.0,1,Oui,Non,69164.12,Non
868,15713644,Marshall,686,Espagne,Homme,22.0,5,0.0,2,Oui,Non,79487.225,Non
869,15778155,T'ien,520,Allemagne,Femme,,3,54457.085,1,Oui,Oui,91786.195,Oui
870,15657565,Nwokezuike,629,Espagne,Femme,44.0,6,62756.49,2,Non,Non,39541.38,Non
871,15775131,Bartlett,580,Espagne,Homme,32.0,9,71094.1,2,Non,Oui,64014.3,Non
872,15573112,Kang,602,Espagne,Homme,29.0,5,51953.64,1,Oui,Non,80614.92,Non
873,15801466,Gray,574,France,Femme,39.0,2,61262.305,2,Oui,Non,44231.815,Non
874,15665177,Booth,613,France,Homme,44.0,3,0.0,2,Non,Oui,68245.86,Non
875,15628715,Kisch,709,France,Femme,36.0,8,0.0,2,Oui,Oui,34838.275,Non
876,15593345,Bradbury,502,Allemagne,Femme,33.0,6,62620.585,2,Oui,Oui,79368.035,Non
877,15604782,Tan,733,Allemagne,Femme,33.0,7,93628.97,1,Non,Oui,95215.405,Non
878,15635598,Hsieh,812,France,Homme,29.0,6,0.0,2,Non,Non,84011.8,Non
879,15659949,Chiu,850,France,Homme,31.0,1,48199.655,2,Oui,Non,53267.075,Non
880,15574783,Perkins,584,France,Femme,37.0,1,0.0,2,Oui,Oui,90181.78,Non
881,15650432,Liu,849,Allemagne,Homme,41.0,10,42311.065,1,Oui,Oui,99036.08,Non
882,15636423,Lei,715,France,Homme,40.0,7,0.0,1,Oui,Oui,70679.555,Non
883,15665956,Pendergrass,509,France,Femme,46.0,1,0.0,1,Oui,Non,35622.295,Oui
884,15607098,Ahmed,747,Espagne,Femme,41.0,5,47260.585,2,Oui,Non,97463.43,Non
885,15805764,Hallahan,646,France,Homme,18.0,10,0.0,2,Non,Oui,26397.575,Non
886,15675650,Duncan,486,France,Femme,39.0,8,48909.68,1,Non,Oui,60265.655,Non
887,15699507,Messersmith,542,France,Femme,25.0,7,0.0,2,Non,Oui,41196.54,Non
888,15611325,Wood,682,Allemagne,Homme,24.0,9,28964.905,2,Non,Non,26567.15,Non
889,15777076,Clark,651,France,Homme,36.0,7,0.0,2,Oui,Non,6949.155,Non
890,15659399,Mazzi,516,Allemagne,Homme,50.0,7,69837.535,2,Oui,Non,22795.615,Non
891,15725776,Lazar,649,Allemagne,Homme,24.0,7,50597.615,1,Non,Non,66545.66,Non
892,15623062,Vasilyeva,660,Allemagne,Homme,24.0,5,42544.65,1,Oui,Oui,35819.0,Non
893,15813283,Mai,605,France,Femme,34.0,2,0.0,1,Non,Non,17991.21,Non
894,15581539,Atkinson,474,Espagne,Homme,37.0,3,0.0,2,Non,Non,28587.66,Non
895,15715208,Watkins,804,Allemagne,Femme,33.0,10,69167.98,1,Oui,Oui,40241.88,Non
896,15763460,Yao,680,France,Homme,33.0,10,91884.235,1,Oui,Non,82059.675,Non
897,15767391,Otutodilinna,565,Allemagne,Femme,32.0,4,45161.495,2,Non,Oui,59370.185,Non
898,15797219,Ifesinachi,635,France,Femme,40.0,10,61748.79,1,Oui,Non,65976.615,Oui
899,15793726,Matveyeva,681,France,Femme,79.0,0,0.0,2,Non,Oui,85484.495,Non
900,15798424,Glover,833,Allemagne,Homme,59.0,1,65427.295,1,Oui,Oui,15361.26,Oui
901,15606310,Birk,823,France,Homme,71.0,5,74552.54,1,Non,Oui,81341.53,Non
902,15630419,Davis,634,France,Homme,44.0,9,74980.555,1,Oui,Non,28560.755,Non
903,15616550,Chidiebele,698,Allemagne,Homme,44.0,10,58181.685,2,Oui,Non,99029.58,Non
904,15583718,Terry,696,Allemagne,Homme,38.0,6,71158.07,1,Oui,Oui,4009.245,Non
905,15727857,Flynn,635,Espagne,Homme,41.0,1,0.0,2,Oui,Non,87805.75,Non
906,15665766,T'ang,698,Allemagne,Homme,39.0,9,66595.595,2,Non,Oui,26644.745,Non
907,15762351,Chao,689,Espagne,Femme,63.0,1,0.0,2,Oui,Oui,93263.06,Non
908,15687079,King,646,Espagne,Homme,69.0,10,57731.22,1,Oui,Non,20210.935,Non
909,15794549,Andrews,722,France,Femme,35.0,2,81971.945,2,Oui,Oui,7534.09,Non
910,15610383,Dumetolisa,628,France,Femme,46.0,1,23435.215,4,Oui,Non,15636.07,Oui
911,15618647,Kornilova,744,France,Homme,29.0,1,21752.21,1,Oui,Oui,59663.875,Non
912,15722053,Oguejiofor,576,Espagne,Homme,33.0,3,0.0,2,Non,Oui,95056.025,Non
913,15749540,Hsiung,585,France,Homme,36.0,7,0.0,2,Oui,Non,47141.545,Non
914,15740223,Walton,479,Allemagne,Homme,51.0,1,53857.37,3,Oui,Non,43064.105,Oui
915,15769216,Panicucci,601,France,Femme,43.0,2,0.0,1,Oui,Non,,Oui
916,15726250,Hsia,508,France,Femme,38.0,3,83164.325,2,Non,Oui,11307.095,Non
917,15657566,Wieck,634,Allemagne,Homme,24.0,8,51548.925,1,Oui,Oui,78788.645,Non
918,15650538,Sun,445,Allemagne,Femme,48.0,7,84143.29,1,Oui,Non,,Oui
919,15761132,Capon,682,Espagne,Homme,46.0,7,64014.86,1,Oui,Oui,31307.675,Non
920,15767729,Smith,646,Espagne,Homme,25.0,5,91438.44,2,Oui,Oui,21268.795,Oui
921,15795990,Lumholtz,722,Allemagne,Femme,48.0,10,69155.88,1,Oui,Oui,1736.315,Oui
922,15670823,Hsueh,651,Allemagne,Femme,42.0,1,58323.38,1,Oui,Non,22365.9,Oui
923,15745107,Lung,776,Allemagne,Homme,38.0,5,56140.85,1,Non,Oui,44946.8,Non
924,15804150,Lysaght,755,France,Homme,34.0,3,0.0,2,Oui,Oui,79408.015,Non
925,15636590,Pisano,575,France,Homme,46.0,1,0.0,2,Oui,Oui,32999.13,Non
926,15790324,Green,660,France,Femme,20.0,6,83842.78,1,Oui,Non,28964.95,Non
927,15783305,Franklin,593,France,Femme,46.0,7,49376.255,1,Oui,Non,72780.19,Non
928,15749130,Dyer,621,Allemagne,Homme,27.0,1,37149.215,1,Oui,Oui,26290.98,Non
929,15631739,Dunn,704,Espagne,Homme,24.0,10,61054.89,1,Oui,Oui,63827.185,Non
930,15768451,MacDonald,739,Allemagne,Homme,40.0,5,74565.515,3,Oui,Oui,30018.495,Oui
931,15759480,H?,644,France,Femme,40.0,10,69590.485,1,Oui,Oui,9979.835,Non
932,15700627,Y?,637,Allemagne,Femme,46.0,2,71750.41,1,Oui,Non,83498.23,Oui
933,15581115,Middleton,603,France,Femme,39.0,9,38384.84,1,Non,Non,24112.36,Non
934,15644572,Turnbull,501,France,Homme,40.0,4,62916.1,1,Oui,Oui,50216.915,Non
935,15718281,Muir,706,Allemagne,Homme,67.0,1,61638.345,2,Oui,Oui,43253.94,Oui
936,15711687,Nero,434,France,Homme,41.0,4,54064.26,1,Non,Oui,28392.055,Non
937,15581286,Castro,734,France,Femme,40.0,9,88457.4,1,Oui,Oui,6399.615,Non
938,15770525,T'an,760,Espagne,Homme,28.0,1,70519.285,2,Non,Non,8143.69,Non
939,15720134,Reynolds,709,Allemagne,Homme,30.0,9,57739.74,2,Oui,Oui,67366.495,Non
940,15754113,Li,588,France,Femme,35.0,0,0.0,2,Oui,Oui,77742.62,Non
941,15674929,Anderson,512,France,Femme,31.0,7,0.0,2,Non,Non,24663.035,Non
942,15659105,Borchgrevink,669,France,Femme,47.0,9,30598.27,1,Oui,Non,29085.12,Non
943,15713912,Nebechukwu,516,Espagne,Femme,45.0,8,54522.15,1,Non,Oui,57909.08,Non
944,15786905,Russo,749,Allemagne,Femme,40.0,8,70891.285,2,Non,Non,43166.815,Non
945,15605665,Nwora,673,Allemagne,Femme,69.0,3,39416.575,2,Oui,Oui,18598.075,Non
946,15595609,Sykes,679,Allemagne,Homme,52.0,9,67935.005,2,Non,Non,27019.31,Non
947,15718443,Chibuzo,539,France,Homme,39.0,3,0.0,2,Oui,Non,18346.085,Non
948,15791851,Afanasyeva,726,France,Femme,,0,92867.375,1,Oui,Oui,51018.41,Non
949,15729718,Stelzer,610,France,Homme,41.0,6,0.0,3,Non,Non,28059.405,Oui
950,15632118,Pirozzi,698,Espagne,Homme,45.0,5,82225.47,1,Oui,Non,70985.01,Oui
951,15682839,Genovesi,575,France,Femme,57.0,8,68968.47,1,Oui,Oui,42237.565,Non
952,15677512,McEncroe,628,Espagne,Femme,22.0,3,0.0,1,Oui,Non,42713.14,Non
953,15601688,Piccio,546,France,Homme,28.0,8,0.0,1,Oui,Non,79627.145,Non
954,15617166,Ritchie,610,France,Homme,37.0,0,0.0,1,Oui,Non,57257.32,Non
955,15646276,Metcalfe,831,France,Femme,32.0,2,73016.81,1,Oui,Non,95630.37,Non
956,15610753,Cremonesi,581,France,Homme,28.0,3,52183.75,1,Oui,Oui,14968.875,Non
957,15801548,Buckland,661,France,Femme,31.0,7,72081.15,2,Oui,Oui,7245.395,Non
958,15738497,Chukwujamuike,729,Espagne,Homme,44.0,4,53863.465,2,Oui,Non,76532.435,Non
959,15583456,Gardiner,745,Allemagne,Homme,45.0,10,58615.815,3,Oui,Oui,61190.51,Oui
960,15566594,McKenzie,709,Espagne,Homme,23.0,10,0.0,2,Non,Non,64795.09,Non
961,15682356,Veltri,655,France,Femme,,7,55926.42,2,Oui,Non,5255.565,Non
962,15584320,Brennan,686,France,Femme,39.0,3,55847.81,1,Non,Non,68321.92,Non
963,15804516,Builder,589,France,Homme,38.0,2,0.0,1,Oui,Non,39957.64,Non
964,15661945,Nicolay,623,Espagne,Femme,40.0,4,0.0,3,Oui,Non,15834.59,Non
965,15780805,Lu,585,France,Femme,35.0,2,0.0,2,Oui,Non,49310.52,Oui
966,15716236,Milani,499,France,Homme,35.0,10,0.0,2,Oui,Non,5361.27,Non
967,15749638,Kaodilinakachukwu,605,France,Femme,51.0,9,52380.41,1,Oui,Oui,82787.27,Oui
968,15649160,Vavilov,554,France,Femme,38.0,3,69365.975,1,Oui,Oui,97069.18,Non
969,15740442,May,603,France,Homme,51.0,8,93412.785,1,Oui,Non,46869.855,Oui
970,15687765,Chukwujamuike,538,Allemagne,Femme,42.0,4,40190.12,1,Oui,Non,59608.23,Non
971,15664860,Chao,692,Espagne,Femme,47.0,3,0.0,2,Oui,Non,75401.205,Oui
972,15762588,Kaleski,644,France,Homme,31.0,5,0.0,2,Oui,Oui,20936.085,Non
973,15713854,Cremonesi,513,France,Femme,37.0,6,0.0,2,Oui,Non,55071.17,Non
974,15665438,Hs?,669,France,Homme,43.0,1,81579.925,1,Non,Oui,7801.4,Non
975,15667456,Ross,709,Espagne,Homme,62.0,3,0.0,2,Oui,Oui,41097.575,Non
976,15800116,Bowman,712,Allemagne,Homme,28.0,4,72802.72,1,Non,Oui,46941.765,Non
977,15679249,Chou,351,Allemagne,Femme,57.0,4,81573.23,1,Oui,Non,84810.845,Oui
978,15703778,Hughes,728,France,Homme,33.0,8,64953.815,1,Non,Oui,18041.98,Non
979,15716619,Chiebuka,580,Allemagne,Femme,36.0,3,37487.445,1,Oui,Oui,6049.835,Non
980,15714586,Marcelo,646,Espagne,Femme,42.0,3,49918.235,1,Non,Oui,,Non
981,15652289,Williams,694,France,Homme,47.0,4,0.0,2,Oui,Non,98764.31,Non
982,15657321,Arkwookerum,712,Allemagne,Homme,27.0,8,56587.105,2,Oui,Non,73630.79,Non
983,15588580,Kennedy,584,Allemagne,Femme,36.0,4,54823.415,1,Oui,Oui,35120.395,Non
984,15790594,Bednall,535,France,Femme,27.0,6,0.0,2,Non,Oui,24887.79,Non
985,15753955,Lori,639,Espagne,Homme,34.0,7,74970.02,2,Non,Non,78324.405,Non
986,15800845,Artemieva,732,Espagne,Femme,33.0,8,55689.775,1,Oui,Oui,22549.31,Non
987,15621093,Teng,681,Allemagne,Homme,,4,48669.095,2,Non,Non,24113.38,Non
988,15712849,Tung,632,Allemagne,Homme,41.0,3,63275.35,1,Non,Non,88822.26,Oui
989,15765952,Milanesi,769,France,Homme,29.0,4,72735.685,1,Oui,Non,94191.385,Non
990,15742091,Parkhill,825,Allemagne,Femme,35.0,6,59168.475,1,Oui,Non,13171.165,Oui
991,15605622,McMillan,841,Espagne,Homme,28.0,4,0.0,2,Oui,Oui,89718.3,Non
992,15690164,Shao,627,Allemagne,Femme,33.0,4,41599.525,1,Non,Non,79667.465,Non
993,15750476,Hendrick,742,Espagne,Homme,24.0,8,0.0,2,Oui,Non,2035.14,Non
994,15696637,Sung,571,France,Femme,23.0,10,75548.64,1,Non,Oui,8581.875,Non
995,15809347,Fanucci,763,Allemagne,Homme,32.0,9,80340.205,1,Oui,Non,15443.175,Non
996,15743871,Nkemdirim,567,France,Homme,59.0,3,0.0,2,Oui,Non,12921.85,Oui
997,15606861,Tien,636,France,Homme,34.0,8,0.0,2,Oui,Non,19285.065,Non
998,15673539,Napolitani,690,France,Femme,26.0,3,59048.935,1,Oui,Non,30628.915,Non
999,15645956,Jideofor,452,,Homme,44.0,3,44457.925,1,Oui,Non,34848.87,Non
1000,15786215,Udinese,793,France,Homme,56.0,8,59748.125,2,Oui,Non,14940.495,Non
1001,15640464,Parkes,605,France,Homme,41.0,5,45806.455,1,Oui,Oui,14213.92,Non
1002,15722611,Cameron,752,France,Femme,53.0,8,57116.59,1,Oui,Oui,25793.52,Non
1003,15799156,Okwuadigbo,569,Espagne,Homme,38.0,8,0.0,2,Non,Non,39809.395,Non
1004,15674922,Beavers,710,France,Homme,54.0,6,85568.81,1,Oui,Oui,83511.975,Oui
1005,15660475,Ndubueze,411,,Femme,54.0,9,0.0,1,Non,Oui,38310.745,Non
1006,15603883,Ch'in,818,France,Homme,,4,0.0,2,Oui,Oui,4018.515,Non
1007,15711635,Chu,788,Allemagne,Femme,42.0,6,69325.245,2,Oui,Non,,Non
1008,15617486,Sullivan,530,France,Homme,52.0,1,53361.64,1,Non,Non,54980.2,Oui
1009,15701962,Scott,590,Espagne,Femme,29.0,2,83465.38,2,Oui,Non,61243.865,Non
1010,15768682,Amies,640,Espagne,Homme,39.0,3,0.0,1,Oui,Oui,52998.625,Non
1011,15593601,Isayev,734,France,Homme,34.0,6,66799.2,1,Oui,Oui,6553.62,Non
1012,15705765,Lane,581,Espagne,Femme,46.0,1,0.0,2,Oui,Non,52136.02,Non
1013,15745232,Chikelu,759,France,Femme,39.0,6,0.0,2,Oui,Oui,70248.835,Non
1014,15769169,Trentino,645,France,Homme,41.0,7,0.0,1,Non,Oui,14333.78,Non
1015,15761168,Manna,478,France,Femme,38.0,4,85956.935,1,Oui,Non,25910.435,Oui
1016,15687626,Zhirov,527,France,Homme,39.0,4,0.0,2,Oui,Non,83591.535,Oui
1017,15743411,Chiawuotu,609,Espagne,Homme,61.0,1,0.0,1,Oui,Non,11223.925,Oui
1018,15785815,Toscano,670,Allemagne,Homme,31.0,1,71315.77,2,Oui,Oui,87947.12,Non
1019,15782641,Brown,710,Espagne,Femme,29.0,3,59835.09,1,Oui,Non,94011.22,Non
1020,15750929,Burgess,702,Espagne,Homme,39.0,8,0.0,2,Oui,Non,49827.065,Non
1021,15594039,Lung,599,Espagne,Homme,42.0,6,0.0,2,Oui,Non,56934.2,Non
1022,15734659,Sozonov,640,Allemagne,Femme,46.0,5,53989.2,2,Oui,Non,77938.03,Non
1023,15586880,P'eng,594,Allemagne,Homme,41.0,2,61272.825,2,Oui,Oui,21025.12,Non
1024,15603156,Elewechi,571,,Femme,33.0,1,0.0,2,Oui,Non,51375.35,Non
1025,15569452,Butler,652,Allemagne,Femme,58.0,3,58176.6,2,Non,Oui,96751.45,Non
1026,15774328,Boni,606,Allemagne,Homme,40.0,1,72378.985,2,Oui,Oui,83328.09,Non
1027,15610972,Crawford,681,Allemagne,Femme,44.0,4,45557.88,2,Non,Non,12104.42,Oui
1028,15625247,Scott,807,France,Femme,34.0,1,0.0,1,Non,Non,57224.065,Non
1029,15652808,Monaldo,774,France,Femme,41.0,5,63335.185,1,Oui,Non,51213.03,Non
1030,15682084,Chinomso,680,France,Homme,31.0,9,0.0,2,Oui,Non,18072.765,Non
1031,15669326,Gordon,658,France,Homme,44.0,2,84198.17,1,Oui,Oui,7089.365,Non
1032,15688619,Scott,718,Espagne,Homme,45.0,3,52633.16,2,Oui,Oui,96862.255,Non
1033,15754301,Bruche,704,France,Homme,39.0,5,0.0,1,Oui,Non,3208.46,Non
1034,15730796,Barker,627,France,Femme,21.0,7,49496.51,1,Oui,Oui,84578.32,Non
1035,15802118,Ignatieff,664,Espagne,Homme,41.0,7,61714.345,1,Oui,Oui,82462.055,Non
1036,15629187,Titheradge,535,France,Homme,38.0,8,42991.035,1,Oui,Non,4619.175,Non
1037,15728456,Martinez,604,France,Homme,33.0,3,0.0,1,Oui,Non,21085.565,Oui
1038,15727490,Scott,661,France,Homme,47.0,5,0.0,1,Non,Oui,53621.655,Oui
1039,15725818,Chibuzo,583,Allemagne,Homme,40.0,4,53520.65,1,Oui,Oui,2817.815,Non
1040,15647572,Greece,504,Espagne,Homme,34.0,0,27490.405,1,Oui,Oui,68454.94,Non
1041,15722902,Chizuoke,652,Allemagne,Homme,50.0,8,62718.82,1,Oui,Oui,8580.47,Oui
1042,15814267,Zhdanova,550,France,Homme,22.0,6,77188.65,1,Oui,Oui,25860.76,Non
1043,15598614,Lucchesi,790,Espagne,Homme,20.0,8,0.0,2,Oui,Non,84076.38,Non
1044,15695474,Barker,583,France,Homme,33.0,7,61265.93,1,Oui,Non,6774.62,Non
1045,15781034,Mason,796,Espagne,Homme,67.0,5,0.0,2,Non,Oui,27435.51,Non
1046,15575858,Bergamaschi,763,France,Homme,40.0,3,0.0,2,Oui,Non,67140.555,Non
1047,15685653,Benson,585,Allemagne,Femme,40.0,3,81130.505,2,Oui,Non,68514.255,Non
1048,15744979,Fowler,666,France,Femme,36.0,8,0.0,1,Non,Oui,79333.495,Non
1049,15777922,Afamefuna,629,Espagne,Homme,36.0,1,80878.935,2,Oui,Oui,73185.86,Non
1050,15733581,Duncan,831,Allemagne,Homme,32.0,9,40131.33,1,Oui,Non,97433.89,Non
1051,15670866,Chiu,693,France,Homme,31.0,2,0.0,2,Oui,Oui,53879.655,Non
1052,15783752,Lindsay,752,,Homme,29.0,4,64757.495,1,Oui,Oui,51465.23,Non
1053,15578799,Anayolisa,625,,Femme,58.0,10,26886.365,1,Oui,Oui,96036.05,Oui
1054,15742638,Wang,747,France,Femme,25.0,4,0.0,2,Non,Oui,21019.835,Non
1055,15654673,Onyinyechukwuka,625,,Homme,49.0,6,86717.45,1,Oui,Non,82790.465,Oui
1056,15580148,Welch,750,Allemagne,Homme,40.0,5,84143.405,3,Oui,Non,10225.995,Oui
1057,15662203,Bremer,579,Allemagne,Femme,42.0,3,68780.19,2,Oui,Oui,42712.17,Non
1058,15635964,Eve,566,Allemagne,Homme,65.0,4,60050.205,1,Oui,Non,53781.58,Oui
1059,15699238,Craig,618,Espagne,Femme,40.0,8,0.0,2,Oui,Non,40102.19,Non
1060,15610711,Eluemuno,678,Allemagne,Femme,40.0,8,64322.23,1,Non,Non,83836.685,Non
1061,15754713,Rivera,685,Espagne,Homme,31.0,10,67606.855,1,Oui,Oui,62888.64,Non
1062,15767757,Pisano,562,Espagne,Femme,29.0,9,60153.79,1,Oui,Oui,,Non
1063,15673367,Humffray,587,Allemagne,Homme,33.0,6,66301.68,1,Oui,Non,27887.86,Non
1064,15656009,McIntyre,736,France,Femme,36.0,6,0.0,1,Oui,Non,35248.33,Non
1065,15603925,Greco,779,Espagne,Femme,26.0,4,87159.065,2,Non,Oui,19148.105,Non
1066,15671345,Piccio,531,Espagne,Femme,42.0,6,37651.425,2,Non,Non,28517.175,Non
1067,15782735,Chukwuemeka,626,France,Femme,35.0,3,0.0,1,Non,Non,40095.18,Non
1068,15571571,Ting,680,Allemagne,Femme,31.0,3,63665.73,3,Oui,Oui,88216.8,Non
1069,15780779,Ramsbotham,583,Espagne,Femme,40.0,4,0.0,2,Oui,Non,,Non
1070,15769781,Nucci,699,Espagne,Femme,25.0,8,0.0,2,Oui,Oui,26202.235,Non
1071,15767821,Bearce,528,France,Homme,31.0,6,51008.36,2,Non,Non,40090.56,Non
1072,15652218,Morrison,750,France,Homme,33.0,2,76151.36,1,Oui,Non,35666.72,Non
1073,15810910,Royston,702,Espagne,Femme,38.0,9,0.0,2,Oui,Oui,79263.725,Non
1074,15679983,Garmon,565,France,Homme,34.0,7,0.0,1,Non,Non,37296.92,Non
1075,15685290,Wall,595,Allemagne,Homme,46.0,5,71180.31,2,Oui,Non,24210.7,Oui
1076,15640635,Capon,769,France,Homme,29.0,8,0.0,2,Oui,Oui,86145.305,Non
1077,15799653,Fiorentino,583,Allemagne,Femme,32.0,7,47376.775,2,Oui,Oui,9074.515,Non
1078,15717937,Gibbons,554,Allemagne,Homme,43.0,5,49953.445,1,Non,Non,,Non
1079,15711733,Rapuokwu,753,France,Homme,48.0,4,0.0,2,Non,Oui,73410.71,Non
1080,15573888,Ponomaryov,648,Allemagne,Femme,43.0,1,53981.69,1,Non,Non,93219.43,Oui
1081,15756871,Capon,512,Espagne,Homme,39.0,3,0.0,1,Oui,Non,67439.095,Non
1082,15768124,Liu,648,France,Femme,34.0,3,0.0,1,Oui,Non,27363.215,Non
1083,15655774,Booth,583,France,Homme,27.0,7,0.0,2,Oui,Non,25642.745,Non
1084,15683657,Stephenson,594,France,Femme,31.0,0,39670.475,1,Oui,Non,39127.93,Non
1085,15704315,Teng,556,France,Homme,34.0,8,81878.53,1,Oui,Oui,52000.03,Non
1086,15616431,Chiu,608,,Homme,33.0,4,0.0,1,Non,Oui,65237.015,Non
1087,15675328,Knight,449,France,Femme,37.0,6,0.0,2,Oui,Non,41088.24,Non
1088,15705899,Craig,597,Espagne,Homme,35.0,0,63755.495,1,Oui,Oui,77678.17,Non
1089,15791102,Mai,549,Allemagne,Homme,41.0,9,47510.4,3,Oui,Oui,65855.295,Oui
1090,15770101,Millar,766,Allemagne,Homme,43.0,6,56044.02,2,Oui,Oui,18353.28,Non
1091,15743149,Findlay,711,France,Femme,,8,0.0,1,Oui,Oui,33754.005,Non
1092,15643630,Quaife,770,Espagne,Homme,55.0,9,31563.705,2,Oui,Non,92605.64,Oui
1093,15630913,Rosas,476,Espagne,Femme,69.0,1,52651.865,1,Non,Oui,67130.17,Non
1094,15615330,Tretiakova,651,France,Homme,23.0,10,0.0,2,Oui,Oui,85049.615,Non
1095,15638247,Boan,700,Espagne,Homme,44.0,9,0.0,2,Oui,Non,71143.825,Non
1096,15672115,Lettiere,679,France,Homme,60.0,6,0.0,2,Oui,Oui,38665.885,Non
1097,15665759,Russell,724,France,Femme,69.0,5,58933.46,1,Oui,Oui,31140.455,Non
1098,15748673,Nepean,770,France,Femme,37.0,9,0.0,2,Non,Non,11355.36,Non
1099,15815131,Howells,617,Espagne,Femme,36.0,7,57808.62,1,Oui,Oui,35759.7,Non
1100,15609562,MacDonald,774,Espagne,Femme,43.0,1,58180.035,1,Oui,Non,8502.07,Non
1101,15791191,Mitchell,633,France,Homme,59.0,2,51998.37,1,Oui,Oui,51579.555,Non
1102,15694450,Bianchi,677,France,Homme,42.0,5,49790.065,1,Oui,Non,10503.98,Non
1103,15812470,Allan,719,France,Homme,61.0,5,0.0,2,Non,Oui,14566.215,Non
1104,15641007,Holden,614,France,Femme,38.0,4,36297.0,1,Oui,Oui,38021.24,Non
1105,15713769,Michelides,617,Espagne,Homme,38.0,7,0.0,1,Oui,Oui,,Non
1106,15577064,Onyekaozulu,592,Allemagne,Homme,36.0,2,52351.325,2,Oui,Non,53974.36,Non
1107,15728078,Yeh,609,France,Homme,26.0,10,63196.09,1,Non,Oui,21825.745,Non
1108,15716024,Dennis,660,Espagne,Homme,42.0,5,0.0,2,Oui,Non,57754.795,Non
1109,15735572,Lawrence,629,France,Homme,59.0,9,56828.915,1,Oui,Oui,58424.395,Oui
1110,15589017,Chiu,547,Allemagne,Homme,55.0,4,55681.38,3,Oui,Non,8461.14,Oui
1111,15574206,Shillito,718,France,Femme,37.0,7,0.0,2,Oui,Oui,27550.045,Non
1112,15801316,Ifeatu,523,France,Homme,61.0,8,33125.355,1,Oui,Oui,10929.53,Non
1113,15640580,Obiora,650,France,Femme,47.0,9,0.0,1,Oui,Non,93971.8,Non
1114,15644686,Kennedy,729,Espagne,Femme,34.0,9,26649.98,2,Oui,Oui,21427.985,Non
1115,15721719,Calabresi,743,France,Homme,42.0,7,38501.1,2,Oui,Oui,40214.21,Non
1116,15730688,Yu,548,France,Femme,28.0,8,58377.75,2,Oui,Oui,79292.585,Oui
1117,15772503,Burns,737,France,Femme,33.0,4,0.0,2,Oui,Non,57557.66,Non
1118,15733973,Bibi,850,France,Femme,42.0,8,0.0,1,Oui,Non,9816.32,Oui
1119,15796370,Shah,604,Espagne,Homme,40.0,5,77727.715,1,Non,Oui,,Non
1120,15576126,Young,649,France,Femme,,2,62892.615,1,Oui,Oui,35261.96,Non
1121,15721019,Jones,687,France,Femme,24.0,3,55247.635,1,Oui,Non,79307.705,Non
1122,15656707,Ma,720,Espagne,Homme,21.0,2,61600.39,1,Oui,Oui,90356.14,Non
1123,15800746,Watson,674,France,Homme,45.0,7,72444.59,1,Oui,Oui,51295.95,Oui
1124,15776348,Rogers,835,Allemagne,Homme,20.0,4,62182.71,1,Non,Non,,Oui
1125,15646351,Somerville,486,Espagne,Homme,27.0,7,0.0,2,Oui,Non,14411.52,Non
1126,15694098,Jackson,575,France,Femme,54.0,9,34166.48,1,Oui,Oui,72195.375,Non
1127,15796218,Wei,814,Allemagne,Homme,29.0,1,65984.285,2,Oui,Oui,73846.96,Non
1128,15803457,Hao,750,France,Femme,32.0,5,0.0,2,Oui,Non,47805.735,Non
1129,15683375,Compton,541,France,Femme,32.0,4,0.0,1,Oui,Oui,57475.71,Non
1130,15622289,Rizzo,605,Espagne,Femme,36.0,9,0.0,2,Non,Oui,17760.815,Non
1131,15744327,Ruth,564,France,Homme,40.0,4,0.0,1,Oui,Non,42727.81,Oui
1132,15584545,Aksenov,532,France,Femme,40.0,5,0.0,2,Non,Oui,88549.855,Non
1133,15717231,Yang,721,Allemagne,Homme,37.0,4,49229.8,1,Non,Non,45410.83,Non
1134,15580213,McIntyre,585,France,Femme,43.0,2,0.0,2,Oui,Non,44701.27,Non
1135,15714006,Gardener,482,France,Femme,35.0,2,66555.865,1,Non,Oui,39978.975,Non
1136,15582492,Moore,535,France,Femme,29.0,2,56183.67,1,Oui,Non,92815.38,Non
1137,15787830,Bailey,452,Allemagne,Homme,33.0,7,76831.635,1,Oui,Non,55934.115,Non
1138,15815628,Moysey,711,France,Femme,37.0,8,56949.96,1,Non,Non,40107.6,Non
1139,15623630,Foster,634,Allemagne,Femme,56.0,3,58125.62,1,Non,Oui,21214.94,Oui
1140,15785342,Shipp,705,France,Homme,25.0,9,0.0,2,Non,Oui,56165.595,Non
1141,15617029,Young,596,Espagne,Femme,30.0,1,0.0,2,Oui,Non,4062.695,Non
1142,15703106,K'ung,575,France,Homme,40.0,5,0.0,2,Oui,Oui,61244.295,Non
1143,15805162,Sutherland,550,France,Homme,25.0,0,0.0,2,Oui,Oui,92110.555,Non
1144,15698167,Kumm,677,France,Femme,24.0,0,74149.295,2,Non,Non,91456.975,Non
1145,15653715,Coates,602,France,Femme,63.0,7,0.0,2,Oui,Oui,28161.605,Non
1146,15696852,Hsu,803,France,Femme,32.0,9,96061.42,1,Oui,Oui,27138.725,Oui
1147,15665077,Vogel,598,France,Femme,43.0,5,0.0,3,Oui,Oui,50361.36,Oui
1148,15750549,Akobundu,660,Allemagne,Homme,30.0,1,42220.05,2,Oui,Oui,30242.99,Non
1149,15583026,Welch,535,France,Femme,38.0,0,67959.665,1,Oui,Non,40212.825,Non
1150,15654859,Ngozichukwuka,612,,Femme,63.0,2,65814.585,2,Oui,Non,61054.79,Oui
1151,15735428,Talbot,673,Espagne,Femme,37.0,0,0.0,2,Non,Non,41175.53,Non
1152,15772941,Lane,666,Allemagne,Homme,30.0,3,55076.635,1,Non,Oui,37424.73,Non
1153,15592387,Burke,566,France,Homme,30.0,5,0.0,1,Oui,Non,27463.255,Oui
1154,15674950,Ebelechukwu,544,Allemagne,Homme,39.0,4,71203.215,2,Oui,Non,73318.725,Non
1155,15635125,Findlay,566,Espagne,Homme,63.0,2,60393.59,2,Oui,Oui,,Non
1156,15684548,Demidov,556,Espagne,Homme,38.0,8,0.0,2,Non,Non,208.705,Oui
1157,15664498,Golovanov,508,France,Homme,26.0,7,102981.0,1,Oui,Non,78212.2,Non
1158,15810390,Amadi,718,France,Femme,41.0,1,0.0,2,Non,Oui,13754.76,Oui
1159,15624595,Chiang,512,Espagne,Femme,35.0,5,62290.345,1,Oui,Oui,9392.74,Non
1160,15648933,Reilly,831,Allemagne,Homme,44.0,3,55550.49,1,Oui,Oui,14072.035,Oui
1161,15699461,Fiorentini,515,Espagne,Homme,35.0,10,88136.975,1,Non,Oui,60638.89,Non
1162,15800229,Thorpe,695,Allemagne,Homme,40.0,7,69511.12,1,Non,Oui,96691.565,Non
1163,15636105,Chung,758,Espagne,Homme,61.0,2,0.0,2,Oui,Oui,21991.205,Non
1164,15631721,Millar,691,Allemagne,Homme,38.0,9,81982.845,2,Non,Oui,51755.63,Non
1165,15625824,Kornilova,596,Espagne,Homme,30.0,6,60672.94,4,Oui,Non,20960.875,Oui
1166,15592025,Nnaemeka,651,France,Homme,,7,0.0,2,Oui,Oui,65066.205,Non
1167,15628203,Pai,637,France,Femme,38.0,3,52169.78,1,Non,Non,59941.43,Non
1168,15711378,Willis,677,France,Homme,38.0,4,0.0,2,Oui,Non,93900.315,Non
1169,15604832,Hsia,633,France,Homme,29.0,7,0.0,1,Oui,Oui,65112.365,Non
1170,15637650,Williams,549,France,Homme,50.0,9,47374.38,2,Non,Oui,6804.09,Non
1171,15617790,Hanson,626,,Femme,29.0,4,52883.64,2,Non,Non,20552.41,Non
1172,15690526,Tuan,690,Allemagne,Homme,31.0,2,68630.225,2,Oui,Non,27693.64,Non
1173,15592451,Lombardi,565,France,Homme,32.0,9,0.0,2,Oui,Non,2694.15,Non
1174,15743818,Rowley,748,Espagne,Homme,58.0,9,61165.35,2,Non,Oui,62214.595,Non
1175,15758013,Napolitano,698,France,Homme,37.0,5,49200.305,2,Non,Non,12508.64,Non
1176,15666173,Chidumaga,793,Allemagne,Femme,32.0,1,48204.49,1,Oui,Oui,69095.905,Non
1177,15730137,Udegbulam,628,France,Homme,31.0,0,44210.905,1,Non,Non,36175.235,Non
1178,15651958,Giles,756,France,Homme,27.0,8,0.0,2,Oui,Oui,78966.375,Non
1179,15790455,Obialo,478,France,Femme,50.0,2,0.0,1,Non,Oui,46666.32,Oui
1180,15610903,Chukwueloka,560,Espagne,Femme,31.0,5,62670.845,1,Oui,Non,39773.695,Non
1181,15639277,Lin,678,France,Femme,,9,0.0,1,Non,Non,6580.015,Non
1182,15612071,Wilson,763,Espagne,Femme,32.0,10,47576.885,1,Non,Oui,40655.05,Non
1183,15637947,Wei,668,Espagne,Homme,32.0,1,67223.02,1,Non,Oui,55620.685,Non
1184,15697028,McClinton,590,Espagne,Homme,34.0,0,32906.175,2,Non,Oui,80173.15,Non
1185,15729954,Azuka,586,France,Femme,28.0,5,0.0,3,Oui,Non,85243.7,Oui
1186,15715769,Hao,621,France,Homme,26.0,2,37618.77,1,Non,Oui,22110.2,Non
1187,15568982,Hao,726,France,Femme,,6,0.0,2,Oui,Oui,27362.015,Non
1188,15753332,Loftus,401,Allemagne,Homme,48.0,8,64070.085,1,Oui,Non,87876.775,Oui
1189,15628904,Bowen,733,Espagne,Homme,35.0,8,51459.19,1,Oui,Oui,22979.93,Non
1190,15618446,Nnonso,576,France,Femme,50.0,8,0.0,2,Oui,Oui,28901.31,Non
1191,15658067,Walker,636,Allemagne,Femme,48.0,3,60284.205,1,Oui,Non,95080.02,Oui
1192,15811985,Power,530,Espagne,Homme,44.0,6,0.0,2,Non,Non,27946.685,Non
1193,15571529,Kirby,650,Allemagne,Femme,48.0,7,69116.12,1,Oui,Non,28797.39,Non
1194,15778463,Ikenna,657,France,Femme,37.0,6,47922.8,1,Oui,Non,61109.115,Non
1195,15646190,Saunders,677,France,Femme,56.0,0,59981.725,1,Non,Non,79162.935,Oui
1196,15679299,Shen,726,Espagne,Femme,27.0,7,61913.035,1,Non,Oui,39485.29,Non
1197,15629575,Wheare,717,France,Homme,36.0,2,74030.945,1,Oui,Non,89564.345,Oui
1198,15762332,Ulyanova,568,Allemagne,Femme,31.0,1,30796.07,2,Oui,Oui,30898.32,Non
1199,15803886,Barber,629,Espagne,Homme,31.0,6,66438.275,1,Oui,Oui,65431.055,Non
1200,15766663,Mahmood,639,France,Homme,22.0,4,0.0,2,Oui,Non,14094.48,Non
1201,15725039,McIntyre,702,Espagne,Homme,32.0,8,35833.87,1,Oui,Oui,63041.09,Non
1202,15763625,Hazon,793,Espagne,Homme,41.0,9,0.0,2,Oui,Non,,Non
1203,15659486,Yudina,586,Allemagne,Homme,34.0,9,37154.905,1,Oui,Non,7517.465,Non
1204,15606158,Genovese,644,France,Femme,39.0,9,0.0,1,Oui,Non,1870.465,Non
1205,15573278,Kennedy,743,France,Homme,39.0,6,0.0,2,Oui,Non,22132.64,Non
1206,15788224,Sanderson,669,Allemagne,Homme,45.0,1,61974.875,1,Non,Non,55440.78,Non
1207,15572777,Meng,780,Espagne,Homme,47.0,7,43003.105,1,Oui,Oui,18986.565,Non
1208,15680346,Chuang,683,Espagne,Homme,40.0,8,0.0,1,Oui,Non,,Non
1209,15614187,Pottinger,648,Allemagne,Femme,39.0,3,63467.99,2,Non,Oui,28997.87,Non
1210,15759317,Vasilieva,748,Allemagne,Femme,27.0,2,45485.925,1,Oui,Oui,65831.235,Non
1211,15731865,Unwin,637,France,Homme,27.0,1,0.0,2,Oui,Non,45645.6,Non
1212,15569432,Macleod,656,France,Femme,48.0,9,0.0,2,Oui,Oui,42620.305,Oui
1213,15659567,Ch'iu,473,France,Femme,39.0,9,58551.63,2,Oui,Oui,42968.76,Oui
1214,15682585,Guerra,593,France,Homme,35.0,9,57096.62,1,Oui,Non,35577.05,Non
1215,15797010,Shen,649,France,Femme,31.0,2,0.0,2,Oui,Non,7600.305,Non
1216,15770174,Piazza,762,France,Homme,29.0,6,70694.53,1,Oui,Non,27061.445,Non
1217,15576304,Bailey,698,France,Homme,29.0,5,47583.775,1,Oui,Oui,76361.615,Non
1218,15752388,Doyle,643,Espagne,Femme,35.0,6,0.0,2,Oui,Oui,20774.82,Non
1219,15644200,Hamilton,807,Espagne,Femme,42.0,1,0.0,1,Oui,Non,8250.33,Oui
1220,15729083,Gorman,674,France,Homme,36.0,2,77262.85,1,Non,Oui,13734.36,Non
1221,15732202,Abramovich,615,France,Homme,34.0,1,41751.555,2,Oui,Oui,36562.265,Oui
1222,15810227,Fanucci,421,France,Homme,34.0,2,0.0,2,Oui,Oui,48307.615,Non
1223,15641675,Kirillova,611,France,Femme,49.0,2,44457.685,3,Non,Non,80717.51,Oui
1224,15727829,McIntyre,567,France,Homme,42.0,2,0.0,2,Oui,Oui,83992.305,Non
1225,15723373,Page,643,Espagne,Femme,34.0,8,58725.735,1,Oui,Non,32687.43,Non
1226,15604119,Alderete,850,Espagne,Homme,35.0,7,55174.91,1,Non,Non,63177.9,Non
1227,15777217,Somadina,641,Espagne,Homme,25.0,10,0.0,2,Oui,Oui,90404.195,Non
1228,15732943,Okwuoma,574,Espagne,Homme,36.0,4,38983.75,1,Oui,Non,83533.475,Oui
1229,15663625,Johnson,501,France,Homme,37.0,4,0.0,2,Non,Non,6235.15,Non
1230,15730345,Miah,617,France,Femme,35.0,2,52254.05,1,Oui,Oui,73818.23,Non
1231,15724150,Nkemdirim,814,France,Homme,48.0,9,68298.425,1,Oui,Oui,92895.95,Non
1232,15580579,Trevisani,490,France,Femme,40.0,1,0.0,1,Oui,Oui,24797.095,Oui
1233,15603111,Muir,850,Espagne,Homme,,10,34804.07,1,Oui,Non,48946.7,Oui
1234,15640953,Bligh,611,France,Femme,26.0,2,53754.465,2,Oui,Oui,60400.825,Non
1235,15644280,Udegbunam,593,France,Homme,45.0,4,69412.595,1,Non,Non,5414.39,Non
1236,15812007,Power,670,Espagne,Homme,25.0,6,0.0,2,Oui,Oui,39179.47,Non
1237,15693199,Shao,739,France,Femme,37.0,8,0.0,2,Oui,Non,95778.55,Oui
1238,15809872,Ikechukwu,650,France,Homme,32.0,2,42453.225,1,Oui,Non,81608.24,Non
1239,15566030,Tu,497,Allemagne,Homme,41.0,5,40271.405,1,Non,Non,44364.61,Oui
1240,15625706,White,693,Allemagne,Homme,45.0,2,58273.295,2,Non,Non,11570.14,Oui
1241,15795149,Stevens,703,France,Homme,28.0,2,40586.915,2,Non,Oui,81406.08,Non
1242,15600724,Scott,567,Allemagne,Homme,29.0,5,64875.34,1,Oui,Non,54628.795,Non
1243,15609521,Chimaraoke,803,,Homme,34.0,4,71464.58,2,Oui,Oui,57434.78,Non
1244,15773934,Fang,670,France,Homme,33.0,6,44147.3,1,Oui,Non,33489.53,Non
1245,15807889,Wood,634,Allemagne,Homme,74.0,5,54445.85,1,Oui,Non,5039.01,Non
1246,15756820,Fleming,655,France,Femme,26.0,7,53099.25,1,Non,Oui,16010.21,Non
1247,15772559,Burrows,790,France,Femme,,10,74318.105,1,Non,Oui,,Oui
1248,15795895,Yermakova,678,Allemagne,Homme,36.0,1,58932.425,2,Oui,Non,13809.53,Non
1249,15809515,Lewis,797,Allemagne,Homme,32.0,1,75961.47,1,Oui,Non,4438.53,Non
1250,15640260,Okorie,595,Allemagne,Homme,32.0,8,65540.83,2,Oui,Oui,34714.395,Non
1251,15602010,Zikoranaudodimma,850,Allemagne,Femme,45.0,5,51954.93,1,Oui,Non,30041.555,Oui
1252,15738448,Sanford,480,Allemagne,Femme,25.0,3,87165.175,2,Non,Non,90823.565,Non
1253,15723786,Morris,709,France,Femme,37.0,9,0.0,2,Oui,Non,8366.795,Non
1254,15767626,Carpenter,811,France,Homme,42.0,10,0.0,2,Oui,Oui,1898.895,Non
1255,15804104,Romani,494,France,Homme,28.0,9,57365.88,2,Non,Oui,39739.87,Non
1256,15780144,Tisdall,512,Allemagne,Femme,32.0,2,61701.925,2,Oui,Non,40060.095,Non
1257,15813159,Hairston,526,France,Homme,52.0,8,46795.235,1,Non,Oui,10614.355,Oui
1258,15699415,Lewis,618,France,Femme,46.0,6,75106.855,1,Oui,Non,60334.23,Oui
1259,15579548,Nicholson,735,,Homme,36.0,5,0.0,2,Oui,Non,52576.085,Non
1260,15675842,Pinto,656,Espagne,Homme,26.0,4,69792.285,1,Oui,Non,18154.465,Non
1261,15595391,Norris,538,France,Homme,31.0,1,0.0,2,Oui,Non,687.73,Non
1262,15588248,Hs?,617,France,Femme,28.0,0,0.0,2,Oui,Oui,3798.915,Oui
1263,15586674,Shaw,663,Espagne,Femme,58.0,5,108054.94,1,Non,Oui,37088.355,Oui
1264,15621834,Game,700,Espagne,Femme,43.0,0,0.0,2,Oui,Non,29737.675,Non
1265,15610140,He,601,France,Femme,34.0,5,0.0,2,Oui,Non,13511.285,Non
1266,15654211,Milani,559,Espagne,Femme,27.0,1,0.0,1,Non,Oui,525.165,Non
1267,15687959,Landman,573,Espagne,Femme,44.0,4,0.0,1,Oui,Oui,47431.465,Non
1268,15628272,Singh,774,France,Femme,36.0,9,57498.71,1,Oui,Non,37652.045,Non
1269,15805681,Chamberlain,716,France,Homme,41.0,9,0.0,1,Oui,Oui,56633.74,Non
1270,15798605,Tien,686,Allemagne,Homme,26.0,1,28711.31,1,Oui,Oui,39594.7,Non
1271,15676404,Kirillov,672,France,Femme,50.0,1,0.0,1,Oui,Non,6053.41,Oui
1272,15786308,Millar,730,Espagne,Femme,33.0,9,0.0,2,Non,Non,,Non
1273,15629094,Fomin,528,France,Femme,36.0,1,78474.205,1,Oui,Oui,74956.14,Oui
1274,15617401,Thomson,468,France,Homme,22.0,2,0.0,2,Oui,Non,14061.995,Non
1275,15658258,Trejo,693,France,Homme,43.0,6,64380.16,1,Oui,Non,18171.395,Non
1276,15689176,Fabro,663,France,Homme,46.0,3,0.0,2,Non,Oui,88138.05,Non
1277,15747854,Rudd,749,,Femme,35.0,3,0.0,3,Oui,Oui,66324.925,Non
1278,15737571,Matveyev,540,Espagne,Femme,28.0,6,42060.52,1,Non,Oui,40349.27,Non
1279,15581440,Christie,724,Allemagne,Femme,48.0,6,55231.625,2,Oui,Oui,40276.055,Oui
1280,15643121,Chu,753,Allemagne,Femme,35.0,5,41226.98,2,Non,Non,9127.375,Non
1281,15605968,Fancher,574,France,Homme,,8,48730.05,1,Oui,Oui,21546.835,Non
1282,15814275,Zikoranachidimma,685,France,Homme,33.0,6,87456.36,1,Oui,Oui,21966.27,Non
1283,15752912,Perkin,661,France,Femme,30.0,7,0.0,2,Oui,Non,36098.285,Non
1284,15763683,Northern,678,Allemagne,Homme,32.0,4,69813.005,1,Oui,Oui,59117.76,Oui
1285,15568104,Zubarev,749,France,Femme,26.0,6,0.0,2,Non,Oui,17474.385,Non
1286,15693347,Gardener,676,France,Femme,32.0,5,0.0,2,Oui,Oui,37732.705,Non
1287,15607381,King,769,Allemagne,Femme,31.0,7,74456.86,2,Oui,Non,26908.615,Non
1288,15696287,Converse,682,Allemagne,Femme,38.0,1,58260.14,1,Oui,Oui,24916.75,Oui
1289,15746594,Wu,732,Espagne,Homme,33.0,8,0.0,1,Oui,Non,59941.35,Non
1290,15629475,Clark,656,France,Homme,41.0,2,0.0,2,Oui,Non,79486.885,Non
1291,15752300,Sagese,607,Allemagne,Homme,47.0,4,74413.16,1,Oui,Oui,39725.305,Non
1292,15751084,Mancini,712,France,Femme,29.0,8,70085.305,1,Oui,Oui,19085.02,Non
1293,15585280,Kinney,649,France,Femme,36.0,2,0.0,2,Non,Oui,37517.74,Non
1294,15613282,Vorobyova,757,France,Homme,29.0,8,65153.245,1,Oui,Non,38734.69,Non
1295,15677610,Chambers,511,Allemagne,Femme,41.0,8,76947.825,1,Oui,Oui,19543.71,Non
1296,15759066,Carpenter,483,France,Femme,44.0,5,68418.245,1,Oui,Non,96179.95,Oui
1297,15743051,Hamilton,694,France,Homme,30.0,10,72342.015,1,Oui,Oui,15902.745,Non
1298,15623369,Clifton,708,France,Homme,52.0,10,52677.905,1,Oui,Non,61.535,Oui
1299,15812647,Yin,691,France,Homme,34.0,8,66968.02,2,Oui,Non,45679.895,Non
1300,15801256,Bazhenov,746,Espagne,Homme,49.0,7,0.0,2,Non,Oui,5048.125,Non
1301,15661548,Ferri,683,France,Femme,29.0,0,78914.56,1,Non,Non,,Non
1302,15651103,Sal,762,Espagne,Femme,69.0,9,91872.49,1,Oui,Oui,98496.845,Non
1303,15762573,Bednall,680,Espagne,Femme,34.0,7,0.0,2,Oui,Non,49474.925,Non
1304,15737354,Yin,554,France,Femme,,7,0.0,2,Oui,Oui,31854.035,Non
1305,15621195,Ch'eng,619,Allemagne,Homme,41.0,3,73987.08,2,Oui,Non,85259.415,Non
1306,15587535,Onyemauchechukwu,450,Espagne,Femme,46.0,5,88809.855,1,Oui,Non,27113.53,Non
1307,15668504,Lucchesi,770,France,Homme,36.0,2,44900.07,1,Oui,Oui,52961.345,Non
1308,15747358,Russell,643,Allemagne,Homme,59.0,3,85165.685,1,Oui,Oui,16085.895,Non
1309,15792729,Holland,474,Allemagne,Femme,34.0,9,88155.68,1,Oui,Non,80106.635,Non
1310,15597033,Speight,708,Allemagne,Homme,37.0,8,76683.065,1,Oui,Oui,13456.17,Non
1311,15780846,Redding,787,France,Homme,33.0,1,63294.405,2,Non,Oui,31081.765,Non
1312,15799042,Zaytseva,611,France,Homme,38.0,7,0.0,1,Oui,Oui,31601.0,Non
1313,15714062,Millar,690,France,Femme,40.0,9,38820.995,1,Non,Non,94525.795,Oui
1314,15776233,Kruglova,758,Allemagne,Femme,61.0,8,62698.605,1,Oui,Non,91092.045,Oui
1315,15688713,McCall,627,Espagne,Homme,44.0,6,0.0,1,Oui,Oui,57234.775,Non
1316,15763381,Chan,496,France,Homme,30.0,0,45481.745,1,Non,Oui,13901.0,Non
1317,15740043,Young,606,France,Homme,32.0,5,41580.825,1,Oui,Oui,58442.795,Non
1318,15792102,Yefremova,774,France,Femme,42.0,3,68890.825,1,Non,Non,99658.095,Non
1319,15674928,Mullah,850,Espagne,Homme,37.0,2,0.0,2,Oui,Non,59984.995,Non
1320,15766896,Chieloka,750,France,Homme,37.0,3,0.0,2,Oui,Non,8435.1,Non
1321,15685829,McKay,551,France,Homme,37.0,3,0.0,2,Oui,Oui,25289.2,Non
1322,15583073,Martin,771,Espagne,Femme,56.0,2,0.0,1,Oui,Oui,12611.3,Oui
1323,15622750,Chu,742,Allemagne,Femme,21.0,1,57146.24,1,Oui,Non,15760.2,Non
1324,15664752,Jack,606,Allemagne,Homme,39.0,8,68000.225,2,Oui,Non,15854.265,Non
1325,15665695,Potter,594,France,Femme,49.0,4,0.0,2,Oui,Oui,11815.775,Non
1326,15616280,Hsia,536,France,Homme,46.0,1,32866.705,1,Oui,Non,30547.265,Non
1327,15666332,Donaldson,690,Espagne,Femme,48.0,2,0.0,2,Oui,Oui,1574.55,Non
1328,15603554,Berkeley,513,France,Femme,45.0,0,82324.76,3,Oui,Non,24957.76,Oui
1329,15647474,Niu,613,France,Femme,40.0,9,47812.18,2,Oui,Oui,30353.165,Non
1330,15639665,Herbert,846,Espagne,Homme,61.0,0,0.0,2,Oui,Oui,48101.22,Non
1331,15799600,Coles,640,Allemagne,Homme,48.0,1,55799.66,1,Non,Oui,67997.79,Non
1332,15680449,Hsing,431,Allemagne,Femme,44.0,2,69421.85,1,Oui,Non,18844.155,Oui
1333,15717290,Onyekaozulu,688,Allemagne,Homme,41.0,2,56435.595,2,Non,Oui,,Non
1334,15649423,Cooper,580,France,Femme,35.0,8,0.0,2,Non,Oui,5178.515,Non
1335,15598883,King,599,Espagne,Femme,37.0,2,0.0,2,Oui,Oui,71869.645,Non
1336,15775562,Shoobridge,538,France,Femme,33.0,5,0.0,2,Oui,Non,63481.205,Non
1337,15773776,Ho,655,France,Femme,38.0,6,0.0,1,Oui,Oui,94319.64,Non
1338,15784161,Hargreaves,583,Allemagne,Homme,39.0,8,51472.505,1,Non,Non,26430.945,Non
1339,15624703,Okonkwo,550,Allemagne,Homme,35.0,9,64923.875,2,Oui,Non,98662.7,Non
1340,15766183,Ferguson,580,Allemagne,Homme,76.0,2,65167.42,2,Oui,Oui,25836.04,Non
1341,15780088,Porter,607,Espagne,Homme,34.0,9,66219.995,1,Oui,Non,88873.86,Non
1342,15624850,Grant,850,France,Homme,30.0,10,76986.445,2,Oui,Non,31405.515,Non
1343,15806134,Storey,707,Allemagne,Homme,34.0,9,81345.58,2,Oui,Non,47456.39,Non
1344,15639357,Allan,415,France,Homme,46.0,9,67475.095,3,Non,Non,89293.68,Oui
1345,15654489,Fomin,843,France,Femme,38.0,8,67443.765,1,Oui,Oui,5402.02,Non
1346,15644856,Bird,556,Espagne,Homme,38.0,2,57731.58,1,Oui,Non,,Non
1347,15754072,Dennis,840,Espagne,Femme,36.0,6,0.0,2,Oui,Non,70682.135,Non
1348,15650288,Summers,634,Allemagne,Homme,35.0,6,58134.505,1,Oui,Non,64982.47,Non
1349,15573348,Maclean,850,France,Homme,35.0,9,51025.235,1,Oui,Oui,1884.855,Non
1350,15747288,Ferri,838,Espagne,Femme,40.0,6,30835.595,1,Non,Oui,75329.675,Oui
1351,15570141,P'eng,724,France,Femme,34.0,3,66176.345,1,Oui,Non,40160.15,Non
1352,15774401,Chambers,773,Espagne,Homme,51.0,4,0.0,2,Non,Non,61793.915,Oui
1353,15629448,Brady,632,Espagne,Homme,38.0,1,60299.605,1,Oui,Non,46408.43,Non
1354,15567339,Shaw,735,France,Homme,73.0,9,0.0,1,Oui,Oui,57141.665,Non
1355,15658052,Cameron,626,France,Femme,44.0,10,40776.965,1,Oui,Non,10031.815,Oui
1356,15609187,Cox,455,France,Femme,27.0,5,77939.545,2,Non,Non,35387.485,Non
1357,15634628,Brown,579,France,Femme,33.0,1,32833.895,2,Non,Non,82304.49,Non
1358,15668104,Kerr,479,Espagne,Homme,37.0,6,59216.97,1,Non,Oui,80030.45,Non
1359,15578977,Robinson,786,France,Homme,34.0,9,0.0,2,Oui,Non,72258.595,Non
1360,15791216,Mann,600,Allemagne,Homme,43.0,8,66689.705,1,Oui,Non,88689.33,Oui
1361,15669175,Ts'ai,479,Allemagne,Homme,24.0,6,53818.985,2,Non,Oui,84752.915,Non
1362,15672875,Piccio,584,Allemagne,Homme,32.0,8,20086.455,1,Oui,Oui,68719.67,Non
1363,15741181,Ndubuagha,721,France,Homme,41.0,6,67535.56,1,Oui,Oui,32238.625,Non
1364,15686538,Nixon,522,France,Femme,41.0,7,0.0,2,Non,Oui,88390.195,Non
1365,15702801,Ts'ao,677,France,Femme,29.0,3,43308.175,1,Non,Non,45951.95,Oui
1366,15573152,Glassman,620,,Femme,41.0,9,0.0,2,Non,Non,44426.235,Non
1367,15610419,Chukwueloka,554,France,Homme,33.0,3,58706.975,1,Oui,Oui,6383.37,Non
1368,15680804,Abbott,850,France,Homme,29.0,6,0.0,2,Oui,Oui,5336.27,Non
1369,15799811,Herrera,724,France,Homme,40.0,10,0.0,1,Oui,Non,63923.625,Oui
1370,15585215,Yuan,763,France,Femme,31.0,4,0.0,2,Non,Non,25202.36,Non
1371,15691011,Shoebridge,591,France,Homme,42.0,9,80825.685,2,Oui,Oui,65876.985,Non
1372,15625494,Li Fonti,573,France,Femme,32.0,9,62660.92,2,Oui,Oui,65117.315,Non
1373,15692819,Toscani,665,Allemagne,Homme,32.0,1,66089.335,1,Non,Non,,Non
1374,15742668,Day,626,Espagne,Femme,37.0,6,54134.685,1,Oui,Non,2798.97,Non
1375,15605698,Harrison,746,France,Homme,58.0,3,0.0,3,Oui,Oui,40172.48,Oui
1376,15769917,Onyekachi,673,Allemagne,Femme,34.0,1,63561.395,3,Non,Oui,38351.55,Non
1377,15707132,Yudin,465,France,Homme,33.0,5,0.0,2,Non,Oui,39349.045,Non
1378,15618816,Yu,670,Allemagne,Femme,40.0,2,73585.6,1,Non,Oui,34925.02,Non
1379,15723886,Fiore,767,Allemagne,Homme,20.0,3,59857.125,2,Non,Oui,75067.69,Non
1380,15806808,Hope,834,Allemagne,Femme,57.0,8,56140.8,3,Oui,Non,70112.57,Oui
1381,15575428,Mistry,682,Allemagne,Femme,35.0,2,58719.46,2,Oui,Oui,8455.49,Non
1382,15702293,Medvedeva,588,Espagne,Femme,35.0,7,0.0,2,Oui,Oui,54369.575,Non
1383,15775203,Chia,824,France,Homme,45.0,3,64604.74,1,Non,Non,30075.885,Non
1384,15756875,Freeman,782,Espagne,Homme,34.0,6,73711.22,1,Non,Oui,21071.805,Non
1385,15646563,Wright,772,France,Femme,35.0,9,0.0,1,Non,Oui,12724.155,Non
1386,15636395,King,529,France,Femme,31.0,5,0.0,2,Oui,Non,13408.615,Non
1387,15763613,Barlow,581,France,Homme,30.0,1,0.0,2,Oui,Non,99732.04,Non
1388,15661473,Boni,780,Allemagne,Homme,51.0,4,63362.625,1,Oui,Non,97629.655,Oui
1389,15678385,Lange,465,France,Homme,25.0,2,39123.655,2,Oui,Oui,5236.155,Non
1390,15807837,Mazzanti,640,France,Femme,30.0,6,53749.85,1,Oui,Oui,93816.11,Non
1391,15762228,Barnes,506,Espagne,Homme,35.0,6,55023.465,2,Oui,Non,13159.365,Non
1392,15771000,Powell,684,France,Homme,38.0,4,0.0,3,Oui,Non,37804.92,Non
1393,15789158,Nikitina,636,Allemagne,Homme,,6,56799.87,2,Oui,Non,79443.545,Oui
1394,15688498,Chu,594,Allemagne,Femme,21.0,2,43548.41,2,Oui,Non,84093.055,Non
1395,15692750,McGregor,629,Allemagne,Femme,45.0,7,64909.195,3,Oui,Non,4608.775,Oui
1396,15701238,Chia,683,France,Homme,47.0,1,0.0,2,Oui,Non,74494.575,Non
1397,15726557,Lai,638,France,Femme,42.0,7,82839.96,1,Non,Non,16458.145,Non
1398,15807003,Jennings,762,France,Homme,32.0,10,95887.825,1,Oui,Non,89828.915,Non
1399,15735687,Chinweuba,595,Espagne,Homme,37.0,2,78542.495,1,Oui,Non,67383.565,Non
1400,15615828,Mitchell,550,France,Homme,,8,61179.75,1,Non,Non,58247.775,Non
1401,15605339,Baker,673,France,Femme,,10,0.0,2,Oui,Oui,18705.675,Non
1402,15699839,Hall,637,France,Homme,36.0,2,76303.41,1,Oui,Oui,35846.4,Non
1403,15654654,L?,725,Allemagne,Femme,33.0,7,57591.42,2,Oui,Oui,88639.705,Non
1404,15680855,Iloabuchi,637,France,Homme,33.0,2,72865.915,1,Non,Oui,54609.715,Non
1405,15631070,Gerasimova,667,Allemagne,Homme,55.0,9,77196.715,1,Oui,Oui,68837.48,Oui
1406,15701376,K'ung,668,Allemagne,Homme,37.0,10,76479.145,2,Oui,Oui,79792.805,Non
1407,15585427,Madueke,528,France,Femme,26.0,10,51036.835,2,Non,Non,83399.965,Non
1408,15574305,T'ang,680,France,Homme,36.0,3,58137.56,1,Oui,Oui,31897.9,Non
1409,15635078,Chiemela,714,Espagne,Homme,45.0,0,62346.74,1,Non,Oui,93597.075,Non
1410,15620756,Stokes,747,France,Homme,49.0,6,101452.32,1,Oui,Oui,8649.36,Oui
1411,15745716,McGregor,706,Espagne,Homme,53.0,7,0.0,2,Non,Oui,58969.585,Non
1412,15591942,Zito,611,Espagne,Femme,33.0,7,0.0,2,Oui,Oui,1864.945,Non
1413,15697042,Genovesi,738,Espagne,Homme,35.0,8,63645.305,1,Oui,Non,8040.81,Non
1414,15589224,Moore,596,Espagne,Homme,41.0,5,0.0,2,Non,Oui,70526.925,Non
1415,15679048,Koger,558,Allemagne,Homme,41.0,2,62113.57,1,Oui,Oui,55592.335,Non
1416,15607112,Chiawuotu,606,France,Homme,32.0,6,0.0,2,Non,Oui,18270.315,Non
1417,15591698,P'eng,849,Allemagne,Femme,49.0,9,66467.445,1,Oui,Non,85528.325,Oui
1418,15587611,Kauffmann,537,France,Homme,59.0,9,0.0,2,Non,Non,51899.885,Oui
1419,15811314,Y?,589,Allemagne,Femme,,9,70177.78,2,Oui,Non,68164.98,Non
1420,15722533,Logue,716,France,Femme,40.0,3,0.0,2,Non,Oui,83818.075,Non
1421,15683677,Schiavone,769,Espagne,Homme,39.0,9,0.0,1,Oui,Oui,23861.395,Non
1422,15798885,Burns,585,France,Homme,56.0,4,69113.595,2,Oui,Oui,27643.92,Non
1423,15621611,Gibson,742,Allemagne,Homme,55.0,5,77598.085,1,Non,Oui,60603.83,Oui
1424,15717893,Briggs,607,Allemagne,Homme,36.0,8,71710.87,1,Oui,Non,48939.51,Non
1425,15667451,Taylor,733,France,Homme,36.0,5,0.0,2,Oui,Oui,54563.77,Non
1426,15705991,Kenenna,469,Allemagne,Homme,,9,56799.71,1,Non,Non,5975.145,Non
1427,15804610,Valdez,601,France,Femme,41.0,1,0.0,2,Non,Oui,80303.53,Non
1428,15711843,Pisani,613,Allemagne,Homme,40.0,1,73928.41,3,Non,Non,53980.555,Oui
1429,15599152,Lai,698,France,Homme,31.0,1,78055.62,1,Non,Non,67395.37,Non
1430,15757607,Matveyeva,623,France,Homme,45.0,0,0.0,1,Oui,Non,98266.86,Oui
1431,15653404,Aliyev,684,Espagne,Femme,24.0,9,39631.95,1,Non,Oui,98287.24,Non
1432,15638329,Uspensky,522,Allemagne,Homme,25.0,1,55716.065,1,Oui,Oui,84341.785,Non
1433,15603749,Galkina,564,France,Femme,53.0,2,22736.14,1,Oui,Oui,20527.855,Oui
1434,15648725,Sinclair,660,France,Homme,41.0,3,0.0,2,Oui,Oui,54332.945,Non
1435,15706764,Spencer,560,France,Femme,35.0,1,0.0,2,Oui,Non,1850.815,Non
1436,15668594,Diggs,620,Allemagne,Femme,25.0,1,68856.005,1,Oui,Oui,38098.525,Non
1437,15725429,Vincent,623,Allemagne,Homme,33.0,8,48379.71,1,Oui,Oui,87388.99,Non
1438,15615797,Hyde,743,Allemagne,Homme,59.0,5,54292.675,1,Oui,Oui,96063.61,Oui
1439,15612769,Carr,692,France,Homme,28.0,5,30790.985,1,Oui,Oui,35089.955,Non
1440,15731760,Butcher,681,France,Homme,25.0,5,0.0,1,Non,Oui,45430.485,Non
1441,15605791,Li,524,Allemagne,Homme,29.0,9,72143.8,2,Oui,Non,16031.65,Non
1442,15689096,Beneventi,590,France,Homme,47.0,0,58939.66,1,Oui,Oui,,Non
1443,15640059,Smith,606,France,Homme,40.0,5,0.0,2,Oui,Oui,35449.635,Non
1444,15722548,Fisher,540,France,Homme,48.0,0,74058.24,1,Non,Non,58486.74,Non
1445,15629677,Distefano,687,Espagne,Femme,39.0,2,0.0,3,Non,Non,94075.3,Oui
1446,15809057,Lu,600,Espagne,Femme,27.0,6,0.0,2,Oui,Oui,86015.61,Non
1447,15773447,Fomin,526,Espagne,Homme,30.0,8,0.0,1,Oui,Non,18125.5,Non
1448,15668009,Hendley,747,Espagne,Homme,37.0,1,0.0,2,Non,Oui,90275.88,Non
1449,15737998,Cheng,529,France,Homme,46.0,8,0.0,1,Non,Non,63255.97,Oui
1450,15622985,Lin,679,France,Femme,39.0,4,0.0,1,Non,Non,86469.65,Oui
1451,15588944,Maughan,456,France,Femme,63.0,1,82675.305,2,Non,Non,70379.035,Oui
1452,15756150,Alexander,418,France,Femme,39.0,2,0.0,2,Non,Non,4520.855,Non
1453,15595136,Kryukov,645,France,Femme,37.0,1,0.0,2,Oui,Oui,34493.775,Non
1454,15732307,Lavrentiev,694,Allemagne,Homme,33.0,4,62033.66,1,Oui,Oui,38953.435,Non
1455,15800062,Lanford,850,Espagne,Homme,49.0,8,0.0,1,Non,Non,12933.835,Oui
1456,15667932,Bellucci,758,Espagne,Femme,43.0,10,0.0,2,Oui,Oui,27656.72,Non
1457,15795429,Henderson,487,France,Homme,24.0,7,66814.045,2,Oui,Oui,49285.005,Non
1458,15771509,Hirst,538,Allemagne,Femme,42.0,1,49274.31,2,Non,Oui,47023.875,Non
1459,15576602,Lawrence,809,France,Homme,38.0,3,0.0,2,Oui,Oui,40030.655,Non
1460,15748920,Cherkasova,561,France,Femme,49.0,8,0.0,2,Oui,Oui,6256.535,Non
1461,15790379,Rowe,629,Allemagne,Homme,28.0,8,54300.5,1,Oui,Oui,,Non
1462,15798659,Kennedy,526,Espagne,Femme,43.0,3,0.0,2,Oui,Non,15852.595,Non
1463,15726058,Cattaneo,754,Allemagne,Homme,27.0,7,58789.175,2,Non,Oui,43954.005,Non
1464,15616028,T'ao,694,France,Homme,30.0,2,0.0,3,Non,Oui,7519.705,Non
1465,15658532,Nnamutaezinwa,520,Espagne,Femme,63.0,5,81139.16,1,Oui,Oui,17382.665,Non
1466,15729065,Mackay,784,Allemagne,Homme,28.0,2,54980.03,2,Oui,Oui,85414.935,Non
1467,15681671,Nkemjika,850,Allemagne,Homme,28.0,2,50550.11,2,Oui,Oui,17668.655,Non
1468,15778135,T'ao,575,Espagne,Homme,43.0,3,0.0,1,Oui,Non,41797.255,Non
1469,15746564,O'Sullivan,566,France,Homme,42.0,3,54005.39,1,Oui,Oui,78743.05,Non
1470,15688951,Stoneman,789,Allemagne,Homme,43.0,8,59827.22,2,Non,Oui,74206.12,Oui
1471,15586133,Pisano,666,Allemagne,Femme,44.0,2,61157.25,1,Non,Non,34287.44,Oui
1472,15736069,Hsing,767,Allemagne,Femme,35.0,6,66126.61,1,Oui,Non,57783.285,Oui
1473,15806964,Utz,702,France,Homme,45.0,0,40396.79,1,Oui,Oui,13737.405,Non
1474,15664610,Campbell,459,Allemagne,Homme,48.0,4,66997.26,1,Oui,Oui,9643.53,Oui
1475,15590177,Chiedozie,718,France,Femme,44.0,1,66933.11,1,Non,Oui,69524.62,Non
1476,15626882,Stobie,662,Espagne,Homme,37.0,5,47450.545,1,Oui,Oui,24116.875,Non
1477,15685640,Dancy,649,France,Femme,41.0,3,65465.915,1,Oui,Oui,72404.185,Non
1478,15768151,Romano,514,Allemagne,Femme,45.0,3,54516.115,1,Non,Oui,77703.605,Oui
1479,15618661,Chidubem,535,France,Homme,30.0,6,51902.485,1,Oui,Oui,62855.265,Non
1480,15692235,Bellucci,750,France,Femme,38.0,1,0.0,2,Oui,Non,23882.495,Non
1481,15720509,Hs?,696,France,Homme,34.0,9,75428.395,1,Non,Oui,4118.39,Non
1482,15693322,Shaver,635,Allemagne,Femme,37.0,9,73374.035,1,Non,Oui,5703.79,Non
1483,15705403,Seleznyova,617,Espagne,Femme,46.0,3,53260.745,1,Non,Oui,43293.685,Non
1484,15603203,Avdeyeva,650,France,Femme,27.0,6,0.0,2,Oui,Non,501.195,Non
1485,15762882,Manna,577,Allemagne,Femme,31.0,4,30605.59,1,Oui,Oui,72625.215,Non
1486,15711457,Herz,755,France,Femme,28.0,7,62270.14,1,Non,Oui,94425.445,Non
1487,15701768,Tung,637,France,Homme,32.0,3,0.0,2,Oui,Oui,98913.53,Non
1488,15747677,Gordon,656,Espagne,Homme,69.0,6,81987.545,1,Oui,Oui,18054.25,Non
1489,15581551,Yobachukwu,850,Espagne,Homme,41.0,8,66419.035,1,Oui,Oui,87673.64,Non
1490,15631392,Douglas,654,Allemagne,Homme,43.0,9,42336.585,2,Non,Oui,41040.675,Non
1491,15711309,Sumrall,574,Allemagne,Homme,33.0,3,64917.335,1,Oui,Non,96565.71,Non
1492,15576196,Benson,743,Espagne,Femme,48.0,5,59103.845,2,Non,Non,93244.57,Oui
1493,15761043,Macleod,632,Allemagne,Femme,38.0,6,43284.88,2,Oui,Non,49045.455,Non
1494,15596761,Hawdon,515,Allemagne,Homme,60.0,9,56857.68,1,Oui,Non,9212.12,Oui
1495,15736146,Afamefula,608,Allemagne,Homme,28.0,4,48339.855,1,Oui,Oui,24566.725,Non
1496,15720893,Gilbert,637,Espagne,Femme,34.0,9,0.0,2,Non,Non,13028.54,Non
1497,15760851,Gratton,629,France,Homme,31.0,6,0.0,2,Oui,Non,46940.875,Non
1498,15772618,Tyler,665,France,Homme,25.0,7,45460.375,1,Non,Oui,56128.285,Non
1499,15751455,Boyle,469,France,Femme,48.0,5,0.0,1,Oui,Non,80264.855,Oui
1500,15654296,Estrada,754,Espagne,Femme,19.0,9,0.0,1,Oui,Non,94820.555,Non
1501,15667093,Onio,673,France,Homme,37.0,2,0.0,1,Oui,Oui,6812.01,Non
1502,15674678,Bradley,731,Allemagne,Femme,,9,39560.135,1,Non,Non,274.26,Oui
1503,15789560,Clark,668,France,Homme,42.0,8,93767.395,1,Oui,Oui,16450.205,Oui
1504,15683892,Fraser,677,Allemagne,Femme,26.0,3,51197.895,1,Oui,Non,59684.495,Non
1505,15615020,Nnaife,595,Allemagne,Femme,,9,75231.555,2,Non,Oui,40774.19,Non
1506,15784918,Brown,498,Allemagne,Homme,35.0,2,60984.055,2,Non,Oui,94171.525,Non
1507,15627385,Uwaezuoke,748,France,Homme,34.0,5,42004.735,1,Oui,Oui,68500.55,Non
1508,15733964,Russo,606,Espagne,Femme,53.0,1,54665.03,1,Oui,Oui,37930.005,Non
1509,15567923,Barese,739,France,Femme,30.0,6,0.0,1,Non,Non,61302.22,Non
1510,15645029,Knowles,771,Espagne,Femme,33.0,5,0.0,2,Oui,Non,4336.715,Non
1511,15616330,Liao,595,France,Homme,31.0,4,0.0,2,Oui,Non,94997.93,Non
1512,15680197,Thynne,701,France,Homme,41.0,10,0.0,2,Oui,Oui,73128.885,Non
1513,15625445,Parkin,572,France,Femme,36.0,8,34174.09,2,Non,Oui,25200.16,Non
1514,15581479,Archer,523,France,Homme,,1,41590.645,1,Oui,Oui,69088.39,Non
1515,15573769,Fiorentini,764,France,Femme,24.0,7,0.0,2,Oui,Non,93052.995,Non
1516,15719827,O'Donnell,767,France,Homme,36.0,3,0.0,1,Non,Non,32573.635,Non
1517,15671358,Fletcher,720,France,Homme,44.0,4,0.0,2,Oui,Non,81735.505,Non
1518,15732740,Plant,765,Espagne,Femme,32.0,9,89047.775,1,Non,Non,23623.78,Non
1519,15569120,Lucas,615,France,Homme,30.0,7,0.0,2,Oui,Oui,78173.42,Non
1520,15739271,Lei,582,Allemagne,Homme,33.0,2,61197.0,1,Oui,Oui,11056.965,Non
1521,15812888,Perreault,447,France,Homme,41.0,3,0.0,4,Oui,Oui,98745.195,Oui
1522,15790299,Williamson,592,Espagne,Homme,37.0,9,0.0,3,Oui,Oui,5328.445,Non
1523,15588695,Su,833,Espagne,Homme,32.0,6,0.0,1,Oui,Oui,22161.61,Oui
1524,15737832,Robertson,771,Espagne,Homme,45.0,0,69912.78,1,Non,Non,85492.485,Oui
1525,15620505,Celis,594,Espagne,Femme,24.0,0,48689.27,1,Oui,Oui,35702.585,Non
1526,15646490,Duffy,537,Espagne,Homme,42.0,1,95284.615,1,Non,Oui,63577.4,Non
1527,15695383,Griffin,567,Espagne,Homme,44.0,9,0.0,2,Oui,Non,,Non
1528,15669946,Jen,663,Allemagne,Femme,46.0,2,70863.44,1,Oui,Oui,29128.615,Non
1529,15781710,Carey,558,Espagne,Femme,31.0,7,0.0,2,Oui,Non,83360.14,Non
1530,15683007,Torode,739,Allemagne,Femme,25.0,5,56556.56,1,Oui,Non,64590.635,Non
1531,15583548,Harrison,525,Espagne,Femme,47.0,6,59280.0,1,Oui,Non,41261.305,Oui
1532,15793247,Hancock,498,France,Homme,34.0,5,0.0,2,Oui,Oui,45855.83,Non
1533,15789498,Miller,562,France,Homme,30.0,3,55549.895,2,Non,Non,70325.095,Non
1534,15752731,Millar,615,France,Femme,30.0,9,0.0,1,Oui,Non,43673.91,Non
1535,15592078,Davide,590,Allemagne,Femme,27.0,8,61799.745,2,Oui,Non,838.46,Non
1536,15791111,Fink,635,France,Femme,47.0,2,62862.475,2,Oui,Non,31618.485,Non
1537,15668058,Chinwendu,661,Allemagne,Homme,35.0,8,62049.27,1,Oui,Non,43339.24,Non
1538,15772412,Corser,554,Espagne,Homme,30.0,6,67685.06,1,Oui,Oui,89844.525,Oui
1539,15746190,Payton,624,Espagne,Femme,28.0,2,0.0,2,Non,Oui,52176.63,Non
1540,15599533,Tsao,569,France,Femme,43.0,7,0.0,2,Oui,Oui,38851.595,Non
1541,15623944,T'ien,511,Espagne,Femme,66.0,4,0.0,1,Oui,Non,821.555,Oui
1542,15759021,Kay,685,France,Homme,35.0,9,0.0,1,Oui,Non,83516.915,Non
1543,15750014,Chikere,755,Allemagne,Femme,37.0,0,56932.615,2,Oui,Oui,58698.125,Non
1544,15612444,Manfrin,549,France,Homme,29.0,3,0.0,2,Oui,Non,73045.19,Non
1545,15638871,Ch'ang,639,France,Homme,77.0,6,40463.01,2,Oui,Oui,27914.625,Non
1546,15635177,Williamson,597,Espagne,Femme,66.0,3,0.0,1,Oui,Oui,35266.265,Non
1547,15709474,Macnamara,740,Allemagne,Femme,57.0,3,56693.18,2,Oui,Oui,32560.815,Oui
1548,15669011,Bocharova,659,France,Femme,44.0,9,11751.655,1,Non,Oui,84931.005,Oui
1549,15601008,Stevenson,802,France,Homme,33.0,8,0.0,2,Oui,Non,71853.09,Non
1550,15795124,Pan,726,Allemagne,Homme,50.0,9,47252.175,1,Non,Oui,2539.45,Non
1551,15784958,Allan,797,France,Femme,55.0,10,0.0,4,Oui,Oui,,Oui
1552,15808849,T'ien,702,France,Homme,40.0,7,72768.45,1,Non,Oui,67667.12,Non
1553,15607040,P'an,593,Espagne,Femme,38.0,4,44368.22,2,Oui,Non,33510.015,Non
1554,15588461,Cremonesi,686,France,Homme,35.0,4,0.0,1,Oui,Non,4408.185,Non
1555,15744240,Shen,688,Allemagne,Femme,46.0,0,37229.125,1,Non,Oui,3433.155,Non
1556,15684296,Artyomova,714,France,Homme,34.0,5,70586.515,1,Non,Oui,49448.03,Non
1557,15700813,Igwebuike,522,Allemagne,Femme,25.0,5,47024.96,2,Oui,Non,51634.5,Non
1558,15592816,Udokamma,623,Allemagne,Femme,48.0,1,54038.165,1,Oui,Non,59427.63,Oui
1559,15752885,Nnonso,529,France,Homme,42.0,1,78749.45,1,Oui,Oui,41138.31,Non
1560,15579647,Oluchukwu,682,France,Homme,42.0,0,0.0,1,Oui,Oui,80414.49,Non
1561,15660688,King,701,Espagne,Femme,35.0,9,0.0,2,Non,Non,85498.43,Non
1562,15698791,Udinesi,679,France,Homme,45.0,3,73379.12,1,Oui,Non,24233.445,Non
1563,15566563,Duigan,777,France,Femme,30.0,4,68925.655,1,Oui,Non,2504.115,Oui
1564,15569878,Dale,592,France,Homme,,3,48325.515,1,Oui,Oui,1616.41,Non
1565,15801863,Marino,521,France,Femme,32.0,2,68277.505,2,Oui,Oui,64676.605,Non
1566,15808017,Cary,545,,Homme,38.0,1,44146.565,2,Oui,Oui,12151.475,Non
1567,15716381,Greece,666,Allemagne,Femme,50.0,7,54531.14,1,Oui,Oui,70068.05,Oui
1568,15773277,Barnes,676,France,Homme,35.0,5,53418.335,2,Oui,Non,42099.89,Non
1569,15614778,Robertson,579,France,Homme,31.0,6,0.0,2,Oui,Non,13074.625,Non
1570,15735849,Kanayochukwu,617,France,Femme,,2,82973.995,2,Non,Oui,84417.19,Non
1571,15672091,Ulyanov,786,Allemagne,Femme,32.0,2,52168.215,2,Non,Non,29779.905,Non
1572,15774098,Grant,701,Allemagne,Homme,38.0,3,62692.745,2,Non,Oui,26022.33,Non
1573,15793311,Smith,765,Allemagne,Femme,46.0,8,59746.44,2,Non,Oui,83448.005,Oui
1574,15713346,Panina,794,France,Homme,24.0,10,73063.375,1,Oui,Oui,44496.025,Non
1575,15604963,Fraser,661,France,Homme,39.0,5,0.0,2,Non,Non,90730.73,Non
1576,15728005,Urban,698,France,Femme,57.0,9,55679.775,2,Oui,Non,52857.505,Non
1577,15641877,Ross,681,France,Homme,47.0,9,48511.605,1,Oui,Oui,1084.065,Non
1578,15797149,Lloyd,563,Espagne,Femme,36.0,4,71840.235,2,Oui,Oui,31765.595,Non
1579,15643048,Mueller,639,France,Homme,66.0,0,0.0,2,Non,Oui,21120.27,Non
1580,15815690,Akabueze,614,Espagne,Femme,40.0,3,56674.25,1,Oui,Oui,38894.505,Non
1581,15658969,Gray,711,France,Homme,51.0,7,0.0,3,Oui,Non,19204.895,Oui
1582,15711396,Henderson,427,Espagne,Homme,40.0,8,0.0,2,Oui,Oui,41435.375,Non
1583,15579166,Munro,619,France,Femme,30.0,7,35364.585,1,Oui,Oui,80474.435,Non
1584,15730735,Henning,713,France,Homme,38.0,9,36143.42,2,Oui,Oui,13068.445,Non
1585,15752375,Ojiofor,645,Allemagne,Homme,33.0,8,74782.305,1,Non,Non,74956.92,Non
1586,15665524,Savage,605,Espagne,Homme,41.0,5,51577.33,1,Non,Non,,Non
1587,15791053,Lucciano,709,Allemagne,Homme,45.0,4,61458.855,1,Oui,Oui,5.79,Oui
1588,15661162,Akabueze,526,Espagne,Homme,49.0,2,0.0,1,Oui,Non,57269.835,Oui
1589,15793046,Holden,619,France,Femme,35.0,4,45206.56,1,Oui,Oui,10277.605,Non
1590,15689886,Holden,626,Allemagne,Homme,39.0,10,66143.96,3,Oui,Oui,25733.96,Oui
1591,15777033,Chizoba,524,France,Homme,29.0,7,0.0,2,Oui,Oui,52724.37,Non
1592,15766575,Larionova,612,Allemagne,Femme,62.0,8,70372.665,1,Oui,Non,96718.945,Oui
1593,15707634,Anenechukwu,775,France,Femme,32.0,2,54349.48,2,Oui,Oui,80534.865,Non
1594,15783349,Montague,481,Espagne,Homme,39.0,1,55616.545,1,Oui,Oui,61997.575,Non
1595,15691624,Chidiebere,820,,Homme,33.0,2,66075.13,2,Oui,Non,11533.985,Non
1596,15614827,Sun,503,France,Homme,42.0,8,52215.04,1,Oui,Oui,73778.855,Non
1597,15810864,Williamson,700,,Femme,82.0,2,0.0,2,Non,Oui,91027.68,Non
1598,15682576,Onyenachiya,763,France,Homme,67.0,1,74718.365,2,Non,Oui,53141.37,Non
1599,15731330,Tsui,652,Espagne,Femme,40.0,7,50235.67,1,Oui,Oui,62275.44,Non
1600,15621435,Davies,623,France,Femme,39.0,1,80451.6,1,Non,Non,39387.18,Non
1601,15694821,Hardy,765,Allemagne,Homme,43.0,4,74481.38,1,Non,Oui,86939.435,Oui
1602,15703292,Chimezie,573,France,Homme,26.0,8,43135.465,2,Oui,Oui,,Non
1603,15801630,Yen,558,France,Homme,,6,0.0,2,Oui,Non,86922.445,Non
1604,15670039,Sun,509,Espagne,Femme,25.0,3,54369.355,2,Oui,Non,,Non
1605,15724858,Begum,688,France,Femme,54.0,9,0.0,1,Oui,Non,95606.315,Oui
1606,15699195,Shen,709,France,Femme,24.0,3,55474.705,1,Oui,Oui,84257.805,Non
1607,15665402,Panicucci,703,Espagne,Homme,73.0,5,68880.775,1,Oui,Oui,79838.73,Non
1608,15766427,Shaw,565,Allemagne,Homme,52.0,5,48860.175,2,Oui,Non,87535.47,Oui
1609,15665376,Lavrentiev,647,Allemagne,Femme,,3,83259.315,2,Oui,Non,73965.23,Non
1610,15613734,Fallaci,640,France,Femme,33.0,6,42359.565,2,Oui,Oui,56524.395,Non
1611,15787884,Martin,692,France,Femme,30.0,7,0.0,2,Oui,Oui,9413.17,Non
1612,15806901,Henderson,584,France,Femme,39.0,2,56343.845,1,Oui,Oui,63874.805,Non
1613,15688691,Lei,665,Allemagne,Femme,51.0,9,55305.205,2,Non,Oui,556.38,Oui
1614,15778884,Jamieson,809,France,Femme,38.0,2,77381.605,2,Oui,Oui,87400.155,Non
1615,15665385,Gibney,657,France,Homme,44.0,6,38247.52,1,Oui,Non,,Non
1616,15596914,Shaw,630,Allemagne,Femme,31.0,2,56186.745,2,Oui,Oui,65583.99,Non
1617,15592761,Tung,710,France,Homme,40.0,5,0.0,2,Non,Non,81439.48,Non
1618,15609758,Geoghegan,537,France,Femme,45.0,7,79310.52,1,Oui,Non,60446.48,Oui
1619,15769703,West,550,Allemagne,Femme,45.0,8,55628.795,1,Non,Non,48811.71,Oui
1620,15751131,Moss,836,Espagne,Femme,41.0,7,75151.42,1,Oui,Oui,78018.095,Non
1621,15768945,Chibueze,627,France,Homme,27.0,1,31046.45,1,Oui,Oui,52943.52,Non
1622,15743193,Olson,644,France,Homme,37.0,6,58635.9,2,Oui,Non,52108.98,Oui
1623,15698031,Romano,587,Allemagne,Femme,39.0,6,50925.9,2,Oui,Non,3551.855,Non
1624,15659031,Mordvinova,630,France,Femme,36.0,8,63299.495,2,Oui,Oui,67203.965,Non
1625,15700383,Uvarova,763,France,Femme,35.0,7,57825.8,2,Oui,Oui,52353.145,Non
1626,15577657,McDonald,732,France,Homme,41.0,8,0.0,2,Oui,Oui,85443.085,Non
1627,15769051,Shaw,503,Espagne,Homme,25.0,7,0.0,1,Non,Oui,,Non
1628,15747534,Torkelson,595,,Homme,46.0,10,0.0,1,Oui,Non,36744.575,Oui
1629,15680611,Rose,663,France,Homme,67.0,9,0.0,3,Oui,Oui,36159.385,Non
1630,15780124,Blair,841,France,Homme,74.0,9,54065.765,1,Non,Oui,,Non
1631,15592707,Dolgorukova,531,Allemagne,Femme,64.0,2,87877.435,2,Oui,Oui,30360.7,Non
1632,15737748,McWilliam,534,Espagne,Femme,33.0,3,75616.81,1,Non,Non,99668.315,Non
1633,15808334,Mackay,776,Allemagne,Femme,37.0,1,46562.02,2,Oui,Oui,98039.66,Non
1634,15604044,Mitchell,700,France,Homme,38.0,8,67405.65,1,Oui,Non,649.875,Non
1635,15629617,Cook,572,Espagne,Homme,23.0,2,63436.76,1,Non,Oui,33520.06,Non
1636,15787155,Yang,514,Espagne,Homme,,7,0.0,1,Non,Oui,62505.12,Non
1637,15797329,Muir,626,France,Homme,43.0,4,68819.345,1,Oui,Non,65221.04,Oui
1638,15672185,Liu,590,France,Homme,47.0,3,0.0,2,Oui,Non,85887.25,Non
1639,15644356,Prokhorova,682,,Femme,,10,67016.005,1,Oui,Non,72145.485,Non
1640,15686137,Barry,456,Espagne,Homme,32.0,9,73753.125,1,Oui,Oui,67699.605,Non
1641,15693381,Tipton,533,Espagne,Homme,38.0,1,67644.665,2,Non,Oui,76478.165,Non
1642,15718921,Ho,625,Espagne,Homme,32.0,7,53478.64,1,Oui,Oui,,Non
1643,15670889,Nwachukwu,528,France,Homme,34.0,1,62783.45,1,Oui,Oui,88381.635,Non
1644,15600734,Townsend,624,Espagne,Homme,51.0,5,87198.605,2,Oui,Oui,86186.315,Non
1645,15765694,Bage,584,Espagne,Femme,59.0,1,0.0,1,Non,Oui,65130.055,Oui
1646,15619407,Buckley,615,France,Homme,39.0,4,66853.545,1,Oui,Oui,54076.375,Non
1647,15807221,Weaver,555,Espagne,Homme,21.0,1,0.0,2,Non,Non,51950.675,Non
1648,15590201,Fiorentini,500,Espagne,Femme,50.0,5,0.0,4,Oui,Oui,,Oui
1649,15623521,Sozonov,838,Espagne,Homme,43.0,9,61552.94,2,Oui,Non,72882.915,Non
1650,15761076,Lei,507,France,Homme,41.0,3,29410.16,2,Oui,Oui,69268.045,Non
1651,15812750,Ozioma,591,France,Homme,24.0,6,73680.0,1,Oui,Oui,12655.41,Non
1652,15715643,Ijendu,662,France,Homme,44.0,8,0.0,2,Oui,Oui,87657.435,Non
1653,15576935,Ampt,743,Espagne,Homme,43.0,2,80903.59,2,Non,Oui,46614.43,Oui
1654,15735636,Toscano,604,France,Femme,53.0,2,60694.89,1,Oui,Oui,24100.82,Oui
1655,15729958,Wilkinson,777,France,Homme,37.0,1,0.0,1,Oui,Oui,63418.86,Non
1656,15808557,Mancini,695,France,Femme,42.0,5,0.0,1,Non,Oui,36086.065,Oui
1657,15755825,McGuirk,666,France,Homme,,10,0.0,2,Oui,Non,51499.665,Non
1658,15811200,Ts'ao,831,France,Femme,34.0,2,0.0,2,Non,Non,82920.47,Non
1659,15781678,Pisani,470,Espagne,Homme,31.0,4,27866.46,2,Oui,Oui,51896.265,Non
1660,15726032,Enyinnaya,608,France,Homme,33.0,9,44984.345,1,Oui,Non,34388.63,Non
1661,15683483,Fleming,812,Espagne,Homme,38.0,3,63558.9,2,Oui,Oui,87411.37,Non
1662,15660878,T'ien,705,France,Homme,92.0,1,63038.12,2,Oui,Oui,17218.415,Non
1663,15787710,Tikhonov,427,Espagne,Femme,39.0,9,0.0,2,Oui,Non,14184.185,Non
1664,15623595,Clayton,586,Espagne,Femme,28.0,2,0.0,2,Oui,Oui,46033.675,Non
1665,15616811,MacDonald,535,France,Homme,47.0,0,80364.55,1,Non,Oui,72993.175,Non
1666,15765345,Wood,753,France,Homme,35.0,4,0.0,2,Oui,Oui,53151.7,Non
1667,15736124,Thompson,617,France,Homme,25.0,1,51292.94,2,Oui,Oui,57693.7,Non
1668,15654506,Chang,514,France,Homme,32.0,8,0.0,2,Oui,Non,47928.59,Non
1669,15633897,Owen,725,Allemagne,Homme,39.0,1,25440.49,2,Oui,Oui,92011.77,Non
1670,15618950,Lo Duca,644,Espagne,Homme,26.0,8,48329.82,2,Oui,Oui,69387.845,Non
1671,15696812,Lazareva,586,Espagne,Homme,42.0,6,0.0,2,Oui,Oui,61705.115,Non
1672,15690452,Tung,605,France,Homme,52.0,1,31674.875,1,Oui,Non,54443.72,Non
1673,15626507,Chukwubuikem,558,France,Homme,27.0,1,76141.695,1,Oui,Non,91635.575,Non
1674,15658148,Udokamma,657,,Homme,38.0,7,0.0,2,Oui,Non,92913.87,Non
1675,15813451,Fleetwood-Smith,677,Espagne,Homme,18.0,8,67398.435,2,Oui,Oui,57429.45,Non
1676,15730360,Mackenzie,502,France,Homme,30.0,4,0.0,2,Oui,Oui,33131.935,Non
1677,15814690,Chukwujekwu,595,Allemagne,Femme,64.0,2,52868.16,1,Oui,Oui,44967.865,Oui
1678,15772383,Toscani,613,France,Homme,36.0,9,65653.555,1,Non,Non,41671.865,Non
1679,15784923,Chimezie,705,Allemagne,Femme,37.0,3,54987.11,1,Oui,Oui,18160.435,Oui
1680,15802483,Hancock,686,France,Homme,34.0,6,73089.065,2,Oui,Oui,44418.555,Non
1681,15702789,Carter,548,Allemagne,Homme,32.0,5,87607.355,1,Oui,Oui,77582.805,Non
1682,15722061,Allen,619,Allemagne,Femme,41.0,8,71007.88,2,Oui,Non,57161.83,Non
1683,15754578,Okeke,606,France,Femme,35.0,0,67992.075,2,Oui,Non,93389.445,Non
1684,15804771,Velazquez,614,France,Homme,51.0,4,20342.96,1,Oui,Oui,23387.64,Non
1685,15663808,Ifesinachi,666,Allemagne,Femme,59.0,8,76307.255,2,Oui,Oui,94391.15,Non
1686,15648800,Paterson,731,Allemagne,Femme,21.0,8,66156.03,1,Oui,Non,53331.73,Oui
1687,15598840,Moretti,680,,Homme,33.0,1,61541.04,1,Oui,Non,67480.49,Non
1688,15643523,Power,710,Espagne,Femme,30.0,10,0.0,2,Oui,Non,9750.05,Non
1689,15574331,Alexeeva,593,,Femme,62.0,3,59116.905,1,Non,Oui,12382.765,Oui
1690,15583480,Morgan,807,France,Femme,36.0,4,0.0,2,Non,Oui,73503.665,Non
1691,15680683,Simmons,640,Espagne,Homme,29.0,5,98600.02,2,Oui,Non,70726.81,Non
1692,15711015,Hammonds,743,France,Homme,36.0,4,0.0,2,Oui,Oui,95455.51,Non
1693,15787322,Yeh,788,France,Femme,41.0,6,0.0,1,Oui,Oui,12785.685,Non
1694,15601351,Moroney,735,France,Homme,43.0,9,63903.455,1,Oui,Oui,36534.795,Non
1695,15601977,Burgoyne,497,Espagne,Homme,,2,60625.02,1,Non,Oui,39845.7,Non
1696,15634792,Weston,516,France,Femme,40.0,9,0.0,2,Non,Oui,16633.145,Non
1697,15750545,Chidiebere,629,France,Homme,44.0,5,0.0,4,Non,Non,58786.295,Oui
1698,15786196,Han,555,France,Femme,44.0,3,52885.35,3,Oui,Non,30266.98,Oui
1699,15599552,Conway,639,Espagne,Femme,54.0,2,0.0,2,Oui,Oui,26921.855,Non
1700,15750765,Sanders,650,Espagne,Homme,71.0,0,0.0,1,Oui,Oui,87690.385,Non
1701,15620030,Jamieson,744,France,Homme,29.0,1,0.0,1,Non,Non,41211.485,Non
1702,15746338,Onyekachukwu,565,France,Femme,40.0,2,0.0,2,Oui,Oui,64978.065,Non
1703,15694321,Su,619,France,Femme,28.0,3,0.0,2,Oui,Non,,Non
1704,15793803,Robinson,574,France,Homme,34.0,1,56286.195,1,Non,Non,82813.3,Non
1705,15605666,Peyser,720,France,Femme,34.0,6,55358.69,1,Oui,Oui,4699.225,Non
1706,15810075,Fang,648,France,Femme,39.0,6,65347.445,2,Oui,Oui,76977.69,Oui
1707,15690231,K'ung,612,Espagne,Femme,62.0,0,83513.305,2,Oui,Oui,96446.025,Non
1708,15721007,Charlton,776,Allemagne,Homme,33.0,8,57565.17,1,Non,Non,64762.75,Oui
1709,15593499,Stevens,686,Espagne,Femme,47.0,6,0.0,1,Oui,Non,16040.345,Oui
1710,15780386,Ferri,654,Espagne,Homme,40.0,5,52841.815,1,Oui,Non,86808.545,Non
1711,15578866,Hughes,676,France,Femme,43.0,2,0.0,1,Oui,Oui,27559.765,Non
1712,15760988,Liu,667,Allemagne,Homme,33.0,9,62286.665,2,Non,Non,341.685,Non
1713,15697497,She,518,,Femme,45.0,9,52762.825,2,Oui,Oui,,Non
1714,15811877,Shao,700,France,Femme,36.0,4,0.0,2,Oui,Non,65394.575,Non
1715,15651140,Doherty,710,France,Femme,32.0,3,0.0,1,Oui,Non,47395.17,Non
1716,15714057,Windradyne,528,Espagne,Homme,40.0,4,0.0,2,Oui,Non,12699.85,Non
1717,15753362,Evdokimov,748,Espagne,Homme,,3,0.0,2,Oui,Oui,39097.185,Non
1718,15573452,Manning,663,Allemagne,Homme,42.0,7,57965.435,1,Oui,Non,9931.39,Non
1719,15782608,Huang,743,France,Homme,43.0,5,0.0,2,Non,Non,56539.595,Oui
1720,15659501,Chioke,753,France,Femme,38.0,6,71131.725,1,Non,Oui,16865.215,Non
1721,15688128,Loggia,542,Espagne,Homme,34.0,8,54326.965,1,Non,Oui,72362.57,Non
1722,15743007,Seabrook,643,France,Femme,45.0,4,22572.215,1,Oui,Non,30458.62,Oui
1723,15679062,Morrison,734,Allemagne,Femme,47.0,10,45761.02,2,Oui,Oui,69417.955,Non
1724,15592197,Simmons,522,Espagne,Homme,30.0,3,0.0,2,Oui,Non,72745.425,Non
1725,15810891,Lorenzo,662,France,Homme,34.0,2,58865.895,2,Non,Oui,27560.395,Non
1726,15624592,Tan,603,France,Homme,31.0,8,0.0,2,Oui,Oui,84957.51,Non
1727,15579208,Chikezie,550,France,Femme,48.0,6,0.0,2,Oui,Oui,95935.14,Non
1728,15664204,Meany,706,Espagne,Homme,29.0,2,0.0,2,Oui,Oui,9127.755,Non
1729,15771383,Loggia,628,Allemagne,Femme,45.0,6,26833.72,1,Oui,Non,57511.47,Non
1730,15567114,McGarry,430,France,Homme,35.0,1,59447.11,1,Non,Non,1461.805,Non
1731,15799358,Vincent,516,France,Femme,46.0,6,31106.145,1,Non,Oui,85840.93,Oui
1732,15734524,Wang,653,France,Homme,51.0,3,0.0,1,Oui,Non,85213.325,Oui
1733,15574068,Norman,504,Allemagne,Homme,56.0,9,52108.65,1,Non,Non,27928.74,Oui
1734,15593782,Brookes,816,Allemagne,Femme,38.0,5,65439.375,3,Oui,Non,35952.885,Oui
1735,15611848,Kwemtochukwu,850,,Homme,32.0,3,68857.125,1,Non,Oui,79701.84,Non
1736,15684925,Vicars,850,France,Femme,43.0,3,0.0,2,Non,Non,1232.9,Non
1737,15684419,Wallace,709,Espagne,Femme,37.0,8,0.0,3,Oui,Non,35869.28,Non
1738,15643215,Jen,602,Allemagne,Homme,38.0,2,35833.985,2,Non,Non,68555.945,Non
1739,15727299,Edgar,445,Espagne,Homme,62.0,1,32059.69,1,Oui,Oui,38284.82,Oui
1740,15724851,Farmer,507,Allemagne,Homme,31.0,9,55794.835,1,Oui,Non,75018.595,Non
1741,15731463,Gboliwe,818,Allemagne,Homme,43.0,10,52650.75,1,Oui,Oui,39470.795,Non
1742,15643378,Muir,744,France,Homme,42.0,1,56209.96,1,Oui,Oui,41511.46,Non
1743,15593496,Korovin,526,Espagne,Femme,36.0,5,45566.09,1,Non,Non,29055.855,Non
1744,15644833,Duncan,675,France,Homme,54.0,2,0.0,1,Oui,Non,74791.835,Oui
1745,15757577,Odili,676,France,Femme,61.0,8,0.0,2,Oui,Oui,59261.365,Non
1746,15595831,Shen,579,Allemagne,Femme,64.0,6,72607.715,1,Oui,Oui,82041.86,Non
1747,15594812,Campbell,806,Espagne,Femme,37.0,2,68897.09,2,Non,Oui,37616.01,Non
1748,15725068,Quinn,701,Espagne,Femme,21.0,9,0.0,2,Oui,Oui,13163.71,Non
1749,15710404,Chinwendu,569,France,Homme,35.0,10,62262.76,1,Oui,Oui,96896.89,Non
1750,15632264,Kay,476,France,Femme,34.0,10,0.0,2,Oui,Non,13130.49,Non
1751,15715888,Allardyce,591,France,Femme,38.0,2,71144.64,1,Non,Oui,59819.425,Non
1752,15668943,Henderson,746,France,Homme,37.0,2,0.0,2,Oui,Non,71597.025,Non
1753,15794014,Schofield,838,France,Femme,34.0,8,0.0,2,Oui,Non,13736.035,Non
1754,15794278,Romani,816,Espagne,Homme,67.0,6,75929.49,1,Oui,Oui,36407.155,Non
1755,15614936,Mancini,718,,Femme,49.0,10,41160.94,1,Non,Oui,5572.2,Non
1756,15787204,Howe,774,Espagne,Femme,43.0,1,55323.27,1,Non,Non,54402.14,Non
1757,15668444,He,590,Espagne,Femme,44.0,3,69716.185,1,Oui,Non,31111.405,Non
1758,15584536,Barber,720,Allemagne,Homme,46.0,3,48521.3,1,Oui,Oui,66758.255,Oui
1759,15633461,Pai,639,Allemagne,Homme,38.0,5,65085.41,1,Oui,Oui,74799.81,Non
1760,15779886,Munson,563,Espagne,Homme,24.0,7,0.0,2,Non,Non,8159.78,Non
1761,15598485,Pinto,567,Espagne,Homme,40.0,8,14324.82,1,Oui,Oui,47570.31,Non
1762,15718667,T'ien,621,France,Homme,35.0,7,43809.645,1,Oui,Non,71.67,Non
1763,15595557,Li,798,France,Homme,22.0,8,0.0,2,Oui,Non,53807.715,Non
1764,15729599,Lorenzo,804,,Homme,33.0,7,38274.3,1,Non,Oui,,Non
1765,15694381,Lloyd,631,France,Homme,51.0,8,50327.4,1,Oui,Non,85793.95,Non
1766,15739357,Moss,756,Espagne,Homme,30.0,2,72563.925,1,Non,Non,3777.34,Non
1767,15620570,Sinnett,736,France,Homme,43.0,4,101221.735,1,Oui,Non,36187.515,Non
1768,15682355,Sabbatini,772,Allemagne,Homme,42.0,3,37537.655,2,Oui,Non,46444.26,Oui
1769,15751297,Wilson,732,France,Homme,36.0,5,0.0,2,Oui,Non,80714.125,Non
1770,15754084,Palazzi,710,Espagne,Homme,35.0,1,53259.26,1,Oui,Oui,63975.905,Non
1771,15577771,Akabueze,453,Allemagne,Femme,40.0,1,55762.245,1,Oui,Oui,60186.92,Oui
1772,15672016,Sabbatini,819,France,Homme,35.0,1,0.0,2,Non,Oui,1692.52,Non
1773,15724200,Cheng,584,France,Homme,,1,57670.775,1,Non,Oui,86816.46,Non
1774,15813532,Burns,625,France,Femme,39.0,5,0.0,2,Oui,Non,16307.605,Non
1775,15612893,Nelson,558,Espagne,Homme,45.0,4,0.0,1,Oui,Non,65903.57,Non
1776,15744279,Patterson,680,Espagne,Femme,58.0,8,0.0,2,Oui,Oui,32854.25,Non
1777,15612418,Virgo,744,France,Femme,38.0,9,0.0,2,Non,Non,10470.38,Non
1778,15661036,Davis,725,France,Homme,46.0,6,0.0,2,Oui,Non,80883.69,Non
1779,15794142,Ferreira,564,Allemagne,Femme,62.0,5,57465.675,3,Non,Oui,9130.49,Oui
1780,15711468,Tennant,527,France,Femme,32.0,7,0.0,2,Oui,Oui,22049.875,Non
1781,15756481,Garcia,636,France,Femme,39.0,3,59168.07,1,Oui,Non,92345.885,Non
1782,15670481,Woods,684,France,Femme,27.0,9,61275.025,2,Non,Oui,68917.91,Non
1783,15806403,Hu,650,France,Homme,37.0,9,0.0,2,Oui,Non,8987.04,Non
1784,15601594,Ifeanacho,698,France,Femme,51.0,6,72118.955,4,Oui,Non,78571.805,Oui
1785,15808326,Maslov,592,France,Femme,34.0,9,0.0,2,Oui,Oui,10230.1,Non
1786,15715597,Onyemauchechi,679,France,Homme,36.0,1,48617.29,1,Oui,Non,94498.54,Non
1787,15663312,Marino,494,France,Femme,35.0,9,56363.53,2,Oui,Non,91876.455,Non
1788,15687094,Calabresi,717,Allemagne,Femme,,9,41249.07,2,Non,Non,20218.835,Non
1789,15736274,Prokhorova,751,France,Homme,31.0,8,0.0,2,Non,Non,8775.245,Non
1790,15612667,Bird,680,Espagne,Homme,42.0,0,0.0,1,Oui,Non,68188.605,Non
1791,15755731,Davis,635,Allemagne,Homme,53.0,8,58502.775,1,Non,Oui,,Oui
1792,15711759,Wilkins,576,France,Femme,29.0,5,54270.52,1,Oui,Oui,63234.545,Non
1793,15653572,Thornton,673,Espagne,Homme,43.0,8,63566.48,1,Non,Oui,3004.635,Oui
1794,15605037,Ting,818,France,Femme,49.0,2,0.0,1,Non,Oui,96149.42,Oui
1795,15742886,Ford,642,France,Homme,26.0,1,69011.895,2,Non,Oui,58530.1,Non
1796,15714256,Gerasimov,666,France,Homme,30.0,7,54902.65,1,Non,Oui,81812.78,Non
1797,15580988,Odell,842,France,Homme,29.0,8,0.0,2,Oui,Oui,61718.525,Non
1798,15727311,Yen,539,France,Femme,22.0,0,50442.965,2,Oui,Oui,19386.325,Non
1799,15803941,Seleznev,600,France,Homme,46.0,10,47751.105,1,Non,Non,9921.09,Non
1800,15682467,Chimezie,725,France,Femme,36.0,1,59425.525,1,Oui,Oui,51373.51,Non
1801,15725302,Streeton,670,Espagne,Femme,20.0,4,0.0,2,Oui,Non,59879.62,Non
1802,15699450,Li,723,France,Homme,48.0,7,0.0,2,Oui,Oui,75347.29,Non
1803,15789753,Millar,480,France,Homme,40.0,6,74395.305,1,Non,Oui,39664.85,Non
1804,15605293,McKay,559,France,Femme,43.0,1,0.0,2,Oui,Oui,98322.935,Non
1805,15782144,Gilroy,522,France,Femme,34.0,3,0.0,2,Oui,Oui,1947.17,Non
1806,15689952,Zuyeva,724,Espagne,Homme,41.0,5,0.0,1,Non,Oui,57876.97,Non
1807,15763108,Davis,600,Allemagne,Homme,53.0,7,53130.815,1,Oui,Non,46814.83,Oui
1808,15787848,Chinedum,602,Espagne,Homme,30.0,9,56836.09,2,Non,Non,51067.96,Non
1809,15730639,Fiorentino,715,France,Homme,23.0,7,69612.46,2,Oui,Non,32528.855,Non
1810,15593954,Eva,516,France,Femme,47.0,6,54693.665,1,Non,Non,60682.725,Non
1811,15761720,Mead,422,France,Homme,41.0,6,76619.44,1,Oui,Non,5831.545,Non
1812,15685346,Chu,736,Espagne,Femme,26.0,4,67944.565,1,Oui,Oui,82846.015,Non
1813,15750649,Uwakwe,744,France,Femme,44.0,3,0.0,2,Oui,Oui,94508.07,Non
1814,15784445,Huang,717,Espagne,Homme,,1,49553.365,1,Non,Non,97233.615,Non
1815,15582892,Scott,601,France,Homme,46.0,2,49893.035,1,Oui,Oui,,Oui
1816,15678727,Tan,770,Allemagne,Homme,45.0,4,55382.84,1,Oui,Non,13081.87,Oui
1817,15566660,Cole,670,France,Femme,41.0,10,0.0,3,Oui,Non,40801.01,Non
1818,15734044,Black,671,France,Femme,31.0,7,20649.515,1,Non,Oui,51340.66,Non
1819,15604551,Robb,732,France,Femme,35.0,3,0.0,2,Oui,Non,45438.475,Non
1820,15644994,Ko,714,Allemagne,Homme,54.0,4,68993.29,2,Non,Oui,25654.27,Oui
1821,15624775,Onyeoruru,729,France,Homme,67.0,2,47101.9,1,Non,Oui,51195.53,Non
1822,15586504,Trevisani,694,France,Homme,40.0,9,0.0,2,Oui,Non,20231.515,Non
1823,15706810,Zuyeva,606,Allemagne,Femme,32.0,1,53150.925,2,Non,Oui,,Non
1824,15576774,Stevenson,729,France,Femme,38.0,7,0.0,2,Non,Non,22889.95,Non
1825,15600720,Moore,652,Espagne,Homme,41.0,8,57572.34,1,Oui,Non,94452.715,Non
1826,15647838,Davison,648,,Femme,51.0,2,58287.42,1,Oui,Non,2060.52,Oui
1827,15741643,Chiang,777,Allemagne,Homme,35.0,7,61458.845,1,Oui,Oui,38084.84,Non
1828,15739160,Mahon,849,France,Femme,41.0,9,57732.64,1,Oui,Non,51587.25,Non
1829,15615296,Rice,405,France,Homme,39.0,10,0.0,1,Oui,Non,80405.425,Oui
1830,15758513,McDonald,569,France,Homme,43.0,7,0.0,2,Oui,Non,26267.405,Non
1831,15579969,Mancini,683,France,Femme,32.0,9,0.0,2,Oui,Oui,12495.96,Non
1832,15694288,Cawthorne,468,Espagne,Homme,28.0,3,0.0,2,Oui,Non,85330.51,Non
1833,15569248,Milanesi,554,France,Femme,43.0,10,0.0,2,Oui,Non,74814.565,Oui
1834,15758939,Bray,540,,Homme,35.0,7,63900.94,1,Non,Oui,,Non
1835,15758477,Tobeolisa,547,France,Femme,32.0,2,0.0,2,Oui,Non,66001.415,Non
1836,15645271,Radcliffe-Brown,615,Allemagne,Homme,24.0,8,54264.035,2,Non,Non,89744.205,Oui
1837,15781127,Giordano,663,Espagne,Femme,33.0,8,48384.52,1,Oui,Oui,18432.025,Non
1838,15777826,Wofford,643,France,Homme,30.0,5,47221.885,1,Oui,Oui,82807.2,Non
1839,15615832,Teague,675,,Femme,35.0,8,77810.54,1,Non,Oui,17588.655,Non
1840,15674110,Walton,701,France,Femme,43.0,2,80208.28,1,Non,Oui,18633.215,Non
1841,15766272,Folliero,521,Allemagne,Femme,61.0,0,62596.98,1,Oui,Oui,54678.265,Non
1842,15757895,Martin,569,Allemagne,Homme,30.0,6,53314.745,1,Non,Oui,22057.44,Non
1843,15776467,De Salis,702,Espagne,Femme,35.0,8,7131.4,2,Oui,Non,27344.58,Non
1844,15750055,Onio,503,Espagne,Homme,32.0,9,50131.44,2,Oui,Oui,78960.625,Non
1845,15640407,Chidiegwu,821,Allemagne,Homme,45.0,0,67913.665,2,Oui,Oui,65889.29,Non
1846,15677783,Graham,764,Espagne,Homme,38.0,4,56803.735,1,Oui,Non,45547.23,Non
1847,15622217,Tu,538,France,Femme,38.0,8,44379.475,2,Non,Non,14113.075,Oui
1848,15795511,Vasiliev,800,Allemagne,Homme,39.0,4,47626.36,1,Oui,Non,,Non
1849,15807481,Peng,577,France,Femme,46.0,1,0.0,1,Oui,Oui,79375.265,Non
1850,15606755,Moretti,597,Espagne,Femme,46.0,4,0.0,2,Oui,Non,29333.58,Oui
1851,15774936,Liang,543,Allemagne,Homme,41.0,6,71675.205,1,Oui,Oui,96035.08,Oui
1852,15625881,Koehler,634,Allemagne,Homme,37.0,3,55716.385,2,Oui,Oui,83516.245,Non
1853,15770405,Warlow-Davies,613,France,Femme,27.0,5,62583.87,1,Oui,Non,99552.26,Non
1854,15699284,Johnson,584,France,Homme,49.0,8,86356.72,1,Oui,Non,56930.405,Non
1855,15613197,Ugochukwutubelum,590,France,Homme,40.0,8,0.0,2,Oui,Non,31466.515,Non
1856,15771211,Perkins,668,France,Homme,38.0,10,43488.98,1,Non,Oui,18547.375,Non
1857,15811290,Komarova,680,Allemagne,Homme,44.0,0,64987.395,2,Oui,Oui,16695.69,Non
1858,15725002,Smith,749,France,Homme,37.0,7,0.0,2,Oui,Non,10153.395,Non
1859,15714493,Francis,465,Espagne,Femme,33.0,6,0.0,2,Oui,Oui,47750.49,Non
1860,15739223,Pai,688,Espagne,Femme,24.0,3,0.0,2,Oui,Oui,51097.58,Non
1861,15654577,Alexeeva,549,Allemagne,Homme,54.0,5,46438.665,1,Oui,Non,1309.82,Oui
1862,15778975,Nnonso,850,Allemagne,Femme,70.0,1,48473.79,3,Oui,Non,31141.495,Oui
1863,15764618,Tseng,815,Espagne,Femme,39.0,6,0.0,1,Oui,Oui,42583.94,Non
1864,15801920,Christian,727,Allemagne,Homme,39.0,5,40307.73,2,Non,Non,90481.16,Non
1865,15645847,P'eng,569,Allemagne,Homme,35.0,2,54598.33,3,Oui,Non,54696.595,Oui
1866,15624424,Palerma,678,Espagne,Femme,49.0,1,0.0,2,Oui,Oui,51236.45,Non
1867,15794101,Barese,559,France,Femme,48.0,2,0.0,2,Non,Oui,68980.705,Non
1868,15774277,Chiu,809,France,Homme,43.0,2,0.0,2,Oui,Oui,66454.035,Non
1869,15566958,Li Fonti,667,Espagne,Homme,39.0,7,83778.56,1,Oui,Oui,20591.51,Non
1870,15813444,McIntosh,590,Espagne,Femme,34.0,6,0.0,2,Oui,Non,85510.72,Non
1871,15749123,Sokolova,743,Espagne,Homme,45.0,7,78666.13,1,Oui,Non,62712.21,Non
1872,15744873,Wright,657,Allemagne,Femme,48.0,5,71797.935,1,Non,Non,50657.325,Oui
1873,15689425,Olejuru,687,Espagne,Homme,35.0,8,50494.195,2,Oui,Non,11123.635,Non
1874,15658364,Laney,807,Allemagne,Femme,40.0,1,67295.105,1,Oui,Oui,23126.825,Non
1875,15626485,Lu,601,France,Femme,26.0,8,39446.115,1,Oui,Oui,11851.76,Non
1876,15656471,Mitchell,773,France,Homme,33.0,9,0.0,2,Oui,Oui,,Non
1877,15745355,Golibe,597,France,Homme,41.0,4,76599.115,1,Oui,Oui,46045.18,Non
1878,15697879,Webb,701,France,Homme,30.0,3,78330.36,2,Oui,Non,22871.21,Non
1879,15760849,Nwachukwu,537,France,Homme,39.0,2,0.0,2,Oui,Oui,68825.8,Non
1880,15767064,Davide,614,Espagne,Femme,36.0,1,22027.42,1,Oui,Oui,36664.54,Non
1881,15701352,Fanucci,611,Espagne,Femme,28.0,3,48190.84,2,Oui,Non,90709.645,Non
1882,15669899,Fitts,755,Allemagne,Femme,45.0,7,67821.5,1,Non,Non,71809.76,Oui
1883,15806486,Cunningham,705,France,Femme,48.0,0,0.0,2,Non,Non,74886.305,Non
1884,15678882,Hay,540,Allemagne,Homme,37.0,3,64982.59,1,Non,Non,9687.04,Non
1885,15691061,Rapuokwu,740,France,Femme,37.0,9,0.0,2,Oui,Oui,36612.655,Non
1886,15744942,Steele,638,,Femme,55.0,2,77914.11,1,Non,Oui,54493.625,Oui
1887,15585907,Collier,676,Espagne,Femme,30.0,5,0.0,2,Non,Non,89533.29,Non
1888,15793049,Atkins,680,Allemagne,Femme,48.0,8,57557.69,1,Oui,Non,69779.3,Oui
1889,15790809,Lo Duca,685,Espagne,Homme,40.0,7,37448.46,1,Oui,Non,99347.1,Non
1890,15772216,Henry,738,France,Femme,67.0,1,65326.26,1,Non,Oui,,Non
1891,15733234,Moretti,777,France,Femme,58.0,4,0.0,1,Oui,Oui,31224.535,Oui
1892,15745001,Kovalev,683,Espagne,Femme,36.0,7,0.0,2,Oui,Non,52393.295,Non
1893,15579109,Napolitano,574,,Homme,35.0,5,81928.38,1,Oui,Oui,7559.1,Non
1894,15814035,Lawrence,601,,Homme,29.0,9,0.0,1,Oui,Oui,40196.635,Non
1895,15707042,Dellucci,634,France,Femme,24.0,2,43706.595,1,Oui,Non,31670.325,Non
1896,15591036,Genovesi,577,Allemagne,Femme,,3,63970.235,1,Non,Non,62570.36,Oui
1897,15619935,Vanmeter,783,Espagne,Femme,59.0,9,63112.435,1,Oui,Oui,,Non
1898,15601873,Bull,677,France,Femme,36.0,7,0.0,1,Oui,Non,23659.375,Non
1899,15790683,Matthews,850,France,Homme,36.0,1,52038.595,2,Non,Oui,34297.0,Non
1900,15642991,Tung,850,Espagne,Femme,29.0,7,0.0,2,Oui,Non,11618.625,Non
1901,15741094,Sagese,693,France,Homme,21.0,1,0.0,2,Oui,Oui,1747.01,Non
1902,15606076,Golubev,718,Allemagne,Homme,63.0,7,61602.44,1,Oui,Oui,50269.4,Non
1903,15791045,Boni,568,France,Femme,38.0,3,66475.96,1,Non,Oui,62243.14,Non
1904,15584505,Hill,580,France,Femme,23.0,5,56961.905,2,Non,Non,98120.715,Non
1905,15710206,Larson,591,France,Femme,39.0,4,75250.32,1,Oui,Non,7464.4,Non
1906,15662403,Kryukova,622,France,Femme,32.0,6,84544.69,2,Oui,Non,50528.975,Non
1907,15767414,Calabresi,591,France,Homme,40.0,2,49943.21,2,Oui,Oui,44347.595,Non
1908,15574554,Pugh,537,Allemagne,Homme,66.0,8,51645.625,2,Oui,Oui,65332.395,Non
1909,15647099,Ts'ui,633,France,Femme,,9,78045.985,1,Oui,Non,36004.305,Non
1910,15589488,Ch'eng,686,Allemagne,Femme,56.0,5,55821.04,1,Oui,Oui,40276.935,Non
1911,15764284,Torres,714,Espagne,Homme,27.0,3,0.0,3,Oui,Oui,64565.045,Non
1912,15703482,Walker,710,Allemagne,Homme,34.0,9,67130.18,2,Oui,Non,73537.335,Non
1913,15765014,Mai,547,France,Femme,48.0,1,89690.37,2,Non,Oui,34631.55,Non
1914,15738088,Parkin,634,Espagne,Homme,63.0,10,0.0,2,Oui,Non,15386.43,Oui
1915,15689412,Christie,604,France,Femme,32.0,7,63924.69,1,Oui,Non,7899.35,Non
1916,15786249,Whitfield,616,Espagne,Homme,30.0,2,0.0,2,Oui,Non,99549.755,Non
1917,15706534,Enyinnaya,581,,Femme,47.0,1,61474.57,1,Non,Non,90125.84,Oui
1918,15669290,Fan,603,France,Homme,38.0,8,29680.385,1,Oui,Oui,95728.53,Non
1919,15737814,Lo,622,France,Homme,,2,63543.53,1,Oui,Non,51201.455,Oui
1920,15813363,Woods,448,Espagne,Homme,25.0,2,0.0,2,Non,Non,47607.865,Non
1921,15653347,Chiu,560,Espagne,Homme,47.0,1,0.0,1,Non,Non,64441.33,Oui
1922,15605835,Rice,743,France,Homme,37.0,8,34571.955,2,Non,Oui,52890.09,Non
1923,15677217,Ibragimova,705,France,Homme,30.0,1,0.0,1,Oui,Oui,90650.16,Non
1924,15634949,Hay,593,Allemagne,Homme,74.0,5,80717.18,2,Oui,Oui,32766.085,Non
1925,15738907,Tobenna,798,France,Femme,60.0,6,48478.05,1,Oui,Non,15953.72,Oui
1926,15618926,Nwachukwu,520,Espagne,Homme,43.0,7,0.0,2,Oui,Oui,18101.37,Non
1927,15784180,Ku,564,France,Femme,,7,103164.825,1,Oui,Oui,23316.435,Oui
1928,15762745,Macvitie,648,Espagne,Homme,32.0,8,0.0,1,Oui,Non,66826.69,Non
1929,15687527,Yobachukwu,638,Espagne,Homme,35.0,1,0.0,2,Oui,Non,82685.33,Non
1930,15641733,Mishina,671,France,Femme,34.0,5,82378.78,1,Oui,Non,55374.44,Non
1931,15654274,Corrie,540,France,Homme,,6,0.0,2,Oui,Non,70999.445,Non
1932,15626742,Carpenter,694,France,Homme,36.0,3,48765.125,1,Oui,Oui,,Non
1933,15660403,Fleming,827,Espagne,Femme,35.0,0,0.0,2,Non,Oui,92257.005,Non
1934,15775124,Watterston,763,Espagne,Homme,37.0,8,0.0,2,Oui,Oui,466.69,Non
1935,15639278,Chinomso,580,Allemagne,Femme,36.0,6,72693.66,2,Oui,Oui,84981.6,Oui
1936,15647301,Bray,549,Allemagne,Femme,,3,71867.005,2,Oui,Oui,48202.19,Non
1937,15642885,Gray,792,France,Homme,30.0,8,0.0,2,Oui,Non,99822.1,Non
1938,15656426,Tyler,713,France,Femme,42.0,3,0.0,2,Non,Non,41282.505,Non
1939,15582841,Butusov,600,France,Homme,29.0,8,0.0,2,Non,Oui,17373.715,Non
1940,15753079,Chidi,612,France,Homme,41.0,5,0.0,3,Non,Non,75628.11,Non
1941,15679429,Bell,694,France,Homme,32.0,0,45978.245,1,Oui,Oui,29980.905,Non
1942,15597885,Kerr,772,France,Homme,43.0,6,0.0,2,Oui,Oui,28837.94,Non
1943,15783859,Boni,733,France,Femme,24.0,3,80942.495,1,Oui,Oui,4808.62,Non
1944,15709511,Watt,622,France,Homme,43.0,8,0.0,2,Oui,Non,50309.085,Non
1945,15754940,Descoteaux,597,Espagne,Homme,43.0,2,42581.13,1,Non,Oui,2552.04,Oui
1946,15746422,Muir,636,France,Femme,38.0,1,0.0,1,Oui,Non,22507.69,Non
1947,15710087,Nicholls,705,Allemagne,Femme,54.0,3,62944.65,3,Oui,Non,48006.75,Oui
1948,15794413,Harris,416,,Homme,32.0,0,0.0,2,Non,Oui,439.435,Non
1949,15674750,Alexeyeva,481,Espagne,Femme,37.0,8,0.0,2,Oui,Non,22107.93,Non
1950,15670103,Dickinson,565,France,Femme,38.0,5,63322.565,1,Oui,Oui,84151.775,Non
1951,15568487,Gorshkov,712,France,Homme,35.0,7,62308.115,1,Oui,Oui,34660.485,Non
1952,15636999,Mao,414,France,Homme,38.0,8,0.0,1,Non,Oui,38830.56,Oui
1953,15711314,Kao,589,,Femme,45.0,1,0.0,1,Non,Non,62969.61,Oui
1954,15660980,Cairns,597,Espagne,Homme,38.0,6,57851.335,2,Oui,Oui,12529.525,Non
1955,15737792,Abbie,818,France,Femme,31.0,1,93398.185,1,Non,Non,89126.315,Non
1956,15757425,Fleming,716,France,Femme,38.0,1,0.0,2,Oui,Oui,49830.73,Non
1957,15725094,Fang,623,France,Femme,37.0,4,70105.94,1,Oui,Oui,46916.165,Non
1958,15570145,Long,763,France,Femme,23.0,2,0.0,2,Oui,Non,76991.995,Non
1959,15750755,Yobachi,449,Espagne,Femme,33.0,8,0.0,2,Non,Non,78396.445,Non
1960,15597930,Wilson,646,France,Homme,52.0,8,29834.715,1,Non,Non,86247.905,Oui
1961,15689692,Walker,598,Allemagne,Homme,19.0,3,75174.185,1,Oui,Oui,86892.02,Non
1962,15698816,Tuan,721,Espagne,Femme,33.0,4,36267.725,1,Oui,Oui,51965.745,Non
1963,15718572,Willis,600,Allemagne,Homme,57.0,9,69228.015,2,Oui,Oui,51774.125,Non
1964,15598259,Gregory,673,Allemagne,Femme,41.0,9,49306.05,1,Oui,Non,75674.675,Non
1965,15640106,Mason,613,France,Homme,40.0,7,62169.95,1,Non,Non,96654.79,Non
1966,15637366,Su,505,Allemagne,Femme,25.0,5,57134.425,2,Oui,Oui,63364.135,Non
1967,15730540,Simpson,794,Espagne,Homme,45.0,8,44328.185,2,Oui,Non,58273.655,Non
1968,15638355,Woods,658,France,Femme,35.0,5,63198.83,1,Non,Non,78180.79,Oui
1969,15768600,Harris,805,Allemagne,Homme,50.0,9,65011.69,1,Oui,Non,31494.91,Oui
1970,15637993,Pokrovsky,711,France,Homme,36.0,9,68844.355,1,Oui,Oui,,Non
1971,15807167,Konovalova,635,France,Homme,42.0,1,73383.36,2,Non,Oui,82178.55,Non
1972,15778157,Murray,598,Espagne,Homme,27.0,8,45360.76,2,Oui,Non,54648.09,Non
1973,15726354,Smith,688,France,Femme,32.0,6,61578.975,1,Oui,Non,86265.615,Non
1974,15750141,Reichard,721,Allemagne,Femme,36.0,3,32626.535,2,Oui,Non,14368.89,Non
1975,15672132,Butusov,695,France,Femme,42.0,7,60726.815,1,Non,Non,23187.32,Non
1976,15741195,Okechukwu,613,Espagne,Homme,19.0,5,0.0,1,Oui,Oui,88451.675,Non
1977,15804075,Chuang,628,Allemagne,Femme,36.0,3,45643.255,1,Oui,Non,,Non
1978,15645717,Avdeeva,732,France,Homme,62.0,2,0.0,2,Oui,Oui,12719.435,Non
1979,15711287,Ahmed,661,Espagne,Femme,35.0,5,64207.725,1,Oui,Non,71313.245,Non
1980,15811613,Voss,588,France,Femme,27.0,8,0.0,1,Oui,Non,10033.19,Non
1981,15788218,Henderson,549,Espagne,Femme,24.0,9,0.0,2,Oui,Oui,7203.205,Non
1982,15689980,Willis,725,Espagne,Femme,36.0,4,59260.13,1,Non,Non,65586.95,Oui
1983,15663921,Pisani,429,France,Homme,60.0,7,0.0,2,Oui,Oui,81845.74,Non
1984,15630698,Hay,745,France,Femme,55.0,9,55061.795,1,Non,Oui,25774.07,Oui
1985,15683544,Buccho,626,Espagne,Homme,62.0,3,0.0,1,Oui,Oui,32505.37,Non
1986,15755416,Hart,557,France,Femme,27.0,3,43869.54,1,Oui,Oui,61548.28,Non
1987,15802362,Newland,550,,Homme,45.0,0,0.0,2,Non,Oui,35199.855,Non
1988,15574142,Chuang,458,Allemagne,Femme,28.0,2,85966.13,2,Oui,Oui,4789.12,Non
1989,15760427,Cameron,850,France,Homme,40.0,6,62394.09,1,Oui,Non,32806.06,Non
1990,15592300,Mai,543,Espagne,Homme,35.0,10,29704.315,1,Oui,Non,38386.765,Non
1991,15677871,Cocci,687,France,Homme,38.0,9,61285.435,1,Oui,Oui,17804.44,Non
1992,15570086,Lynch,684,Allemagne,Homme,18.0,9,45272.0,1,Non,Oui,2388.615,Non
1993,15728542,Vorobyova,850,France,Femme,71.0,4,0.0,2,Oui,Oui,53618.435,Non
1994,15580956,McNess,683,Allemagne,Femme,43.0,4,57944.02,1,Oui,Oui,58674.595,Oui
1995,15811415,Jenks,691,France,Femme,44.0,6,67033.05,2,Oui,Oui,98786.205,Non
1996,15598982,Klein,602,,Femme,53.0,5,49134.42,1,Non,Oui,22519.145,Oui
1997,15572631,Ndubuisi,609,France,Homme,25.0,10,0.0,1,Non,Oui,54947.58,Non
1998,15746674,Miller,730,France,Femme,47.0,7,0.0,1,Oui,Non,16686.63,Oui
1999,15689081,Wu,692,France,Homme,29.0,4,0.0,1,Oui,Non,38377.995,Oui
2000,15651627,White,628,Allemagne,Homme,39.0,1,57670.595,1,Oui,Oui,53837.15,Oui
2001,15601116,P'an,686,France,Homme,32.0,6,0.0,2,Oui,Oui,89546.63,Non
2002,15766374,Leak,632,Allemagne,Homme,42.0,4,59812.3,2,Oui,Oui,97989.43,Non
2003,15716994,Green,559,Espagne,Homme,24.0,3,57369.96,1,Oui,Non,42945.51,Oui
2004,15730759,Chukwudi,561,France,Femme,27.0,9,67818.5,1,Oui,Non,76540.2,Oui
2005,15797900,Chinomso,517,France,Homme,56.0,9,71073.66,1,Non,Non,19744.02,Oui
2006,15594340,Tao,569,France,Homme,41.0,4,60121.745,1,Oui,Non,81575.015,Oui
2007,15769955,Onuora,683,France,Femme,40.0,1,0.0,2,Non,Non,37881.0,Non
2008,15654870,Longo,759,France,Femme,45.0,8,0.0,2,Oui,Oui,49625.62,Non
2009,15614230,T'an,426,France,Femme,34.0,3,0.0,2,Oui,Oui,30615.415,Non
2010,15657214,Hsia,601,France,Homme,74.0,2,0.0,2,Non,Oui,25777.29,Non
2011,15600392,Amaechi,735,France,Femme,53.0,8,61922.68,2,Non,Oui,85227.465,Oui
2012,15574692,Pinto,667,Espagne,Femme,39.0,2,0.0,2,Oui,Non,20360.62,Oui
2013,15663885,Blinova,741,France,Homme,32.0,5,0.0,1,Oui,Oui,32419.615,Non
2014,15731519,Kerr,511,France,Femme,30.0,5,0.0,2,Oui,Non,71997.43,Non
2015,15661708,She,508,France,Femme,41.0,5,0.0,2,Oui,Oui,47085.42,Non
2016,15812073,Palmer,529,France,Femme,31.0,7,0.0,2,Oui,Oui,87848.935,Non
2017,15761149,Teng,673,France,Femme,44.0,8,66722.485,1,Non,Oui,2854.095,Non
2018,15712568,Angelo,515,Espagne,Homme,40.0,10,60677.995,1,Oui,Non,69180.145,Non
2019,15687153,Graham,850,Allemagne,Homme,49.0,8,49324.775,1,Oui,Non,59587.44,Oui
2020,15599386,Black,627,Allemagne,Homme,28.0,5,35548.615,1,Oui,Oui,65252.245,Non
2021,15679804,Esquivel,636,France,Homme,36.0,5,58779.525,2,Oui,Oui,55786.65,Non
2022,15793883,Lo Duca,798,France,Homme,28.0,3,0.0,2,Oui,Non,1152.635,Non
2023,15748231,Hargreaves,700,Allemagne,Homme,35.0,4,47926.695,2,Oui,Non,96466.685,Non
2024,15742511,Gordon,514,France,Homme,35.0,3,60515.45,1,Oui,Non,5004.34,Non
2025,15691627,Tai,713,France,Femme,37.0,8,0.0,1,Oui,Oui,8201.705,Non
2026,15701936,Bell,467,Allemagne,Homme,28.0,10,63157.63,1,Oui,Non,16174.645,Oui
2027,15752047,Trevisano,689,Allemagne,Homme,33.0,2,80907.32,2,Oui,Non,84690.95,Non
2028,15799300,Kao,510,Allemagne,Homme,31.0,0,56844.315,1,Oui,Non,16549.705,Oui
2029,15739858,Otitodilichukwu,618,France,Homme,56.0,7,0.0,1,Oui,Oui,71200.135,Oui
2030,15696859,Oldham,474,France,Homme,45.0,10,0.0,2,Non,Non,86087.95,Non
2031,15661330,Gilbert,754,France,Homme,37.0,6,0.0,1,Oui,Oui,58070.86,Non
2032,15797165,Bergamaschi,703,France,Homme,56.0,9,0.0,1,Non,Non,42773.665,Oui
2033,15572360,Clark,683,France,Homme,30.0,10,28828.745,1,Non,Non,39620.45,Non
2034,15631512,Schneider,597,France,Femme,26.0,8,74994.695,1,Oui,Non,21165.29,Non
2035,15799932,Iweobiegbunam,812,France,Homme,24.0,10,0.0,2,Oui,Oui,78453.075,Non
2036,15794253,Marsh,832,Espagne,Femme,34.0,6,69095.065,2,Non,Oui,73255.6,Non
2037,15738980,Yobanna,506,France,Homme,43.0,2,0.0,2,Oui,Non,52784.3,Non
2038,15783030,Owens,685,France,Femme,40.0,7,0.0,1,Oui,Non,36426.37,Oui
2039,15578865,Palerma,632,Allemagne,Femme,50.0,5,53979.695,1,Oui,Oui,3492.67,Oui
2040,15670163,Verjus,666,France,Femme,27.0,4,0.0,2,Non,Non,44375.725,Non
2041,15570051,Gill,775,Allemagne,Femme,38.0,6,89943.205,2,Non,Non,76561.29,Non
2042,15565701,Ferri,698,Espagne,Femme,39.0,9,80996.945,1,Non,Non,45106.19,Non
2043,15593636,Cardus,657,France,Femme,39.0,4,40146.905,1,Oui,Non,48596.38,Non
2044,15599440,McGregor,748,France,Femme,34.0,8,0.0,2,Oui,Non,26792.015,Non
2045,15618255,Fedorov,642,Allemagne,Femme,56.0,6,51622.43,2,Oui,Non,71524.86,Oui
2046,15770291,Allan,844,France,Femme,,8,0.0,2,Non,Non,73671.015,Non
2047,15659002,Mazzanti,766,France,Femme,45.0,6,0.0,2,Non,Non,73592.37,Non
2048,15579130,Chidiegwu,708,Allemagne,Femme,43.0,0,59497.42,1,Oui,Non,90749.885,Oui
2049,15742238,Dellucci,705,Allemagne,Homme,,4,68248.06,2,Oui,Non,58336.01,Non
2050,15692259,Baresi,695,France,Femme,29.0,9,0.0,2,Oui,Non,55782.725,Non
2051,15638068,Thompson,507,Espagne,Homme,,7,0.0,2,Oui,Non,33963.09,Non
2052,15659820,Cross,614,France,Femme,34.0,5,0.0,2,Oui,Non,92780.945,Non
2053,15673929,Chin,543,France,Homme,64.0,4,0.0,2,Oui,Oui,74152.91,Non
2054,15804787,Onyemauchechukwu,562,France,Homme,75.0,5,43570.425,1,Oui,Oui,19675.82,Non
2055,15753888,Johnston,607,Espagne,Femme,62.0,8,54002.32,1,Oui,Oui,11693.385,Oui
2056,15809999,Gordon,709,France,Femme,41.0,3,75150.325,2,Oui,Non,35836.43,Non
2057,15728906,Ibekwe,634,France,Homme,77.0,5,0.0,2,Oui,Oui,80789.925,Non
2058,15658169,Cook,778,Espagne,Femme,,6,63649.67,2,Oui,Non,62347.495,Non
2059,15744368,Sun,633,Espagne,Homme,58.0,6,49154.255,1,Oui,Oui,66017.065,Non
2060,15706217,Kao,645,Allemagne,Homme,28.0,7,58733.015,2,Oui,Oui,17245.03,Non
2061,15699430,Davide,618,France,Femme,35.0,10,0.0,2,Oui,Non,90219.875,Non
2062,15569438,Mai,607,Allemagne,Homme,36.0,10,53351.47,2,Non,Non,99156.845,Non
2063,15723217,Cremonesi,616,France,Homme,37.0,9,0.0,1,Oui,Non,55656.48,Non
2064,15633274,Tai,679,France,Homme,34.0,7,80257.685,1,Oui,Non,60952.07,Non
2065,15592773,Eberegbulam,630,Allemagne,Femme,51.0,0,54224.615,3,Non,Non,44186.345,Oui
2066,15714260,Castiglione,646,France,Femme,38.0,2,0.0,2,Non,Non,89376.365,Non
2067,15751771,Lowe,528,Allemagne,Homme,32.0,2,49546.225,1,Non,Oui,55574.99,Non
2068,15732175,Bruno,776,France,Homme,37.0,2,0.0,1,Non,Oui,4032.5,Non
2069,15625641,Forbes,697,Allemagne,Femme,74.0,3,54035.68,2,Oui,Oui,8222.895,Non
2070,15666916,Lira,639,France,Homme,43.0,6,49805.46,2,Oui,Non,93648.39,Non
2071,15775238,Achebe,651,Allemagne,Femme,41.0,4,66716.295,1,Non,Oui,75651.74,Non
2072,15619280,Uspensky,683,France,Homme,25.0,4,0.0,2,Oui,Non,76349.12,Non
2073,15598948,DeRose,523,Espagne,Femme,24.0,5,86115.965,1,Non,Oui,77572.06,Non
2074,15691785,Findlay,850,France,Homme,61.0,1,0.0,1,Oui,Non,26533.915,Oui
2075,15640852,McGregor,617,Allemagne,Femme,39.0,5,41674.445,3,Oui,Non,3976.81,Oui
2076,15675794,Hsing,645,Allemagne,Homme,47.0,9,76038.465,1,Oui,Non,60920.1,Oui
2077,15586479,Yin,692,France,Femme,36.0,4,0.0,1,Oui,Non,92790.445,Oui
2078,15812422,Ugorji,637,France,Homme,41.0,2,0.0,2,Non,Oui,51257.71,Non
2079,15799859,Lucchesi,704,France,Homme,,4,82719.13,1,Oui,Non,60385.375,Oui
2080,15602280,Martin,829,Allemagne,Femme,27.0,9,56022.835,1,Oui,Oui,59854.105,Oui
2081,15589475,Azikiwe,591,Espagne,Femme,39.0,3,0.0,3,Oui,Non,70234.69,Oui
2082,15688865,Wade,850,France,Femme,35.0,9,0.0,2,Non,Non,12664.74,Non
2083,15750396,McKissick,670,France,Homme,33.0,1,0.0,2,Oui,Oui,43206.555,Non
2084,15814846,Ozerova,691,France,Homme,52.0,3,0.0,1,Oui,Non,87921.84,Oui
2085,15775082,Stewart,749,France,Homme,42.0,1,64888.36,2,Non,Oui,71769.255,Non
2086,15667651,Young,585,Espagne,Femme,33.0,8,0.0,2,Oui,Non,,Non
2087,15693704,Tsou,679,France,Femme,24.0,6,57474.38,2,Non,Oui,67884.125,Non
2088,15574137,Ch'in,687,Espagne,Homme,35.0,3,0.0,2,Oui,Oui,88225.095,Non
2089,15720838,Gallo,689,Espagne,Femme,31.0,3,69899.815,1,Non,Oui,60331.785,Non
2090,15596455,Mao,546,Espagne,Femme,45.0,2,0.0,1,Non,Non,98894.915,Oui
2091,15711750,Watson,711,France,Femme,34.0,6,0.0,2,Oui,Oui,87655.19,Non
2092,15806467,Boyle,568,Allemagne,Homme,40.0,1,49641.315,1,Non,Non,67300.47,Oui
2093,15702190,Fan,672,Espagne,Homme,43.0,5,0.0,2,Oui,Oui,32257.75,Non
2094,15791836,Wildman,690,France,Homme,29.0,5,0.0,2,Oui,Non,54288.985,Non
2095,15720910,Black,560,France,Femme,66.0,9,0.0,1,Oui,Oui,7964.245,Non
2096,15607347,Olisaemeka,734,France,Homme,22.0,5,65028.115,1,Non,Non,60947.155,Oui
2097,15735270,Ruggiero,767,Espagne,Homme,47.0,2,0.0,1,Oui,Non,24080.59,Oui
2098,15681705,Fanucci,785,France,Homme,28.0,8,0.0,2,Oui,Non,38615.635,Non
2099,15664881,Norton,702,France,Homme,,4,50027.385,1,Oui,Non,54748.225,Non
2100,15612207,Hill,840,Allemagne,Femme,51.0,1,43889.915,1,Non,Oui,18343.555,Oui
2101,15640074,Barrett,666,Espagne,Femme,47.0,5,0.0,1,Non,Non,83325.45,Oui
2102,15769499,Lampungmeiua,545,Espagne,Femme,74.0,3,0.0,2,Oui,Oui,80663.365,Non
2103,15596984,Pinto,629,,Femme,31.0,6,0.0,1,Oui,Oui,8223.8,Oui
2104,15632521,Cattaneo,689,Allemagne,Homme,45.0,0,65085.41,2,Oui,Non,75428.19,Non
2105,15663410,Piccio,771,Espagne,Homme,51.0,5,67753.29,3,Oui,Oui,76239.82,Oui
2106,15663917,Adams,547,France,Homme,43.0,1,46175.18,1,Non,Oui,40131.455,Non
2107,15649992,Alexander,681,,Homme,65.0,7,67357.35,2,Non,Oui,95209.905,Non
2108,15693906,Abbott,645,,Femme,24.0,3,17273.91,1,Oui,Oui,5819.085,Non
2109,15720371,McLean,652,France,Femme,,3,0.0,1,Oui,Non,86994.735,Oui
2110,15778395,McIntyre,762,Allemagne,Homme,34.0,4,44407.78,2,Oui,Non,34281.13,Oui
2111,15797190,Charlton,608,Allemagne,Femme,40.0,7,48101.16,1,Non,Non,80577.425,Non
2112,15742172,Williamson,598,Allemagne,Homme,32.0,9,61969.3,2,Oui,Non,99447.21,Non
2113,15665790,Rowntree,538,Allemagne,Homme,39.0,7,54027.55,2,Oui,Non,13615.63,Non
2114,15705085,Quesada,670,Espagne,Femme,29.0,9,0.0,2,Oui,Non,13679.595,Non
2115,15772995,Ts'ao,529,France,Homme,30.0,2,58147.645,1,Oui,Non,37642.735,Non
2116,15651581,Lavrentyev,758,Allemagne,Homme,68.0,6,56297.925,1,Oui,Non,17932.72,Oui
2117,15774882,Mazzanti,687,France,Femme,35.0,3,49793.715,1,Oui,Oui,856.55,Oui
2118,15626114,Pearson,429,France,Homme,24.0,4,47870.875,1,Oui,Non,23085.375,Non
2119,15722037,Alvarez,610,Allemagne,Homme,36.0,7,57731.01,1,Non,Oui,21290.52,Non
2120,15599078,Yang,619,Allemagne,Femme,41.0,5,46233.79,1,Oui,Non,,Non
2121,15805637,Hsing,625,France,Homme,36.0,9,54273.08,3,Oui,Non,66903.885,Oui
2122,15735339,Lynch,663,France,Homme,39.0,4,0.0,1,Oui,Non,38442.025,Non
2123,15584462,Liang,739,,Homme,34.0,9,0.0,1,Oui,Non,30292.165,Non
2124,15642137,Fang,695,Espagne,Femme,39.0,5,0.0,2,Non,Non,51381.845,Non
2125,15763895,Hung,536,France,Homme,32.0,7,89005.75,2,Oui,Non,11187.57,Non
2126,15693205,Peng,691,Allemagne,Femme,41.0,8,54576.98,3,Oui,Oui,,Oui
2127,15586300,Chinonyelum,615,France,Homme,66.0,7,0.0,2,Oui,Oui,37290.4,Non
2128,15573798,Yermolayev,448,France,Femme,36.0,6,41973.56,2,Oui,Non,40999.765,Non
2129,15788683,Kang,588,Allemagne,Femme,34.0,10,64708.91,1,Oui,Non,76863.66,Non
2130,15623471,Marcelo,607,Allemagne,Homme,38.0,3,49102.885,1,Oui,Non,88159.135,Non
2131,15599452,Conti,605,Allemagne,Femme,43.0,8,62669.4,2,Oui,Non,11985.065,Non
2132,15720924,Chijioke,585,France,Femme,34.0,1,0.0,1,Oui,Oui,37751.8,Non
2133,15633059,Fanucci,413,France,Homme,34.0,9,0.0,2,Non,Non,3267.09,Non
2134,15580366,Okechukwu,566,Allemagne,Homme,54.0,4,59307.3,2,Oui,Oui,86300.81,Non
2135,15789546,Ojiofor,639,Espagne,Homme,28.0,8,0.0,2,Oui,Non,63280.535,Non
2136,15592412,Sun,713,Allemagne,Homme,45.0,4,65519.07,1,Oui,Non,37002.52,Oui
2137,15738546,Gboliwe,530,Espagne,Femme,41.0,4,0.0,2,Non,Oui,73803.355,Non
2138,15664506,Goodwin,675,,Homme,32.0,8,98718.41,1,Oui,Oui,26355.35,Non
2139,15610930,Kwemto,572,Allemagne,Femme,35.0,1,69989.535,1,Oui,Non,92831.42,Non
2140,15724527,Forbes,825,France,Homme,34.0,9,0.0,2,Oui,Oui,,Non
2141,15655341,Chinagorom,458,Espagne,Femme,35.0,5,83246.24,1,Oui,Non,67643.87,Non
2142,15721251,Watson,554,Espagne,Femme,41.0,4,56076.445,1,Non,Oui,18121.095,Non
2143,15569624,Feng,671,Allemagne,Femme,31.0,6,52932.3,2,Oui,Non,72783.67,Non
2144,15682211,Tu,467,France,Homme,57.0,1,0.0,2,Oui,Oui,57224.385,Non
2145,15652169,Buckley,642,,Homme,35.0,2,66580.975,1,Non,Oui,61127.43,Non
2146,15620507,Siciliani,485,,Femme,30.0,5,78385.84,1,Oui,Oui,70574.105,Non
2147,15667896,De Luca,833,France,Homme,37.0,8,75613.09,2,Oui,Oui,68064.745,Non
2148,15788022,Sternberg,802,Allemagne,Femme,41.0,4,45378.82,2,Non,Oui,84591.83,Non
2149,15798532,Crawford,810,France,Homme,32.0,9,60439.865,2,Non,Oui,39448.295,Non
2150,15604576,Eiland,850,Espagne,Homme,22.0,3,0.0,1,Oui,Oui,,Non
2151,15685997,Azubuike,838,Espagne,Femme,39.0,5,83366.96,2,Oui,Non,7139.72,Non
2152,15796910,Tsui,625,Espagne,Femme,57.0,7,0.0,1,Non,Non,42053.085,Oui
2153,15813439,Ch'ien,587,France,Homme,33.0,5,50058.41,1,Oui,Non,17107.79,Non
2154,15705309,Yuriev,629,Espagne,Homme,39.0,5,0.0,2,Non,Non,58374.07,Non
2155,15782121,Leonard,610,France,Femme,27.0,2,0.0,2,Oui,Non,7273.38,Non
2156,15789432,Mazzanti,451,France,Homme,33.0,6,0.0,2,Oui,Non,,Non
2157,15806210,Bateman,675,Espagne,Homme,66.0,5,57827.235,2,Oui,Oui,65985.43,Non
2158,15720941,Tien,710,Allemagne,Homme,34.0,8,73916.65,2,Non,Oui,780.79,Non
2159,15767358,Obioma,711,Allemagne,Femme,45.0,1,48743.075,2,Oui,Non,25305.31,Non
2160,15797710,Saunders,619,Allemagne,Homme,29.0,4,49477.935,1,Non,Oui,65856.255,Non
2161,15787229,Samsonova,761,Espagne,Femme,34.0,2,0.0,2,Oui,Non,30625.625,Non
2162,15589949,Maclean,433,Espagne,Homme,34.0,9,76403.37,1,Oui,Non,9843.995,Non
2163,15585466,Russo,552,France,Homme,29.0,10,0.0,2,Oui,Non,6093.415,Non
2164,15625964,Buckley,582,France,Femme,43.0,5,76656.835,1,Non,Non,85281.865,Non
2165,15704651,Bishop,514,France,Homme,26.0,1,0.0,2,Non,Non,,Non
2166,15774316,Moretti,630,France,Homme,37.0,6,0.0,2,Oui,Oui,41323.825,Non
2167,15645569,Mai,762,Espagne,Femme,26.0,7,61854.73,2,Oui,Oui,84827.285,Non
2168,15795747,Sheppard,787,Espagne,Femme,39.0,7,85823.38,1,Non,Oui,50395.68,Non
2169,15794323,Buckley,673,France,Homme,32.0,8,60620.38,1,Oui,Non,58484.865,Non
2170,15665943,Mai,445,France,Homme,25.0,6,0.0,2,Oui,Non,59712.97,Non
2171,15813640,Shih,642,France,Femme,40.0,7,0.0,2,Oui,Non,5356.41,Non
2172,15667216,Chung,579,France,Femme,29.0,10,36597.26,2,Oui,Oui,64604.545,Non
2173,15686696,Brown,817,France,Femme,37.0,6,40535.17,2,Oui,Non,40492.94,Non
2174,15779059,Timms,670,France,Femme,38.0,4,59812.27,2,Oui,Oui,55236.06,Non
2175,15759133,Vaguine,616,France,Homme,,6,0.0,2,Oui,Oui,13654.29,Non
2176,15706815,Samoylova,515,Allemagne,Homme,37.0,2,45216.46,1,Oui,Oui,94183.02,Oui
2177,15801125,Kegley,627,,Femme,32.0,1,0.0,1,Oui,Non,53425.85,Non
2178,15645045,Rudduck,659,France,Femme,,9,0.0,2,Oui,Oui,66404.59,Non
2179,15716334,Rozier,850,Espagne,Femme,45.0,2,61155.605,1,Oui,Oui,9741.25,Non
2180,15718893,Pirozzi,404,Allemagne,Femme,54.0,4,62728.035,1,Oui,Non,41857.83,Oui
2181,15664523,Colombo,696,Allemagne,Femme,31.0,8,61010.96,2,Oui,Non,16914.32,Non
2182,15571752,Romani,668,Allemagne,Femme,32.0,10,46020.935,1,Oui,Oui,21797.95,Non
2183,15635244,Ritchie,716,France,Femme,29.0,6,0.0,2,Oui,Oui,49499.305,Non
2184,15793197,Bailey,676,France,Femme,34.0,8,50179.77,1,Non,Non,23019.14,Non
2185,15594594,Loggia,546,Espagne,Homme,42.0,7,69535.255,1,Oui,Oui,43472.5,Non
2186,15663249,Howells,575,Espagne,Femme,37.0,9,66646.225,1,Oui,Non,55587.545,Non
2187,15792077,Degtyaryov,671,Allemagne,Homme,28.0,8,59929.76,2,Oui,Non,62711.33,Non
2188,15748718,Gordon,517,France,Homme,28.0,2,57531.305,1,Oui,Non,89528.115,Non
2189,15653521,Onuora,850,Allemagne,Femme,40.0,7,52224.9,1,Oui,Oui,373.94,Non
2190,15722578,Spitzer,685,Allemagne,Femme,21.0,6,48978.25,1,Oui,Oui,82483.135,Non
2191,15640648,Howe,698,France,Homme,36.0,6,0.0,2,Non,Oui,9615.99,Non
2192,15649211,Fokina,708,Espagne,Homme,40.0,8,41507.855,1,Oui,Non,50544.88,Non
2193,15748854,Sung,723,Allemagne,Femme,28.0,5,45969.155,1,Oui,Non,71740.925,Non
2194,15779738,Buccho,534,France,Homme,24.0,1,0.0,1,Oui,Oui,,Non
2195,15739514,Preston,659,France,Femme,32.0,9,0.0,2,Oui,Oui,46577.875,Non
2196,15658432,Freeman,688,,Homme,40.0,6,0.0,1,Oui,Oui,23943.22,Non
2197,15708422,Hsiung,677,Espagne,Femme,35.0,0,0.0,2,Non,Non,38318.69,Non
2198,15676094,Osonduagwuike,500,,Femme,34.0,6,0.0,1,Oui,Oui,70134.225,Non
2199,15634491,Kung,652,France,Homme,30.0,2,88083.28,2,Oui,Oui,76105.405,Non
2200,15734737,Bruno,744,France,Homme,56.0,9,0.0,2,Oui,Oui,84749.305,Non
2201,15698872,Brown,633,Espagne,Femme,,2,0.0,2,Non,Non,95603.515,Non
2202,15764432,Hicks,588,Allemagne,Femme,42.0,2,82153.885,1,Oui,Non,24249.095,Non
2203,15610343,Marshall-Hall,705,France,Femme,,10,0.0,2,Oui,Oui,6967.765,Oui
2204,15744105,Kodilinyechukwu,768,France,Femme,28.0,3,54559.025,2,Non,Oui,25455.705,Non
2205,15707974,Anayochukwu,815,Espagne,Femme,38.0,2,24193.5,1,Oui,Non,92398.42,Non
2206,15649451,Yates,746,France,Homme,25.0,9,0.0,2,Non,Oui,44364.235,Non
2207,15679813,Ellis,727,Espagne,Homme,28.0,1,0.0,1,Oui,Non,20178.695,Non
2208,15781534,Rapuluolisa,536,Allemagne,Femme,35.0,4,60760.18,1,Non,Non,38589.21,Non
2209,15730868,Marshall,747,France,Homme,41.0,5,0.0,2,Oui,Oui,11375.085,Non
2210,15599535,Howell,678,,Homme,28.0,5,69334.09,1,Oui,Oui,27072.005,Non
2211,15570681,Chiang,560,France,Homme,24.0,1,58042.16,1,Oui,Non,44867.35,Non
2212,15629603,Chuang,607,France,Homme,31.0,8,0.0,2,Oui,Oui,21598.25,Non
2213,15593973,Wilkie,663,Espagne,Femme,33.0,8,61264.09,1,Oui,Non,98130.15,Non
2214,15570360,Wan,641,France,Femme,35.0,4,0.0,2,Non,Non,62993.09,Non
2215,15571666,Shaw,642,Allemagne,Homme,30.0,8,67248.635,1,Non,Non,21625.27,Non
2216,15758362,Williamson,731,France,Femme,41.0,9,76121.785,1,Oui,Oui,44391.795,Non
2217,15711825,Ts'ai,655,Espagne,Femme,35.0,1,41115.755,2,Oui,Non,44399.01,Non
2218,15598846,Shahan,700,France,Femme,44.0,2,29390.88,1,Oui,Non,8437.46,Non
2219,15593470,Tu,576,Allemagne,Femme,36.0,8,83143.925,1,Oui,Oui,11652.925,Non
2220,15609823,Chieloka,751,Espagne,Femme,34.0,8,63547.57,2,Non,Non,239.77,Non
2221,15640521,Chidumaga,552,Allemagne,Homme,33.0,3,72481.37,1,Oui,Non,29422.42,Oui
2222,15771742,Boyle,580,Allemagne,Homme,38.0,9,57721.095,2,Oui,Non,64240.75,Oui
2223,15597968,Fyans,617,Espagne,Homme,50.0,7,0.0,1,Oui,Non,,Oui
2224,15740345,Osborne,657,Espagne,Homme,42.0,5,20736.665,1,Oui,Non,56489.8,Oui
2225,15757867,Bray,570,France,Femme,30.0,10,88086.76,1,Oui,Non,48522.66,Oui
2226,15798749,Davidson,845,Allemagne,Femme,43.0,3,76031.795,2,Oui,Non,48955.03,Non
2227,15601659,Fiorentino,496,Allemagne,Femme,59.0,7,45840.05,2,Oui,Non,81570.59,Oui
2228,15739292,Gorshkov,609,Allemagne,Homme,31.0,9,51918.875,1,Oui,Oui,,Non
2229,15671032,He,760,Allemagne,Homme,42.0,0,38996.485,2,Oui,Oui,,Non
2230,15568046,Izuchukwu,809,,Homme,24.0,7,54779.18,1,Oui,Non,91757.565,Non
2231,15647295,Chin,426,France,Homme,34.0,9,0.0,2,Oui,Non,53938.455,Non
2232,15699486,Johnson,745,Espagne,Homme,34.0,7,66472.265,1,Oui,Oui,15901.46,Non
2233,15650322,Grigoryeva,701,France,Femme,34.0,3,52794.33,1,Non,Oui,37347.205,Non
2234,15713370,Hunter,657,Espagne,Homme,36.0,8,94120.525,2,Non,Non,91529.255,Oui
2235,15593501,Graham,493,France,Femme,36.0,5,74333.905,2,Oui,Non,28046.255,Non
2236,15683403,Lombardi,611,Espagne,Homme,52.0,7,0.0,1,Non,Oui,36792.59,Oui
2237,15754849,Tyler,776,Allemagne,Femme,32.0,4,54710.565,2,Oui,Oui,63258.73,Non
2238,15648032,Young,588,Espagne,Homme,37.0,2,0.0,2,Non,Oui,93908.295,Non
2239,15813034,Martin,727,Espagne,Homme,,2,31138.495,1,Oui,Oui,29640.395,Non
2240,15590094,Nwachukwu,613,,Homme,38.0,9,63132.94,2,Non,Non,7929.975,Non
2241,15626040,McDonald,793,Espagne,Homme,63.0,0,0.0,2,Non,Oui,,Non
2242,15665168,Calabrese,681,Allemagne,Femme,44.0,3,52603.35,2,Oui,Oui,81779.18,Non
2243,15736302,McKay,687,France,Homme,48.0,4,0.0,2,Oui,Oui,85446.925,Non
2244,15710390,Uspensky,655,,Femme,39.0,6,47315.63,2,Oui,Oui,74474.26,Non
2245,15641662,Enticknap,470,Allemagne,Homme,39.0,5,58734.955,2,Non,Non,31852.95,Non
2246,15573077,Nwora,620,Allemagne,Femme,25.0,8,70912.94,1,Oui,Oui,36928.97,Oui
2247,15567013,De Luca,779,Espagne,Homme,33.0,3,0.0,2,Oui,Non,15402.34,Non
2248,15768295,Warner,778,France,Femme,34.0,7,54782.05,1,Non,Oui,56523.405,Non
2249,15570379,Whitelegge,669,Espagne,Homme,51.0,3,44413.765,1,Non,Non,42625.385,Oui
2250,15715510,Eluemuno,768,France,Homme,29.0,2,47992.345,2,Oui,Oui,36843.375,Non
2251,15696277,Hs?,651,France,Femme,34.0,9,0.0,2,Oui,Non,69056.855,Non
2252,15747649,Summerville,558,Allemagne,Femme,36.0,0,63303.315,2,Oui,Oui,86181.76,Non
2253,15605341,Baird,681,,Femme,58.0,8,46586.94,1,Oui,Oui,69880.625,Non
2254,15815271,Ritchie,755,Allemagne,Homme,43.0,6,82524.25,3,Oui,Non,8464.705,Oui
2255,15736399,Korovin,606,Espagne,Homme,42.0,10,0.0,2,Oui,Non,88969.26,Non
2256,15771154,North,683,France,Femme,73.0,8,68866.115,2,Oui,Oui,66605.22,Non
2257,15662337,Baldwin,744,Allemagne,Femme,50.0,1,60749.055,2,Non,Oui,53030.735,Oui
2258,15645323,Chinwenma,630,France,Homme,55.0,2,0.0,1,Oui,Oui,53101.035,Oui
2259,15763218,Akeroyd,661,France,Femme,41.0,1,0.0,2,Non,Oui,65650.34,Non
2260,15681446,Sun,636,Allemagne,Femme,37.0,9,78549.26,1,Oui,Oui,76767.635,Non
2261,15636024,Blackburn,692,Espagne,Femme,34.0,4,54849.54,1,Oui,Oui,18949.455,Non
2262,15790442,Wright,631,Espagne,Homme,33.0,2,0.0,2,Oui,Oui,79134.42,Non
2263,15690456,Yudina,749,Allemagne,Femme,32.0,7,39761.565,1,Non,Oui,78824.06,Non
2264,15662901,Hu,656,France,Homme,37.0,2,0.0,2,Non,Oui,33920.405,Non
2265,15754605,Jarvis,563,France,Femme,39.0,5,0.0,2,Oui,Oui,8801.905,Non
2266,15576124,Muravyova,582,France,Homme,41.0,1,20244.38,1,Oui,Non,64264.415,Non
2267,15569274,Pisano,678,Allemagne,Homme,49.0,2,58466.555,1,Oui,Non,97526.79,Oui
2268,15766552,Rossi,643,France,Homme,37.0,6,0.0,2,Non,Non,71227.385,Non
2269,15692416,Aikenhead,358,Espagne,Femme,52.0,8,71771.18,3,Oui,Non,70979.555,Oui
2270,15569209,Amaechi,464,Espagne,Femme,34.0,5,38000.785,1,Oui,Oui,79334.435,Non
2271,15587297,Ruiz,507,France,Homme,33.0,7,0.0,2,Oui,Oui,42705.505,Non
2272,15746569,Tsui,589,France,Homme,38.0,4,0.0,1,Oui,Non,47741.74,Oui
2273,15761023,Murphy,554,Allemagne,Femme,43.0,2,60423.555,1,Oui,Non,3805.805,Oui
2274,15679743,Genovesi,607,France,Femme,33.0,8,45650.86,1,Non,Oui,65412.285,Non
2275,15688760,Obialo,522,Allemagne,Femme,37.0,3,47511.285,1,Oui,Oui,64553.795,Non
2276,15810593,Forbes,568,France,Homme,51.0,4,0.0,3,Oui,Oui,33293.28,Non
2277,15815656,Hopkins,541,Allemagne,Femme,39.0,9,50058.335,1,Oui,Oui,99904.05,Oui
2278,15696301,Snider,719,France,Femme,37.0,9,50727.85,1,Oui,Non,12901.795,Oui
2279,15793116,Beneventi,502,Allemagne,Femme,40.0,7,58652.145,1,Non,Non,98139.16,Non
2280,15719858,Chao,659,Espagne,Femme,38.0,9,0.0,2,Oui,Oui,17850.53,Non
2281,15760431,Pino,850,France,Homme,38.0,1,0.0,2,Oui,Oui,40003.325,Non
2282,15805062,Lynton,667,Espagne,Homme,,1,43601.19,1,Oui,Oui,38933.455,Non
2283,15790935,Johnson,535,,Femme,29.0,5,0.0,2,Non,Oui,26354.775,Non
2284,15738954,Pisano,551,France,Homme,35.0,7,64858.65,2,Non,Non,43468.6,Non
2285,15703143,Tuan,820,France,Femme,29.0,3,41172.42,1,Non,Oui,57992.69,Non
2286,15630167,Gibson,684,Espagne,Femme,39.0,4,69861.95,1,Oui,Oui,60306.055,Non
2287,15718769,Fallaci,557,Espagne,Homme,36.0,1,56555.13,1,Oui,Non,49206.55,Non
2288,15604792,Kuo,609,Allemagne,Homme,38.0,6,70376.03,2,Non,Oui,85715.08,Non
2289,15675787,Rivera,505,France,Homme,26.0,8,56486.285,1,Oui,Non,72505.81,Non
2290,15686885,Nekrasov,777,Allemagne,Homme,44.0,3,62327.795,2,Non,Oui,39896.15,Non
2291,15774166,Mitchell,607,Allemagne,Femme,24.0,2,54741.77,2,Non,Oui,63780.385,Non
2292,15705343,May,649,Espagne,Femme,,7,0.0,1,Oui,Non,14398.66,Non
2293,15609286,Chadwick,702,France,Homme,37.0,10,75262.9,1,Oui,Oui,47364.245,Non
2294,15756539,Marshall,585,Allemagne,Femme,39.0,7,82805.205,2,Non,Non,65926.005,Non
2295,15714981,Sabbatini,476,France,Homme,37.0,4,0.0,1,Oui,Oui,27887.92,Oui
2296,15568742,Parkes,536,France,Femme,41.0,9,0.0,1,Oui,Non,60649.57,Non
2297,15577905,Hammond,660,France,Homme,34.0,8,53243.33,2,Non,Oui,91131.33,Non
2298,15599792,Dimauro,545,France,Femme,26.0,1,0.0,2,Oui,Oui,99819.28,Non
2299,15779913,Davidson,586,France,Homme,27.0,5,65115.9,2,Oui,Oui,96213.58,Non
2300,15756680,Phillips,667,France,Homme,28.0,6,82899.05,1,Oui,Non,73545.45,Non
2301,15812917,Kosisochukwu,653,Espagne,Homme,35.0,6,58331.48,2,Oui,Oui,11932.105,Non
2302,15705352,Yang,686,Espagne,Homme,38.0,7,55742.44,1,Oui,Oui,38038.1,Non
2303,15811127,Volkov,521,France,Homme,14.0,6,48211.92,1,Oui,Non,5244.22,Non
2304,15637954,Lewis,730,France,Femme,35.0,0,77735.275,1,Oui,Oui,,Non
2305,15603880,Morgan,519,Allemagne,Homme,38.0,1,57070.82,1,Oui,Oui,30494.105,Oui
2306,15723481,Wright,728,Espagne,Homme,42.0,8,0.0,2,Non,Oui,20911.61,Non
2307,15733797,Sal,506,France,Homme,36.0,5,0.0,2,Oui,Non,82126.675,Non
2308,15652981,Robinson,600,Allemagne,Homme,30.0,2,59877.5,1,Oui,Oui,10926.455,Non
2309,15570194,Ikemefuna,412,France,Homme,29.0,5,0.0,2,Non,Non,6255.265,Non
2310,15810898,Pan,803,France,Femme,65.0,2,75829.76,2,Non,Oui,3465.085,Non
2311,15592116,Jensen,585,France,Femme,39.0,7,0.0,2,Oui,Non,1200.63,Non
2312,15720529,Schiavone,591,France,Homme,29.0,6,0.0,2,Oui,Oui,54342.325,Non
2313,15575060,Gardner,797,France,Homme,24.0,5,0.0,2,Oui,Non,91128.805,Non
2314,15813503,Pickering,606,Espagne,Homme,37.0,8,77356.29,2,Oui,Non,44549.59,Non
2315,15573284,Olisanugo,579,France,Femme,45.0,2,0.0,2,Non,Non,,Non
2316,15744109,Hartung,850,France,Homme,32.0,4,0.0,1,Oui,Oui,90311.01,Non
2317,15622321,Golubova,506,France,Femme,32.0,3,0.0,1,Oui,Oui,40411.51,Non
2318,15794916,Pirogov,725,France,Homme,41.0,7,56990.105,1,Oui,Oui,58352.125,Non
2319,15813022,Kapustina,531,Espagne,Homme,70.0,1,0.0,2,Non,Non,49751.595,Non
2320,15741336,Ejimofor,715,France,Femme,38.0,5,59295.205,1,Oui,Oui,2842.085,Oui
2321,15662232,Learmonth,675,Allemagne,Homme,42.0,2,46308.32,2,Oui,Non,4283.59,Non
2322,15703019,Okeke,583,France,Femme,38.0,10,0.0,2,Non,Oui,56798.82,Non
2323,15671590,H?,741,Espagne,Homme,25.0,4,0.0,2,Oui,Oui,36936.825,Non
2324,15707596,Chung,546,Allemagne,Femme,74.0,8,57444.37,2,Oui,Oui,33366.315,Oui
2325,15713975,Gibson,565,Allemagne,Femme,47.0,10,69878.06,1,Oui,Non,82924.745,Oui
2326,15796787,Vassiliev,681,France,Homme,46.0,0,52984.71,1,Oui,Non,2885.78,Non
2327,15587240,Vasilyev,518,France,Homme,40.0,4,0.0,2,Non,Oui,97208.29,Non
2328,15642725,Madison,797,France,Homme,32.0,10,57042.3,1,Non,Oui,62891.145,Non
2329,15736656,H?,723,France,Femme,49.0,4,0.0,2,Non,Oui,44986.125,Non
2330,15729970,Ugochukwu,684,Allemagne,Homme,29.0,8,63634.875,1,Non,Oui,39747.505,Non
2331,15791842,Johnstone,478,France,Femme,32.0,6,35593.62,1,Oui,Oui,55296.81,Non
2332,15777586,Moss,784,Espagne,Femme,42.0,2,54526.02,2,Oui,Non,3204.775,Non
2333,15701602,Ayers,521,Allemagne,Homme,52.0,5,58248.655,3,Non,Non,26896.55,Oui
2334,15589969,Capon,850,France,Homme,34.0,6,0.0,1,Non,Oui,26398.155,Non
2335,15592194,Metcalf,492,France,Femme,28.0,9,0.0,2,Oui,Non,47978.545,Non
2336,15721937,Romilly,686,France,Homme,38.0,0,69065.67,1,Non,Oui,57963.925,Non
2337,15665460,Isayeva,732,Espagne,Femme,,1,0.0,2,Oui,Oui,88891.52,Non
2338,15599722,Chia,609,Espagne,Femme,43.0,6,43026.76,2,Oui,Oui,56638.23,Oui
2339,15810454,Reed,709,France,Homme,32.0,4,73653.955,1,Non,Oui,20430.775,Non
2340,15679550,Chukwualuka,743,France,Homme,32.0,9,0.0,2,Oui,Non,87626.39,Non
2341,15668283,Gardiner,642,France,Homme,,9,59158.635,4,Non,Non,39351.49,Oui
2342,15605461,Lucas,594,,Femme,29.0,3,65415.11,1,Oui,Non,30524.265,Non
2343,15630402,Nebechukwu,594,France,Femme,31.0,9,0.0,1,Non,Oui,2859.555,Non
2344,15683524,Tobenna,660,Allemagne,Femme,23.0,6,83035.24,2,Non,Non,45247.36,Non
2345,15680399,Tung,772,France,Homme,23.0,2,0.0,2,Oui,Non,9182.095,Non
2346,15613337,Gallo,833,France,Homme,47.0,2,0.0,2,Oui,Oui,,Non
2347,15588854,Wu,715,France,Femme,31.0,3,55290.645,1,Oui,Oui,47357.62,Non
2348,15764314,Reilly,550,Allemagne,Homme,,2,56938.615,2,Oui,Non,87460.955,Non
2349,15612087,Dike,671,France,Homme,,2,53188.425,1,Non,Oui,79132.31,Non
2350,15668347,Ingram,624,France,Homme,36.0,6,0.0,2,Non,Non,42317.82,Non
2351,15612478,Somadina,525,France,Homme,51.0,10,0.0,3,Oui,Non,85522.675,Oui
2352,15694395,Ts'ui,620,France,Femme,29.0,1,69370.12,2,Non,Non,77350.305,Non
2353,15788776,Landor,588,Allemagne,Homme,49.0,6,66311.88,3,Oui,Non,18146.47,Oui
2354,15715117,Peel,744,France,Femme,39.0,6,0.0,1,Non,Non,5331.29,Non
2355,15675320,Leonard,758,Espagne,Femme,40.0,5,46749.91,2,Non,Non,,Non
2356,15579808,Kramer,754,Allemagne,Femme,39.0,8,64700.935,1,Oui,Oui,43842.465,Non
2357,15648064,Kennedy,649,France,Homme,33.0,2,0.0,2,Oui,Non,1005.49,Non
2358,15777122,Esomchi,553,France,Femme,31.0,4,0.0,2,Oui,Oui,44543.7,Non
2359,15636592,Iroawuchi,651,France,Homme,35.0,0,90910.98,2,Non,Oui,18461.835,Oui
2360,15736510,Loggia,605,Espagne,Femme,57.0,2,0.0,3,Oui,Non,33326.375,Oui
2361,15601410,Tien,744,Espagne,Femme,46.0,1,0.0,3,Oui,Oui,88715.795,Oui
2362,15775572,Bergamaschi,531,Allemagne,Femme,42.0,6,44162.155,2,Oui,Non,37624.375,Non
2363,15598574,Uwakwe,695,Espagne,Femme,31.0,5,0.0,2,Non,Oui,6999.44,Non
2364,15760216,Pokrovskaya,718,France,Femme,49.0,10,0.0,1,Oui,Non,92237.36,Oui
2365,15646726,Crawford,672,France,Homme,43.0,5,0.0,1,Non,Non,31916.545,Non
2366,15663817,Y?an,713,France,Homme,46.0,5,0.0,1,Oui,Oui,27850.81,Non
2367,15603216,Simpson,642,France,Homme,25.0,7,0.0,2,Oui,Non,51041.89,Non
2368,15629150,Lucchese,721,France,Femme,37.0,1,0.0,2,Oui,Non,35405.4,Non
2369,15735837,Hsia,574,Espagne,Homme,36.0,3,0.0,2,Oui,Oui,4279.83,Non
2370,15620323,Ekwueme,652,Espagne,Femme,42.0,3,41746.035,2,Oui,Non,18957.06,Non
2371,15587451,Goold,778,Allemagne,Homme,41.0,7,69853.155,1,Oui,Non,31668.595,Non
2372,15770091,Edwards,643,Allemagne,Homme,28.0,9,80429.065,2,Oui,Non,13574.635,Non
2373,15780128,Ogbonnaya,705,France,Homme,33.0,3,72213.98,2,Oui,Non,56922.595,Non
2374,15756196,Tsou,682,France,Homme,50.0,6,60909.42,2,Non,Oui,62075.685,Non
2375,15716609,L?,484,Allemagne,Homme,54.0,3,67194.055,1,Non,Non,24977.395,Oui
2376,15659420,Foley,659,Espagne,Homme,32.0,3,53797.055,2,Oui,Oui,51208.42,Non
2377,15705281,Burt,800,,Homme,38.0,9,0.0,1,Oui,Non,39372.195,Non
2378,15610147,Ross,632,France,Homme,60.0,2,0.0,2,Non,Oui,1042.66,Non
2379,15584930,Grimmett,726,Allemagne,Homme,30.0,5,55687.66,2,Oui,Non,1352.045,Non
2380,15637522,Shubina,507,France,Femme,31.0,0,53471.04,1,Non,Oui,22000.555,Non
2381,15744789,McConnell,786,Espagne,Femme,32.0,6,57256.295,1,Oui,Non,7898.33,Non
2382,15788126,Evans,689,Espagne,Femme,38.0,6,60510.525,1,Oui,Oui,6091.075,Non
2383,15631072,Huie,690,France,Homme,,1,47228.0,2,Non,Oui,27517.01,Non
2384,15588186,Polyakov,520,Espagne,Homme,45.0,7,53511.515,1,Oui,Non,16451.965,Non
2385,15769254,Tuan,757,Allemagne,Femme,34.0,9,50930.68,2,Non,Non,93505.98,Non
2386,15618410,Murray,718,,Homme,26.0,7,73763.515,1,Non,Non,25549.78,Non
2387,15611580,Wood,751,Espagne,Homme,,4,39640.805,1,Oui,Non,58773.88,Non
2388,15610594,Moss,644,France,Femme,37.0,8,0.0,2,Oui,Non,10484.44,Non
2389,15626608,Howarde,479,Espagne,Homme,48.0,5,43535.115,1,Non,Oui,42823.205,Non
2390,15691808,King,656,France,Homme,,7,67459.925,1,Oui,Non,97345.975,Non
2391,15642655,Savage,731,Espagne,Homme,33.0,1,0.0,1,Oui,Non,65363.48,Non
2392,15741416,Yegorov,707,France,Homme,42.0,2,8446.795,1,Oui,Oui,38751.28,Non
2393,15737909,Bates,759,France,Homme,44.0,2,55547.79,2,Oui,Non,50068.85,Non
2394,15716155,Shaw,841,France,Femme,36.0,5,78010.655,1,Non,Non,61331.49,Non
2395,15732299,Boniwell,756,France,Homme,67.0,4,0.0,3,Oui,Oui,46540.935,Non
2396,15570835,Fallaci,491,Allemagne,Femme,57.0,4,56022.36,1,Oui,Oui,20614.865,Oui
2397,15806709,Hao,609,Allemagne,Homme,33.0,6,47063.335,1,Non,Non,46859.08,Non
2398,15663706,Leonard,777,France,Femme,32.0,2,0.0,1,Oui,Non,68229.095,Oui
2399,15629244,Bryant,635,Espagne,Homme,50.0,7,79726.82,2,Non,Non,27280.395,Oui
2400,15807900,Chineze,575,France,Homme,36.0,7,0.0,1,Oui,Oui,27934.485,Oui
2401,15646037,Sopuluchi,641,France,Homme,77.0,9,0.0,3,Oui,Oui,40757.03,Non
2402,15726234,Trentini,708,Espagne,Femme,41.0,5,0.0,1,Non,Oui,78501.995,Non
2403,15604355,Shand,519,France,Homme,39.0,1,48850.01,1,Oui,Oui,15354.515,Non
2404,15749103,Ginikanwa,604,Allemagne,Femme,,4,59453.8,1,Non,Oui,23888.575,Oui
2405,15710375,Gibson,641,France,Homme,41.0,6,0.0,2,Oui,Non,32698.395,Non
2406,15733966,Johnstone,496,Allemagne,Femme,,4,62646.265,1,Oui,Oui,15766.48,Oui
2407,15695819,Bidwill,504,Allemagne,Homme,43.0,5,67370.095,2,Oui,Non,,Non
2408,15569423,Cunningham,731,Espagne,Homme,41.0,4,0.0,2,Oui,Non,11149.635,Non
2409,15809838,Moore,697,Espagne,Homme,30.0,1,0.0,2,Non,Non,367.895,Non
2410,15745794,Cocci,547,France,Homme,30.0,6,0.0,2,Oui,Oui,9235.93,Non
2411,15807909,Rubensohn,744,,Homme,47.0,9,0.0,2,Oui,Non,56581.585,Non
2412,15672242,Aksenov,712,France,Homme,24.0,2,0.0,1,Non,Oui,60616.255,Non
2413,15761158,Y?an,719,France,Femme,54.0,7,0.0,2,Oui,Oui,62520.76,Non
2414,15651020,Fiorentino,473,,Femme,25.0,6,55333.21,2,Non,Non,23379.21,Non
2415,15596303,White,688,France,Femme,39.0,0,0.0,2,Oui,Non,26611.075,Oui
2416,15788775,Milne,473,Allemagne,Homme,40.0,8,76288.125,2,Oui,Non,36536.84,Non
2417,15714877,MacDevitt,662,France,Femme,29.0,10,0.0,2,Oui,Non,68754.155,Non
2418,15698839,Okwudilichukwu,460,Allemagne,Homme,,4,63779.985,2,Oui,Oui,63476.25,Non
2419,15567630,Bruce,721,Allemagne,Homme,40.0,6,50137.94,1,Oui,Non,69282.24,Oui
2420,15671789,Woods,616,France,Homme,31.0,3,47131.955,2,Oui,Non,84447.53,Non
2421,15713594,French,543,France,Femme,32.0,7,73628.43,1,Oui,Non,56385.975,Non
2422,15669414,Pisano,486,Allemagne,Homme,62.0,9,59178.445,2,Oui,Non,,Oui
2423,15807107,Patel,612,France,Homme,32.0,3,60697.21,1,Oui,Non,82040.71,Non
2424,15762045,Gilchrist,474,Allemagne,Femme,37.0,5,71344.285,2,Oui,Oui,,Non
2425,15621116,Fang,648,Allemagne,Homme,33.0,5,69332.12,1,Oui,Non,14538.135,Non
2426,15640266,Windsor,621,Espagne,Homme,41.0,5,52315.835,1,Oui,Oui,47775.61,Non
2427,15677395,Nwabugwu,633,France,Femme,39.0,9,64594.575,2,Non,Non,85499.415,Non
2428,15569247,Mitchell,727,Espagne,Femme,57.0,1,54839.86,1,Non,Oui,376.685,Non
2429,15793896,John,677,Espagne,Homme,40.0,7,47656.4,1,Oui,Oui,31472.375,Non
2430,15795954,Ndukaku,746,France,Homme,35.0,2,86137.005,1,Oui,Non,11187.485,Non
2431,15794479,Becker,767,Espagne,Homme,77.0,8,74541.85,1,Oui,Oui,95073.415,Non
2432,15796434,Farnsworth,724,France,Homme,28.0,5,48806.06,1,Oui,Oui,48249.07,Non
2433,15781903,Odinakachukwu,581,Allemagne,Homme,41.0,2,63956.855,2,Oui,Oui,22102.975,Non
2434,15655175,Wallace,740,Allemagne,Homme,40.0,4,57159.39,2,Oui,Non,64666.845,Oui
2435,15638028,Ifeanyichukwu,562,Allemagne,Homme,31.0,4,63618.625,2,Non,Oui,71658.71,Non
2436,15607133,Shih,717,Espagne,Femme,49.0,1,55432.19,2,Oui,Oui,,Oui
2437,15651022,Yost,480,Allemagne,Homme,44.0,10,64804.285,1,Oui,Non,2736.35,Oui
2438,15649379,Somayina,850,France,Femme,46.0,3,0.0,2,Oui,Oui,93990.105,Non
2439,15687658,Burgin,716,France,Femme,52.0,7,32985.805,2,Oui,Non,7304.0,Oui
2440,15596870,Marino,749,Allemagne,Homme,54.0,3,72384.47,1,Oui,Non,,Oui
2441,15773779,Jacka,593,Espagne,Femme,46.0,2,38298.895,1,Oui,Oui,27226.86,Non
2442,15690772,Hughes,635,Espagne,Femme,48.0,2,0.0,2,Oui,Oui,68275.625,Non
2443,15604706,Blake,581,Allemagne,Homme,38.0,1,66552.735,1,Oui,Non,52866.45,Oui
2444,15729224,Jennings,710,France,Femme,37.0,5,0.0,2,Oui,Non,57701.655,Non
2445,15631927,Thomas,574,Espagne,Femme,28.0,7,0.0,2,Non,Non,92830.15,Non
2446,15600710,Atkinson,620,France,Homme,22.0,0,0.0,1,Oui,Non,16294.725,Non
2447,15686957,Piccio,553,Allemagne,Homme,,2,79292.14,2,Oui,Non,21820.08,Non
2448,15775709,Nucci,832,France,Femme,27.0,10,49295.125,1,Oui,Non,15456.445,Non
2449,15790599,Yin,756,Allemagne,Femme,39.0,5,74681.56,2,Oui,Oui,54549.195,Non
2450,15621870,Hawkins,739,Espagne,Femme,40.0,8,0.0,1,Oui,Non,83515.255,Non
2451,15662626,Feng,666,France,Femme,40.0,2,0.0,2,Non,Non,18185.635,Non
2452,15570990,Begley,520,Espagne,Femme,30.0,4,72611.495,2,Non,Non,72580.48,Non
2453,15670427,Chidi,662,Espagne,Homme,37.0,4,77593.65,1,Oui,Non,24465.4,Non
2454,15780628,Wu,633,France,Femme,30.0,6,0.0,2,Non,Non,20821.145,Non
2455,15704209,Noble,802,France,Femme,39.0,7,60072.98,2,Non,Oui,29748.505,Oui
2456,15701042,Dalton,596,Allemagne,Femme,27.0,2,75513.78,1,Oui,Non,85160.29,Non
2457,15718406,Marshall,540,France,Homme,41.0,3,0.0,2,Oui,Non,60549.325,Non
2458,15790113,Schofield,609,,Femme,71.0,6,56658.55,1,Oui,Non,54129.11,Oui
2459,15814998,Bonham,688,Espagne,Homme,42.0,5,0.0,2,Non,Non,98801.145,Non
2460,15789484,Hammond,751,Allemagne,Femme,36.0,6,84915.73,2,Oui,Oui,13879.18,Non
2461,15718071,Tuan,655,France,Femme,51.0,3,0.0,2,Non,Oui,7900.51,Non
2462,15706706,Chinwendu,648,Allemagne,Homme,33.0,7,67655.205,2,Non,Oui,85834.1,Non
2463,15607874,Keane,687,France,Homme,38.0,0,72225.29,1,Non,Oui,68638.415,Non
2464,15625461,Amos,613,France,Femme,45.0,1,93920.995,2,Oui,Oui,73612.135,Non
2465,15588859,Rowley,496,Espagne,Femme,44.0,0,89678.14,2,Oui,Non,1459.605,Oui
2466,15808760,Evseev,603,Espagne,Femme,42.0,6,0.0,1,Oui,Oui,,Non
2467,15643229,Hou,671,France,Femme,31.0,6,0.0,2,Oui,Oui,7923.21,Non
2468,15628999,Townsend,732,France,Homme,79.0,10,30905.615,1,Oui,Oui,,Non
2469,15769191,Lipton,509,France,Homme,55.0,8,66193.955,2,Oui,Oui,85180.055,Non
2470,15594041,Fanucci,592,Espagne,Femme,41.0,2,69367.47,1,Oui,Non,45010.37,Non
2471,15625545,Hussey,712,Espagne,Homme,52.0,9,0.0,1,Oui,Oui,58988.725,Oui
2472,15616525,Sopuluchi,720,Espagne,Homme,31.0,4,70678.235,1,Non,Non,68992.845,Non
2473,15688876,Wan,685,Espagne,Homme,39.0,9,0.0,2,Oui,Oui,9413.03,Non
2474,15635367,Muir,774,France,Homme,26.0,2,46922.345,1,Oui,Non,14207.68,Non
2475,15759140,Long,682,France,Femme,64.0,10,64153.35,1,Non,Oui,33020.415,Non
2476,15672481,Ulyanov,641,France,Homme,37.0,6,0.0,2,Oui,Non,22654.62,Non
2477,15741875,Williamson,746,Espagne,Femme,25.0,3,52416.895,1,Non,Non,35955.65,Non
2478,15591123,Iredale,557,Allemagne,Homme,68.0,2,50097.22,1,Oui,Oui,19298.17,Non
2479,15646810,Quinn,603,Allemagne,Homme,44.0,6,54061.195,2,Oui,Non,54244.165,Oui
2480,15665634,Campbell,645,France,Femme,38.0,7,29784.285,1,Oui,Oui,83861.625,Non
2481,15778418,Burns,637,Allemagne,Homme,40.0,9,77154.835,1,Oui,Oui,62667.08,Oui
2482,15618401,Douglas,616,Allemagne,Homme,41.0,10,56610.1,2,Oui,Oui,57036.455,Non
2483,15651144,Yao,632,,Femme,35.0,2,75280.515,2,Non,Non,32361.305,Non
2484,15646936,Nnamdi,631,Allemagne,Femme,32.0,2,73405.495,2,Oui,Oui,90495.145,Non
2485,15624820,Ross,683,Espagne,Homme,56.0,7,25455.605,3,Non,Non,48814.655,Oui
2486,15780256,Palfreyman,630,France,Homme,34.0,9,0.0,2,Oui,Oui,57003.175,Non
2487,15800514,Kenechukwu,477,Allemagne,Femme,24.0,2,47837.81,2,Non,Non,,Oui
2488,15590327,Liao,604,Allemagne,Femme,42.0,10,83015.725,1,Oui,Non,49146.57,Non
2489,15728709,Shih,484,Allemagne,Homme,40.0,7,53450.71,2,Non,Non,59022.99,Non
2490,15762937,Chiganu,743,Allemagne,Femme,32.0,6,70174.28,2,Oui,Oui,81627.195,Non
2491,15789109,Watson,686,France,Femme,41.0,10,0.0,1,Oui,Oui,72136.355,Oui
2492,15605424,Oluchukwu,624,Espagne,Homme,38.0,7,61953.275,1,Oui,Non,67548.39,Non
2493,15684316,Udokamma,532,France,Homme,43.0,9,0.0,2,Non,Non,95286.955,Oui
2494,15666166,Pettry,653,France,Femme,74.0,0,60638.16,1,Oui,Oui,80174.155,Non
2495,15709222,Chukwueloka,557,Espagne,Homme,34.0,3,0.0,1,Non,Oui,61713.99,Non
2496,15686780,Rogova,645,Espagne,Femme,55.0,1,66838.325,1,Non,Oui,8547.745,Non
2497,15711446,Sinclair,569,Espagne,Femme,51.0,3,0.0,3,Oui,Non,37542.48,Oui
2498,15674583,Trevisani,768,France,Homme,25.0,0,39198.04,1,Oui,Oui,4158.095,Non
2499,15775235,Ku,690,France,Femme,36.0,6,55240.24,1,Non,Non,40646.165,Non
2500,15779052,Ballard,604,Allemagne,Femme,25.0,5,78890.42,2,Oui,Oui,29213.405,Non
2501,15575935,Baxter,673,France,Homme,59.0,0,89029.03,2,Non,Oui,10531.855,Oui
2502,15616555,Fu,850,,Homme,41.0,8,30440.34,1,Oui,Non,15912.92,Non
2503,15784491,Ho,725,France,Femme,31.0,6,0.0,1,Non,Non,30663.215,Non
2504,15704597,Trumbull,644,France,Homme,33.0,7,87285.68,1,Non,Oui,21971.545,Non
2505,15782219,Fanucci,703,Espagne,Homme,29.0,9,0.0,2,Oui,Non,,Non
2506,15780409,Egobudike,783,France,Homme,40.0,6,0.0,2,Oui,Non,54871.275,Non
2507,15594651,Milani,748,France,Homme,38.0,4,57610.68,1,Non,Oui,35478.375,Non
2508,15608528,Munro,645,France,Femme,68.0,9,0.0,4,Oui,Oui,88176.935,Oui
2509,15688612,Campos,850,France,Homme,33.0,7,70478.495,1,Non,Non,1755.09,Non
2510,15661670,Chidozie,524,Allemagne,Femme,31.0,8,53909.315,1,Oui,Non,99862.695,Oui
2511,15761477,Golibe,501,Allemagne,Homme,24.0,4,65403.21,2,Oui,Non,40120.57,Non
2512,15574584,Fang,670,,Homme,33.0,8,63339.845,1,Oui,Oui,19725.545,Non
2513,15698619,Bowhay,593,France,Homme,43.0,9,0.0,2,Oui,Oui,38178.715,Non
2514,15634262,Fantin,709,Allemagne,Homme,34.0,4,74187.595,2,Oui,Oui,10760.69,Non
2515,15672144,Mao,667,France,Femme,38.0,6,72216.02,1,Oui,Oui,,Oui
2516,15727291,McKay,821,France,Femme,40.0,1,0.0,2,Oui,Non,97136.56,Non
2517,15801218,Bermudez,675,France,Homme,49.0,8,67566.695,1,Non,Oui,89760.62,Oui
2518,15812272,Ugonna,693,Allemagne,Homme,44.0,5,62300.79,2,Oui,Oui,23499.065,Oui
2519,15681274,Marshall,726,Espagne,Femme,56.0,2,52736.87,1,Oui,Oui,23022.35,Non
2520,15727499,Boyle,666,,Femme,36.0,3,64559.25,2,Non,Non,69717.56,Non
2521,15728773,Hsieh,568,France,Femme,,7,0.0,2,Oui,Oui,22989.195,Non
2522,15722758,Allan,585,France,Homme,40.0,7,0.0,2,Non,Non,73078.49,Non
2523,15607993,Milne,625,France,Femme,52.0,2,39734.48,1,Oui,Oui,42303.015,Non
2524,15621227,Hs?eh,668,Allemagne,Femme,46.0,7,80903.045,1,Oui,Oui,86526.095,Non
2525,15652400,Moss,667,Espagne,Homme,56.0,2,84441.54,1,Non,Oui,9448.89,Non
2526,15787035,Anderson,602,France,Femme,35.0,8,0.0,2,Oui,Oui,76421.765,Non
2527,15625522,Walker,700,Espagne,Homme,31.0,7,0.0,2,Non,Oui,,Non
2528,15777046,Parry,580,France,Femme,39.0,9,64181.295,1,Oui,Non,43022.49,Non
2529,15790355,Okechukwu,606,Allemagne,Homme,36.0,5,95239.74,2,Non,Non,89675.945,Non
2530,15708048,Burn,631,France,Femme,34.0,4,62189.57,1,Oui,Non,53446.455,Non
2531,15677764,Chao,461,Allemagne,Femme,74.0,1,93222.655,2,Oui,Oui,98383.915,Non
2532,15600688,Liston,600,France,Femme,39.0,5,0.0,2,Non,Non,59136.035,Non
2533,15774738,Campa,632,France,Homme,44.0,3,53882.375,1,Oui,Non,92833.86,Non
2534,15725024,Pope,805,Allemagne,Femme,33.0,3,52831.78,2,Non,Oui,16665.445,Non
2535,15633666,Efremov,701,Espagne,Femme,33.0,7,61935.035,1,Oui,Non,48897.355,Non
2536,15662578,Dettmann,679,Allemagne,Homme,35.0,1,55122.565,1,Oui,Oui,89145.545,Non
2537,15812945,Padovesi,582,France,Femme,29.0,0,0.0,1,Oui,Oui,42006.405,Non
2538,15625759,Rowley,729,,Homme,30.0,9,0.0,2,Oui,Non,75934.675,Non
2539,15713608,Tuan,850,France,Femme,41.0,5,0.0,2,Oui,Oui,17413.715,Non
2540,15724764,Lawley,667,Allemagne,Femme,42.0,10,32202.13,2,Non,Non,13011.185,Non
2541,15732674,Fennell,443,Espagne,Homme,36.0,6,35219.005,2,Non,Oui,28468.715,Non
2542,15645896,Duncan,646,Allemagne,Homme,39.0,6,60840.955,2,Non,Oui,30896.735,Non
2543,15659236,Iadanza,781,Espagne,Homme,33.0,3,0.0,2,Oui,Oui,21278.165,Non
2544,15618391,Doyle,810,France,Homme,33.0,6,0.0,2,Oui,Oui,38982.835,Non
2545,15782364,Bevan,521,Espagne,Femme,39.0,3,73204.34,1,Non,Non,36496.835,Non
2546,15591766,Crawford,607,Espagne,Femme,25.0,4,60583.445,1,Non,Oui,57644.12,Non
2547,15720671,Ibezimako,704,France,Homme,42.0,8,64867.65,2,Oui,Oui,89782.785,Non
2548,15684999,Ch'eng,850,France,Femme,26.0,4,31305.48,2,Non,Oui,89682.55,Non
2549,15769948,Palerma,737,Allemagne,Homme,35.0,0,66688.9,1,Non,Oui,32025.095,Non
2550,15667424,Forbes,682,Allemagne,Femme,43.0,7,55547.025,2,Oui,Oui,32339.65,Non
2551,15742378,Swaim,520,Allemagne,Homme,32.0,5,55014.885,1,Oui,Non,,Non
2552,15592645,Gibbons,704,Espagne,Homme,37.0,4,0.0,2,Non,Non,,Non
2553,15797910,Zetticci,775,Allemagne,Homme,51.0,2,61891.625,1,Oui,Oui,67450.785,Non
2554,15674833,Shao,741,France,Femme,35.0,1,0.0,2,Oui,Non,18278.775,Non
2555,15641690,Hsiao,681,Espagne,Homme,67.0,7,0.0,2,Non,Oui,81857.46,Non
2556,15716926,Macleod,807,France,Homme,33.0,10,50976.485,2,Oui,Non,89076.825,Non
2557,15739931,Yuan,523,France,Homme,34.0,2,80794.445,1,Oui,Oui,25679.33,Non
2558,15671243,Y?,558,France,Femme,47.0,9,0.0,2,Oui,Non,51893.64,Non
2559,15792329,Mao,494,Allemagne,Homme,37.0,5,53553.165,2,Oui,Non,86031.545,Non
2560,15692991,Wood,710,Espagne,Femme,38.0,4,0.0,2,Oui,Oui,68195.44,Non
2561,15773731,John,758,Espagne,Femme,35.0,5,0.0,2,Non,Non,50182.755,Non
2562,15635034,Aldrich,727,Allemagne,Homme,37.0,9,50595.915,1,Oui,Oui,17275.675,Oui
2563,15681342,Hurst,639,France,Femme,35.0,1,51507.56,2,Oui,Oui,69547.06,Non
2564,15667321,Cocci,644,Espagne,Homme,49.0,10,0.0,2,Oui,Oui,72544.82,Non
2565,15660833,Flannery,796,Allemagne,Homme,39.0,5,43175.435,2,Non,Non,52540.265,Non
2566,15779496,Sykes,615,France,Homme,64.0,0,40782.05,2,Non,Oui,17948.045,Non
2567,15645371,Cameron,613,Allemagne,Femme,51.0,7,73631.055,1,Oui,Oui,26815.45,Oui
2568,15662483,Ko,850,France,Homme,43.0,7,0.0,2,Oui,Oui,86925.555,Non
2569,15697546,McIntyre,570,France,Femme,36.0,3,0.0,2,Oui,Non,46059.375,Non
2570,15796074,Bruno,717,France,Femme,36.0,2,49736.38,2,Oui,Non,47137.36,Oui
2571,15810978,Pugliesi,788,Espagne,Femme,70.0,1,0.0,2,Oui,Oui,20805.31,Non
2572,15720676,Bukowski,700,France,Femme,37.0,7,0.0,2,Oui,Non,8520.41,Non
2573,15748882,Reid,714,Espagne,Homme,29.0,9,0.0,2,Oui,Non,64596.275,Non
2574,15809909,Fan,422,Espagne,Femme,54.0,4,0.0,2,Oui,Oui,3583.355,Non
2575,15580146,Hung,738,,Homme,31.0,9,41337.075,1,Oui,Non,20985.36,Non
2576,15731522,Ts'ui,771,Espagne,Femme,67.0,8,0.0,2,Oui,Oui,25609.9,Non
2577,15575445,Ferguson,629,Espagne,Homme,41.0,10,75074.255,1,Non,Non,3468.135,Non
2578,15803842,Dunn,752,Allemagne,Femme,45.0,3,52713.25,2,Non,Oui,44886.725,Non
2579,15801462,Yermakov,716,France,Homme,,8,54789.02,2,Oui,Oui,25751.755,Non
2580,15636521,Feng,744,Espagne,Femme,30.0,1,62018.64,1,Oui,Oui,71105.47,Non
2581,15698294,Royster,635,Espagne,Homme,31.0,1,0.0,2,Oui,Non,67691.115,Non
2582,15644962,Connolly,745,France,Homme,21.0,4,68955.225,1,Oui,Oui,88617.615,Non
2583,15658577,Massie,629,France,Femme,37.0,10,49773.125,3,Non,Oui,12568.475,Oui
2584,15713426,Hancock,637,Allemagne,Homme,30.0,1,61092.765,1,Oui,Non,51283.23,Oui
2585,15628813,King,693,France,Femme,43.0,4,76170.775,1,Oui,Non,4620.89,Non
2586,15760880,Edman,513,France,Homme,29.0,10,0.0,2,Non,Oui,12757.385,Non
2587,15609928,Johnston,850,Allemagne,Homme,43.0,5,64652.545,2,Non,Oui,9622.29,Non
2588,15652674,Hou,539,France,Homme,20.0,0,41729.93,1,Oui,Oui,73376.335,Non
2589,15752193,Burton,421,Espagne,Homme,34.0,6,45361.68,1,Oui,Oui,6081.38,Non
2590,15788367,Ellis,487,Espagne,Homme,44.0,6,30845.725,1,Oui,Oui,26543.99,Non
2591,15657812,Ch'iu,688,France,Homme,,1,0.0,2,Oui,Oui,86016.785,Non
2592,15710105,Stirling,581,Allemagne,Femme,26.0,3,52549.725,1,Oui,Oui,92260.0,Oui
2593,15763171,Hu,650,Allemagne,Femme,25.0,2,57165.475,1,Oui,Oui,12662.535,Non
2594,15667633,Allen,612,France,Femme,38.0,1,0.0,2,Oui,Oui,4604.605,Non
2595,15780561,Hay,622,France,Femme,39.0,9,41728.395,2,Non,Non,19441.17,Non
2596,15595153,Tucker,644,Allemagne,Femme,44.0,8,53011.365,2,Non,Non,74363.71,Non
2597,15621818,Anayolisa,747,Allemagne,Homme,29.0,7,58863.165,1,Oui,Oui,87699.17,Non
2598,15707011,Morrison,495,France,Homme,47.0,10,68841.34,1,Oui,Non,35535.735,Non
2599,15770185,Buckley,779,France,Homme,32.0,10,40364.075,1,Oui,Non,43153.375,Non
2600,15653849,Lu,572,Allemagne,Femme,48.0,3,76413.995,1,Oui,Non,19205.895,Oui
2601,15575410,Chidiegwu,667,Allemagne,Femme,39.0,4,41882.675,2,Oui,Non,59179.27,Non
2602,15769974,Shih,679,Espagne,Femme,35.0,8,59591.365,1,Non,Non,60605.045,Non
2603,15652914,Ibrahimov,721,Espagne,Homme,38.0,7,0.0,1,Non,Oui,26767.4,Non
2604,15670619,Coppin,631,France,Femme,33.0,8,0.0,2,Non,Non,58687.11,Non
2605,15649457,Macleod,588,Allemagne,Homme,41.0,2,65670.73,2,Non,Oui,3517.47,Non
2606,15778190,Onyekaozulu,639,Espagne,Femme,,8,48920.36,1,Oui,Oui,89111.385,Non
2607,15692142,Rogova,707,Allemagne,Femme,48.0,7,52543.37,1,Oui,Oui,90172.345,Oui
2608,15779492,Trevisano,796,Espagne,Homme,56.0,6,47115.565,1,Non,Non,60582.3,Oui
2609,15567078,Kovaleva,789,France,Femme,27.0,8,33100.98,1,Oui,Oui,39729.06,Non
2610,15631359,Daluchi,489,France,Femme,38.0,5,58644.96,1,Non,Non,42615.94,Non
2611,15748381,Gorbunov,613,France,Femme,29.0,6,92854.64,2,Oui,Oui,38621.095,Non
2612,15607746,Belstead,573,France,Femme,36.0,1,0.0,1,Oui,Oui,28452.69,Non
2613,15794204,Manna,687,France,Homme,28.0,7,54058.33,1,Oui,Oui,13705.595,Non
2614,15645766,Kosisochukwu,634,Espagne,Homme,25.0,9,0.0,2,Oui,Oui,4113.955,Non
2615,15587712,Chimaijem,589,France,Homme,36.0,8,57217.735,1,Oui,Non,13477.86,Non
2616,15740411,Molle,636,Allemagne,Homme,30.0,8,70893.655,2,Oui,Oui,54842.805,Non
2617,15595537,Trout,626,Allemagne,Homme,49.0,9,85893.92,2,Oui,Non,93596.115,Non
2618,15761733,King,707,France,Femme,42.0,10,0.0,2,Oui,Oui,76472.195,Non
2619,15726178,Hardy,712,Espagne,Femme,48.0,8,0.0,2,Oui,Non,91617.665,Non
2620,15807555,Chung,535,France,Homme,45.0,2,0.0,2,Oui,Non,62829.14,Non
2621,15748797,Dale,636,Espagne,Femme,33.0,0,0.0,1,Oui,Non,46138.735,Oui
2622,15811486,Tang,634,Allemagne,Femme,29.0,8,65018.105,2,Non,Oui,34924.775,Non
2623,15580701,Ma,712,France,Homme,33.0,3,76909.79,1,Oui,Non,39588.045,Oui
2624,15612465,Siciliano,684,Espagne,Homme,34.0,9,50314.0,2,Oui,Oui,95131.89,Non
2625,15593969,Abramovich,630,Espagne,Femme,39.0,7,67741.585,1,Oui,Non,70440.6,Oui
2626,15670587,Yang,558,Allemagne,Homme,25.0,10,55681.55,2,Oui,Non,98632.175,Non
2627,15585928,Hay,821,Allemagne,Femme,31.0,2,34463.785,1,Oui,Oui,12722.5,Non
2628,15592979,Rose,671,Allemagne,Femme,34.0,6,18633.335,2,Non,Non,78458.56,Non
2629,15751167,Toscano,680,France,Femme,43.0,4,0.0,2,Oui,Oui,29380.665,Non
2630,15725076,Anderson,653,Espagne,Femme,27.0,6,53875.84,2,Oui,Oui,,Non
2631,15629128,Mamelu,774,Allemagne,Homme,42.0,2,66096.97,2,Oui,Oui,81432.76,Non
2632,15813327,Romani,710,France,Homme,21.0,4,54565.48,2,Oui,Oui,28095.995,Non
2633,15608886,Okwudiliolisa,679,France,Femme,33.0,1,0.0,2,Non,Non,34804.24,Non
2634,15719931,Johnstone,850,France,Homme,31.0,8,0.0,2,Oui,Non,89333.85,Non
2635,15730059,Udobata,638,Espagne,Homme,44.0,9,38818.675,2,Oui,Oui,55673.11,Non
2636,15707488,Tan,560,France,Femme,,5,0.0,2,Oui,Non,65959.74,Non
2637,15589725,Zubarev,740,France,Femme,51.0,4,0.0,2,Oui,Oui,89464.92,Non
2638,15714567,Chan,568,Espagne,Femme,26.0,6,0.0,2,Non,Non,83247.6,Non
2639,15692207,Ingle,609,France,Femme,53.0,6,0.0,2,Oui,Oui,62109.135,Non
2640,15708289,Graham,793,Espagne,Homme,25.0,3,50456.785,1,Non,Non,5289.86,Non
2641,15783958,Bates,539,Espagne,Femme,37.0,1,65461.405,2,Non,Non,1093.415,Non
2642,15768137,Bray,667,Espagne,Femme,23.0,6,68050.345,2,Non,Non,84834.665,Oui
2643,15694506,Briggs,611,Allemagne,Homme,31.0,0,53942.405,2,Oui,Oui,91743.99,Non
2644,15619083,Yip,502,France,Femme,35.0,6,0.0,2,Oui,Oui,,Non
2645,15749905,Carr,698,Espagne,Femme,47.0,6,0.0,1,Oui,Non,,Oui
2646,15745543,Hughes,687,France,Homme,39.0,7,0.0,2,Oui,Non,13424.125,Non
2647,15759284,Yeh,750,France,Femme,37.0,6,0.0,1,Oui,Oui,,Oui
2648,15766787,Piazza,707,France,Femme,35.0,9,0.0,2,Oui,Oui,35201.825,Non
2649,15611189,Allingham,670,Espagne,Homme,43.0,1,48896.105,1,Non,Non,60112.81,Non
2650,15792064,Pai,545,Allemagne,Homme,53.0,5,57210.775,1,Oui,Non,90299.14,Oui
2651,15803908,Fu,628,France,Homme,45.0,9,0.0,2,Oui,Oui,48431.28,Non
2652,15744770,Stone,636,France,Homme,44.0,2,0.0,2,Non,Non,43207.205,Non
2653,15608114,Manfrin,587,Espagne,Homme,62.0,7,60643.135,1,Non,Oui,3388.46,Non
2654,15576077,Kelly,610,France,Femme,27.0,9,79780.965,1,Non,Oui,,Non
2655,15748589,Winter,736,France,Femme,30.0,9,0.0,2,Oui,Non,17090.165,Non
2656,15604217,Williams,726,France,Homme,34.0,9,0.0,2,Non,Non,7060.805,Non
2657,15657284,Day,674,Allemagne,Homme,47.0,6,53450.97,1,Oui,Oui,1039.6,Oui
2658,15670755,Shaw,650,France,Homme,60.0,8,0.0,2,Oui,Oui,51462.88,Non
2659,15729771,Davide,799,Allemagne,Homme,31.0,9,77293.46,1,Non,Oui,44302.445,Oui
2660,15660385,Stevenson,592,France,Homme,39.0,7,0.0,2,Oui,Non,41542.165,Non
2661,15773503,Tsai,551,Espagne,Homme,32.0,4,0.0,2,Oui,Non,26710.265,Non
2662,15714832,Baker,652,Allemagne,Homme,36.0,9,75478.355,1,Non,Non,36175.085,Non
2663,15754919,Nwebube,773,France,Femme,40.0,10,0.0,2,Non,Oui,34651.575,Non
2664,15812628,Dodd,453,Allemagne,Femme,38.0,8,60311.605,1,Oui,Non,64848.995,Non
2665,15809462,Polyakova,656,France,Homme,30.0,3,0.0,2,Non,Oui,8552.0,Non
2666,15611682,Rossi,590,Espagne,Homme,37.0,6,84951.46,1,Oui,Oui,64128.09,Non
2667,15617991,Andrews,555,France,Homme,29.0,4,64372.02,1,Oui,Oui,,Non
2668,15628059,DeRose,529,France,Homme,61.0,1,0.0,2,Oui,Oui,95685.485,Non
2669,15789371,Cattaneo,593,Allemagne,Femme,41.0,4,59851.55,2,Oui,Oui,54891.645,Non
2670,15796958,Tang,658,France,Homme,39.0,7,0.0,2,Oui,Non,24189.2,Non
2671,15659355,McKenzie,671,Espagne,Homme,32.0,6,61956.39,2,Oui,Oui,73318.22,Non
2672,15756932,Caldwell,696,Espagne,Femme,36.0,7,0.0,2,Oui,Oui,41149.295,Non
2673,15740900,Perrodin,589,France,Homme,34.0,6,0.0,2,Oui,Oui,88948.46,Non
2674,15631838,Findlay,606,,Homme,61.0,5,54083.045,2,Non,Oui,4321.605,Non
2675,15738501,Booth,601,Allemagne,Homme,48.0,9,81815.38,1,Non,Oui,20908.245,Oui
2676,15792360,Clark,668,France,Homme,32.0,7,0.0,2,Oui,Oui,388.685,Non
2677,15704144,Mazzanti,812,Allemagne,Homme,33.0,2,63577.07,2,Non,Oui,52691.745,Non
2678,15803136,Postle,416,Allemagne,Femme,41.0,10,61094.83,2,Oui,Non,49150.805,Non
2679,15785385,Fiorentino,550,Espagne,Homme,51.0,5,0.0,2,Oui,Non,76958.705,Non
2680,15726046,Johnston,712,France,Femme,27.0,2,66504.755,1,Oui,Non,63404.575,Non
2681,15723484,Hunt,669,Allemagne,Femme,42.0,1,51936.695,1,Oui,Non,74305.76,Non
2682,15574743,Chiu,577,Espagne,Homme,29.0,2,0.0,1,Oui,Oui,84462.205,Non
2683,15697424,Ku,597,Espagne,Femme,30.0,2,59685.055,1,Oui,Oui,91363.11,Oui
2684,15747208,Watt,608,France,Homme,50.0,6,0.0,1,Oui,Non,46784.385,Oui
2685,15586039,Bergamaschi,471,Allemagne,Femme,36.0,5,45031.87,2,Oui,Oui,48183.35,Non
2686,15602647,Cunningham,729,Allemagne,Homme,,6,63707.925,1,Oui,Oui,92488.6,Oui
2687,15782591,Cook,690,France,Homme,35.0,6,56344.975,1,Oui,Non,88481.155,Non
2688,15641595,Jonathan,685,Espagne,Homme,43.0,4,48696.09,2,Oui,Non,,Non
2689,15777553,Hanson,659,France,Femme,56.0,9,61892.62,1,Oui,Non,,Oui
2690,15803406,Ross,748,France,Femme,,1,38890.145,1,Non,Oui,91524.705,Non
2691,15593280,Yuryeva,614,Allemagne,Homme,43.0,8,70366.87,1,Oui,Oui,83294.38,Non
2692,15595160,Renwick,413,Espagne,Homme,35.0,2,0.0,2,Oui,Oui,30486.42,Non
2693,15807593,Berry,546,Espagne,Femme,36.0,7,42830.48,1,Non,Non,67389.005,Non
2694,15779915,O'Loghlin,694,Espagne,Homme,31.0,5,0.0,1,Oui,Non,17796.59,Non
2695,15758116,Rossi,666,France,Homme,53.0,5,32323.35,1,Oui,Non,64009.74,Oui
2696,15605279,Francis,792,France,Homme,50.0,9,0.0,4,Oui,Oui,97350.405,Oui
2697,15727919,Chukwuemeka,671,Espagne,Femme,29.0,6,0.0,2,Non,Non,6024.335,Non
2698,15638424,Glauert,661,Allemagne,Femme,35.0,5,75362.765,2,Non,Oui,56828.425,Non
2699,15710456,Balmain,607,France,Femme,27.0,2,0.0,2,Oui,Non,31747.93,Non
2700,15766205,Yin,550,Allemagne,Homme,38.0,2,51695.69,1,Non,Oui,45439.065,Non
2701,15798348,Chukwuebuka,600,Espagne,Femme,50.0,6,47342.135,1,Oui,Oui,25244.455,Non
2702,15634218,Mancini,501,Allemagne,Homme,27.0,4,47665.915,2,Oui,Non,66052.38,Non
2703,15585362,Simmons,749,France,Femme,60.0,6,0.0,1,Oui,Non,8989.34,Oui
2704,15604544,Manfrin,850,Allemagne,Homme,40.0,4,83041.075,2,Non,Oui,22203.085,Non
2705,15806389,Walton,549,Allemagne,Femme,55.0,1,68796.155,2,Non,Oui,58274.01,Oui
2706,15586976,Alexeeva,566,France,Femme,42.0,6,0.0,1,Oui,Non,90351.06,Oui
2707,15574868,Lowell,792,Allemagne,Homme,36.0,5,57862.62,2,Non,Non,935.625,Non
2708,15681843,Barbour,624,Allemagne,Femme,35.0,0,90151.62,2,Oui,Non,81793.95,Non
2709,15768474,Clements,744,Espagne,Homme,34.0,3,0.0,2,Oui,Non,13622.175,Non
2710,15712121,Chidimma,657,Espagne,Homme,34.0,5,77491.99,1,Oui,Non,13869.005,Non
2711,15691446,Tokaryev,735,Espagne,Homme,29.0,10,0.0,2,Oui,Oui,47512.635,Non
2712,15632576,Yashina,520,France,Homme,31.0,4,46624.7,1,Oui,Non,38667.875,Non
2713,15808473,Ringrose,673,France,Homme,72.0,1,0.0,2,Non,Oui,55990.595,Non
2714,15596493,Wisdom,687,France,Femme,47.0,7,0.0,2,Oui,Oui,88812.005,Non
2715,15738148,Clarke,465,France,Femme,51.0,8,61261.16,1,Non,Non,90648.825,Oui
2716,15628936,Archer,692,Espagne,Homme,28.0,9,59472.545,1,Non,Non,8032.125,Oui
2717,15700424,Hsiao,461,France,Femme,35.0,5,0.0,1,Oui,Oui,27104.51,Non
2718,15709232,McKay,586,Allemagne,Femme,47.0,5,78549.735,2,Oui,Oui,32740.93,Non
2719,15643824,Johnston,637,France,Homme,33.0,0,66127.995,2,Non,Oui,37294.205,Non
2720,15698716,Baker,620,France,Femme,70.0,3,43963.12,2,Oui,Non,16675.13,Oui
2721,15658032,Hopkins,701,France,Homme,39.0,2,0.0,2,Oui,Oui,41263.46,Non
2722,15676869,T'ien,657,Espagne,Homme,36.0,8,0.0,2,Non,Oui,61933.215,Non
2723,15772996,Rooke,594,Allemagne,Homme,40.0,0,76046.22,2,Oui,Oui,41754.465,Non
2724,15815645,Akhtar,481,,Homme,37.0,8,76151.83,2,Oui,Oui,87541.1,Non
2725,15642336,Shaw,669,France,Femme,42.0,9,0.0,2,Non,Non,67815.16,Non
2726,15634891,Jamison,504,Allemagne,Femme,43.0,7,51182.745,1,Oui,Non,97345.385,Oui
2727,15703682,Kalinina,681,Espagne,Homme,33.0,10,0.0,1,Non,Non,79168.18,Non
2728,15783816,Lori,733,France,Femme,28.0,5,0.0,2,Non,Non,6380.58,Non
2729,15773469,Clark,687,Allemagne,Femme,27.0,9,76164.44,2,Non,Non,63247.41,Non
2730,15623202,Maslov,704,Allemagne,Femme,39.0,10,51278.09,2,Oui,Non,,Oui
2731,15680436,Hsing,496,France,Femme,29.0,4,0.0,2,Oui,Non,82403.445,Non
2732,15675231,Nwankwo,518,France,Femme,45.0,8,0.0,2,Oui,Oui,18096.535,Non
2733,15781589,Carpenter,751,Espagne,Homme,52.0,8,0.0,2,Non,Oui,89645.925,Non
2734,15702669,Faulkner,663,Allemagne,Homme,,2,58514.3,2,Non,Oui,72340.09,Non
2735,15668669,Benson,423,France,Femme,36.0,5,48832.805,1,Oui,Non,59186.275,Oui
2736,15757310,Otitodilichukwu,655,Allemagne,Homme,67.0,6,74181.69,1,Oui,Oui,93497.585,Non
2737,15658929,Taverner,683,Espagne,Homme,29.0,0,66851.445,1,Oui,Non,27791.27,Oui
2738,15808831,Dale,669,France,Homme,29.0,7,0.0,2,Oui,Oui,69072.81,Non
2739,15682547,Lucchese,649,France,Homme,38.0,1,61107.0,1,Non,Oui,44482.73,Non
2740,15570002,Burlingame,625,Allemagne,Femme,55.0,8,59386.355,4,Non,Non,67926.81,Oui
2741,15720644,Martin,789,France,Homme,27.0,6,0.0,2,Oui,Non,51801.825,Non
2742,15643819,Dawson,714,France,Femme,25.0,4,0.0,2,Non,Non,41250.42,Non
2743,15737627,Rivero,589,Allemagne,Femme,20.0,2,60546.645,2,Oui,Non,1764.86,Non
2744,15664772,Greece,489,,Homme,28.0,1,39730.49,2,Oui,Oui,83986.815,Non
2745,15709135,Pirozzi,691,Allemagne,Homme,30.0,7,50615.885,2,Non,Non,78264.72,Non
2746,15741429,Hudson,680,Espagne,Femme,31.0,9,59912.875,2,Oui,Oui,50569.65,Non
2747,15711618,Chang,704,Allemagne,Femme,39.0,1,62320.255,1,Oui,Non,,Oui
2748,15661526,Anderson,815,Allemagne,Homme,37.0,2,55388.63,2,Oui,Non,1191.795,Non
2749,15584229,Simon,671,Allemagne,Femme,23.0,9,61971.59,1,Oui,Oui,,Non
2750,15776231,Kent,626,Allemagne,Homme,35.0,4,44054.905,1,Oui,Oui,16412.75,Non
2751,15679297,Volkova,628,Espagne,Homme,43.0,3,92463.305,1,Oui,Non,61468.785,Non
2752,15774507,Furneaux,574,France,Femme,39.0,5,59506.93,1,Oui,Non,51710.955,Non
2753,15747130,Tsao,521,France,Homme,39.0,7,0.0,2,Non,Oui,326.79,Non
2754,15742285,Andersen,559,France,Homme,62.0,6,59378.31,1,Oui,Oui,10183.84,Non
2755,15567855,Chukwufumnanya,623,France,Femme,29.0,1,0.0,2,Non,Non,19691.03,Non
2756,15780909,Caffyn,769,Allemagne,Homme,34.0,7,57550.75,1,Non,Non,28920.945,Oui
2757,15783025,Piazza,723,Allemagne,Homme,37.0,3,47330.765,2,Oui,Non,60619.825,Non
2758,15694188,Obidimkpa,700,Espagne,Femme,46.0,5,28290.475,2,Non,Oui,22712.065,Non
2759,15575694,Yobachukwu,729,Espagne,Femme,45.0,7,45545.53,2,Oui,Non,35566.56,Non
2760,15674149,Esomchi,599,Allemagne,Homme,36.0,3,64480.105,2,Oui,Oui,20159.165,Non
2761,15757541,Rickard,778,,Femme,33.0,9,75886.315,2,Non,Non,90124.97,Oui
2762,15650313,Okonkwo,632,,Homme,65.0,6,64736.165,1,Oui,Oui,42589.74,Non
2763,15757537,Francis,610,France,Femme,,6,53892.325,1,Oui,Oui,70568.765,Non
2764,15605737,George,541,France,Homme,36.0,5,0.0,2,Oui,Non,62397.92,Non
2765,15670029,Marcelo,445,France,Femme,33.0,7,0.0,2,Oui,Non,61312.84,Non
2766,15644788,Fyodorov,731,France,Femme,30.0,5,0.0,2,Oui,Non,94764.36,Non
2767,15639303,Moore,589,Allemagne,Homme,48.0,5,63055.805,1,Non,Oui,66980.595,Non
2768,15584812,Overby,693,Espagne,Femme,39.0,0,0.0,2,Non,Non,40950.8,Non
2769,15800326,Poole,717,Espagne,Femme,,6,0.0,2,Oui,Non,46637.805,Non
2770,15575883,Manna,559,France,Homme,34.0,2,68695.055,2,Oui,Non,4838.5,Non
2771,15597983,Brown,692,France,Homme,69.0,10,77476.97,1,Oui,Oui,35424.735,Non
2772,15689594,Su,731,France,Homme,29.0,5,89769.6,1,Non,Non,56005.01,Non
2773,15705521,Pisani,548,Allemagne,Femme,33.0,0,50542.18,1,Oui,Non,21374.925,Non
2774,15571302,Estep,529,Allemagne,Homme,72.0,5,47108.025,1,Oui,Oui,39347.84,Non
2775,15593128,Vinogradoff,608,France,Femme,56.0,10,64627.6,2,Oui,Non,71246.02,Oui
2776,15803352,Scott,613,Allemagne,Homme,33.0,3,77868.21,2,Oui,Oui,,Non
2777,15639549,Jen,718,Allemagne,Femme,33.0,4,35270.53,1,Non,Non,44296.4,Non
2778,15580249,Lori,502,France,Homme,45.0,0,0.0,1,Non,Non,42331.605,Non
2779,15779947,Thomas,363,Espagne,Femme,28.0,6,73049.215,3,Oui,Non,50307.57,Oui
2780,15705458,Parkin,550,Espagne,Homme,39.0,2,58060.095,2,Oui,Oui,97819.065,Non
2781,15589563,Purdy,531,Espagne,Homme,31.0,2,59449.725,2,Non,Non,20704.68,Non
2782,15581654,Long,798,France,Homme,32.0,7,0.0,2,Non,Oui,18865.975,Non
2783,15750839,Burns,649,Espagne,Homme,29.0,2,22511.115,1,Oui,Oui,86747.885,Non
2784,15807525,Bailey,447,France,Homme,43.0,2,0.0,2,Oui,Non,16939.63,Oui
2785,15608230,Hoelscher,667,France,Homme,23.0,1,0.0,2,Oui,Non,45786.595,Non
2786,15696514,Calabrese,587,Allemagne,Femme,37.0,6,52207.015,1,Oui,Non,96013.01,Non
2787,15595039,Manna,545,Allemagne,Femme,37.0,8,57377.04,1,Oui,Non,68025.22,Oui
2788,15793890,Harriman,728,France,Femme,59.0,4,0.0,1,Oui,Oui,81682.925,Oui
2789,15662854,Manna,681,Allemagne,Homme,,5,69857.2,2,Non,Non,36533.36,Non
2790,15662494,Goliwe,773,Espagne,Homme,43.0,7,69075.285,1,Oui,Oui,,Non
2791,15804919,Dunbabin,670,Espagne,Femme,65.0,1,0.0,1,Oui,Oui,88827.84,Oui
2792,15737977,Aksyonov,527,France,Femme,25.0,6,0.0,2,Non,Oui,48379.29,Non
2793,15575409,Rozhkova,581,Allemagne,Homme,31.0,6,58445.86,1,Oui,Non,53568.65,Non
2794,15769818,Moore,850,France,Femme,37.0,3,106389.1,1,Non,Oui,34686.44,Non
2795,15729582,Fu,676,Allemagne,Homme,,3,40348.72,1,Non,Non,50698.93,Non
2796,15770375,Fanucci,850,Allemagne,Femme,26.0,8,61563.145,1,Oui,Non,37212.705,Non
2797,15610727,Ch'in,605,France,Homme,36.0,7,64414.625,1,Oui,Non,95294.295,Non
2798,15679307,Kazantseva,559,France,Femme,43.0,1,0.0,1,Non,Oui,43317.15,Non
2799,15598751,Ingram,556,,Femme,43.0,6,0.0,3,Non,Non,62577.285,Oui
2800,15785542,Kornilova,572,Allemagne,Homme,26.0,4,59143.505,2,Non,Non,30213.65,Non
2801,15655436,Kendall,839,Allemagne,Homme,47.0,2,68455.535,1,Oui,Oui,84092.31,Oui
2802,15806318,Wright,676,,Femme,48.0,2,62221.19,1,Oui,Non,7534.265,Oui
2803,15684294,Chidumaga,735,France,Homme,50.0,2,0.0,2,Non,Oui,73537.845,Non
2804,15602851,Ozioma,629,France,Homme,40.0,9,0.0,1,Oui,Non,53.335,Non
2805,15705657,Hewitt,535,France,Femme,44.0,2,57213.93,1,Oui,Oui,68165.13,Non
2806,15770567,Ruiz,557,France,Femme,32.0,3,61751.265,1,Oui,Oui,34913.4,Non
2807,15694581,Rawlings,807,Espagne,Homme,42.0,5,0.0,2,Oui,Oui,37450.45,Non
2808,15789669,Hsia,510,France,Homme,65.0,2,0.0,2,Oui,Oui,24035.805,Non
2809,15765192,Jones,564,France,Homme,26.0,7,42003.44,2,Non,Non,91745.495,Non
2810,15627637,Obioma,709,Allemagne,Homme,23.0,8,36657.02,2,Oui,Non,31723.235,Non
2811,15568025,Hsueh,758,France,Homme,51.0,8,40855.23,1,Oui,Oui,58260.035,Non
2812,15639368,Pipes,732,France,Homme,25.0,0,55471.45,1,Non,Non,86288.28,Non
2813,15795737,McNaughtan,771,Espagne,Femme,47.0,3,36332.0,2,Oui,Oui,53937.195,Non
2814,15795132,Molineux,735,France,Femme,25.0,3,45859.4,1,Non,Non,14205.615,Non
2815,15755077,Norton,778,Allemagne,Femme,37.0,0,52808.865,2,Oui,Oui,66849.91,Oui
2816,15656330,Von Doussa,528,Espagne,Femme,32.0,0,34069.185,1,Oui,Oui,85154.595,Non
2817,15659656,Pan,849,France,Homme,35.0,4,55418.865,1,Non,Non,63209.9,Non
2818,15717935,McDonald,589,France,Femme,21.0,3,0.0,2,Non,Oui,27800.72,Non
2819,15703793,Konovalova,738,Allemagne,Homme,58.0,2,66872.72,4,Oui,Non,14186.93,Oui
2820,15802593,Little,504,France,Femme,49.0,7,0.0,3,Non,Oui,43911.07,Oui
2821,15650098,Baranova,630,France,Femme,40.0,7,0.0,2,Oui,Oui,17226.585,Non
2822,15685576,Degtyaryov,527,Espagne,Femme,36.0,6,0.0,2,Oui,Oui,51140.145,Non
2823,15663650,Russell,698,Allemagne,Homme,52.0,10,53652.195,3,Oui,Non,14403.16,Oui
2824,15796838,Chibugo,703,,Homme,58.0,4,46465.46,1,Non,Oui,42574.39,Non
2825,15655335,Becher,590,France,Homme,36.0,1,0.0,2,Oui,Non,24438.42,Non
2826,15734892,Fennell,579,Espagne,Homme,37.0,4,0.0,2,Oui,Oui,16123.315,Non
2827,15690744,Custance,683,France,Homme,43.0,2,56249.71,2,Oui,Non,15187.59,Non
2828,15740175,Raynor,732,Allemagne,Femme,42.0,2,59444.83,2,Non,Non,43711.075,Non
2829,15645496,Seleznyova,648,France,Femme,43.0,7,69986.09,1,Oui,Non,71834.29,Non
2830,15578788,Bibi,786,Espagne,Homme,40.0,6,0.0,2,Non,Non,20624.4,Non
2831,15800228,Bednall,652,Espagne,Femme,42.0,4,0.0,2,Oui,Oui,19076.005,Non
2832,15776596,Ferri,730,Espagne,Femme,39.0,6,70047.295,1,Oui,Non,86225.02,Oui
2833,15635905,Moran,616,Espagne,Femme,32.0,6,0.0,2,Oui,Oui,21500.73,Non
2834,15782550,Ma,490,,Femme,41.0,0,69829.52,1,Oui,Oui,88127.06,Non
2835,15685654,Allan,514,Espagne,Homme,66.0,9,0.0,2,Oui,Oui,7117.155,Non
2836,15594612,Flynn,702,Espagne,Homme,44.0,9,0.0,1,Non,Non,29603.705,Oui
2837,15652527,Champion,680,France,Homme,44.0,7,54362.49,1,Non,Oui,36165.23,Non
2838,15578211,Connolly,777,France,Homme,23.0,6,0.0,2,Oui,Oui,81612.74,Non
2839,15650244,Bezrukov,786,Espagne,Homme,29.0,7,40447.72,2,Oui,Non,32472.785,Non
2840,15713890,Maclean,704,France,Homme,,3,0.0,2,Non,Oui,76442.425,Non
2841,15670492,Gordon,737,France,Homme,28.0,8,0.0,2,Oui,Non,53195.005,Non
2842,15627995,Angelo,756,Allemagne,Femme,26.0,5,77571.76,1,Non,Oui,,Oui
2843,15746461,Taylor,709,Espagne,Homme,35.0,2,0.0,2,Oui,Non,52491.195,Non
2844,15724076,Christie,815,Espagne,Femme,57.0,5,0.0,3,Non,Non,19470.72,Oui
2845,15610801,Pan,648,Allemagne,Homme,41.0,5,61524.605,1,Non,Oui,2533.38,Non
2846,15783444,Endrizzi,788,France,Femme,39.0,3,67569.665,1,Non,Oui,,Non
2847,15705050,Linger,611,France,Homme,30.0,9,0.0,2,Oui,Oui,74443.845,Non
2848,15588235,Vasilieva,654,France,Femme,24.0,8,72540.865,1,Oui,Oui,65037.535,Non
2849,15695225,Sun,834,Espagne,Homme,38.0,8,0.0,2,Oui,Oui,33242.63,Non
2850,15618703,White,663,Espagne,Femme,53.0,6,75100.115,1,Non,Oui,75658.635,Oui
2851,15696141,Kruglov,516,Espagne,Femme,31.0,7,0.0,1,Oui,Non,,Non
2852,15568915,Bailey,681,France,Homme,38.0,6,76861.235,1,Oui,Non,50659.88,Non
2853,15732102,Darling,656,Allemagne,Femme,27.0,3,75452.515,2,Oui,Non,8499.36,Non
2854,15758073,Dellucci,655,France,Femme,20.0,7,67198.805,1,Non,Non,14014.77,Non
2855,15750837,Landseer,579,Allemagne,Homme,41.0,0,70874.84,1,Non,Oui,4600.765,Non
2856,15736228,Chambers,645,France,Femme,40.0,3,64798.385,1,Oui,Oui,51616.3,Non
2857,15736271,Dumetochukwu,498,France,Femme,29.0,9,0.0,1,Oui,Non,95017.915,Non
2858,15659366,Shih,807,France,Homme,43.0,1,52899.66,2,Oui,Non,17444.02,Oui
2859,15756301,Daniels,636,Allemagne,Femme,29.0,3,48662.575,1,Non,Oui,65962.19,Non
2860,15678057,Lombardi,524,France,Homme,44.0,10,59284.515,2,Non,Non,41058.6,Non
2861,15687648,Nicholson,691,France,Homme,28.0,1,0.0,2,Non,Non,46432.705,Non
2862,15655192,Fiorentino,850,Espagne,Femme,24.0,1,0.0,2,Non,Oui,34526.435,Non
2863,15651093,Chien,707,France,Femme,55.0,1,0.0,2,Non,Oui,27204.74,Non
2864,15616709,Bunton,587,Allemagne,Femme,38.0,0,66061.21,2,Non,Non,15865.16,Non
2865,15810418,T'ang,756,Allemagne,Femme,60.0,3,57962.445,1,Oui,Non,46762.095,Oui
2866,15636016,Wreford,588,France,Femme,34.0,3,60388.94,1,Oui,Oui,65864.76,Non
2867,15787655,Chu,707,France,Homme,47.0,3,0.0,2,Oui,Non,87151.645,Non
2868,15727619,Lock,753,Allemagne,Femme,46.0,9,56954.845,3,Oui,Non,,Oui
2869,15703167,Rouse,628,France,Femme,45.0,8,0.0,2,Oui,Non,96951.53,Non
2870,15654346,Poninski,679,Allemagne,Homme,35.0,1,65231.775,2,Oui,Oui,18670.585,Non
2871,15657747,Zito,611,Allemagne,Femme,43.0,9,63608.155,2,Non,Oui,8956.625,Non
2872,15633419,Brooks,622,Allemagne,Femme,28.0,1,71562.315,2,Oui,Non,40861.9,Non
2873,15665834,Cheatham,696,Espagne,Homme,28.0,8,0.0,1,Non,Non,88356.735,Non
2874,15809616,Hsiung,626,Espagne,Homme,,8,0.0,2,Non,Non,95710.355,Non
2875,15703413,Montes,519,France,Femme,38.0,7,62664.28,1,Oui,Non,94112.835,Non
2876,15656096,Cumbrae-Stewart,679,Espagne,Femme,26.0,3,38277.03,1,Oui,Oui,92400.135,Non
2877,15699247,Chapman,791,France,Femme,44.0,5,0.0,2,Oui,Oui,61988.93,Oui
2878,15625944,Buccho,664,France,Homme,58.0,5,49334.09,1,Oui,Oui,30443.79,Non
2879,15672756,Mills,716,France,Femme,35.0,8,56404.09,1,Non,Oui,8924.15,Non
2880,15751710,Ginikanwa,729,Espagne,Homme,31.0,8,82435.405,2,Oui,Oui,4783.695,Non
2881,15651052,McMasters,399,Allemagne,Homme,46.0,2,63827.61,1,Oui,Non,69997.34,Oui
2882,15604073,Bibi,815,Allemagne,Femme,25.0,8,67580.835,1,Oui,Oui,68035.525,Non
2883,15578073,Barker,686,Espagne,Homme,22.0,8,0.0,2,Non,Non,71165.925,Non
2884,15758856,Kable,597,France,Homme,,7,0.0,2,Non,Non,,Non
2885,15734058,Anayochukwu,509,Allemagne,Homme,32.0,9,85330.735,1,Oui,Oui,10823.1,Non
2886,15602373,White,812,France,Homme,44.0,4,57524.575,2,Oui,Non,82519.205,Non
2887,15701555,Nicholls,575,Espagne,Homme,53.0,1,42451.665,2,Non,Oui,13007.9,Non
2888,15595228,Wanliss,815,France,Homme,,7,0.0,1,Non,Oui,26442.615,Oui
2889,15669064,Mazzanti,671,Allemagne,Homme,35.0,1,72424.37,1,Oui,Oui,89506.15,Non
2890,15741275,Yuan,623,France,Femme,57.0,7,35740.895,2,Oui,Oui,42210.67,Non
2891,15746065,Lo Duca,580,Allemagne,Homme,35.0,10,68140.705,2,Oui,Oui,12399.735,Non
2892,15757140,Genovese,787,,Homme,51.0,0,29068.54,1,Non,Oui,71269.155,Non
2893,15571305,Stephenson,588,Allemagne,Femme,35.0,1,51530.315,1,Oui,Non,89933.005,Oui
2894,15766017,Brookman,615,Allemagne,Homme,,3,36154.65,1,Oui,Oui,42843.545,Oui
2895,15799468,Catchpole,591,France,Femme,34.0,3,48063.635,1,Non,Non,15486.03,Non
2896,15572073,Yao,663,Espagne,Homme,35.0,5,0.0,2,Oui,Oui,31317.47,Non
2897,15775430,Tsou,651,Allemagne,Homme,31.0,7,69004.03,2,Oui,Non,64956.37,Non
2898,15686463,Fu,626,France,Homme,38.0,7,70537.295,1,Oui,Non,26397.78,Oui
2899,15779182,Chia,790,Espagne,Homme,46.0,8,91182.265,1,Non,Non,69633.24,Oui
2900,15629511,Lavrentiev,738,France,Homme,49.0,6,53385.41,1,Oui,Non,61749.635,Non
2901,15591179,Skelton,702,Espagne,Homme,30.0,2,0.0,2,Oui,Oui,72768.66,Non
2902,15651352,Tobenna,529,,Femme,,2,0.0,1,Oui,Non,73194.425,Oui
2903,15723216,Greco,623,Allemagne,Homme,33.0,2,40001.165,1,Oui,Oui,52039.81,Non
2904,15754577,Boni,556,,Femme,51.0,8,30677.07,1,Oui,Non,99405.325,Oui
2905,15810723,Sanderson,607,France,Femme,39.0,10,0.0,3,Oui,Non,66370.565,Oui
2906,15581102,Baresi,554,France,Femme,22.0,8,0.0,2,Non,Oui,71335.305,Non
2907,15717898,Bruce,542,Espagne,Homme,32.0,2,65972.97,1,Non,Oui,79868.78,Non
2908,15696552,Newman,747,,Femme,21.0,4,40512.8,2,Oui,Non,83841.285,Non
2909,15778287,Ugoji,622,France,Homme,35.0,8,0.0,2,Oui,Oui,65886.255,Non
2910,15758306,T'an,654,France,Homme,32.0,6,0.0,2,Oui,Oui,68949.285,Non
2911,15683841,Hamilton,555,Allemagne,Homme,41.0,10,56635.1,2,Oui,Oui,92693.57,Non
2912,15742632,Alexeyeva,670,France,Femme,31.0,9,0.0,1,Non,Oui,38127.415,Non
2913,15596624,Topp,662,France,Femme,22.0,9,0.0,2,Oui,Oui,22188.825,Non
2914,15636658,Rozhkova,596,France,Homme,36.0,2,0.0,2,Oui,Oui,6033.695,Non
2915,15630053,Tsao,656,France,Homme,45.0,5,63932.2,1,Oui,Non,43553.785,Non
2916,15677105,Rossi,706,Allemagne,Femme,46.0,4,52607.29,1,Oui,Non,54349.795,Oui
2917,15807568,Wright,632,France,Homme,50.0,2,0.0,2,Non,Non,28971.44,Non
2918,15774104,Chukwualuka,539,Espagne,Homme,39.0,2,0.0,2,Oui,Oui,24094.97,Non
2919,15699634,Howard,667,France,Femme,48.0,2,0.0,2,Oui,Oui,74304.195,Non
2920,15742534,Faulk,527,Allemagne,Femme,28.0,2,61901.49,2,Oui,Oui,77923.345,Non
2921,15794159,Highett,633,France,Femme,26.0,8,62140.92,1,Oui,Oui,30058.285,Non
2922,15745826,Dawson,445,France,Homme,37.0,3,0.0,2,Oui,Oui,90006.195,Non
2923,15789425,Marsden,694,Allemagne,Femme,37.0,8,49109.02,2,Oui,Non,91177.23,Oui
2924,15726088,Vinogradova,476,France,Homme,40.0,6,0.0,1,Oui,Oui,11367.725,Non
2925,15582116,Ma,767,Allemagne,Femme,,7,66373.1,2,Oui,Non,13314.44,Oui
2926,15716728,Basedow,513,Espagne,Femme,42.0,10,0.0,2,Non,Oui,36575.625,Non
2927,15629744,Tan,804,France,Femme,71.0,8,0.0,2,Non,Oui,73997.98,Non
2928,15809265,Kao,547,France,Femme,35.0,4,0.0,1,Oui,Oui,66643.865,Non
2929,15637414,Gell,618,France,Femme,24.0,7,64368.195,1,Non,Oui,18573.805,Non
2930,15725509,Otutodilinna,662,Allemagne,Homme,30.0,5,57643.34,2,Oui,Oui,74793.96,Non
2931,15681758,Baddeley,525,Espagne,Femme,25.0,10,0.0,2,Oui,Non,34680.975,Non
2932,15763274,Wu,661,France,Homme,48.0,3,60160.27,1,Non,Non,48231.625,Non
2933,15591489,Davison,826,France,Homme,26.0,5,71331.34,1,Non,Non,30142.65,Non
2934,15677586,Romero,587,Allemagne,Femme,32.0,3,62722.52,2,Oui,Oui,65257.39,Non
2935,15698572,Schaffer,636,Espagne,Femme,36.0,1,0.0,1,Oui,Non,21567.29,Non
2936,15614923,Nielson,630,Espagne,Homme,41.0,7,53755.76,1,Non,Oui,23078.435,Non
2937,15735106,Bishop,647,Espagne,Homme,28.0,6,74797.01,2,Oui,Non,51162.595,Non
2938,15581197,Ricci,762,France,Femme,51.0,3,49643.49,1,Non,Oui,42789.315,Non
2939,15595135,Solomon,778,Allemagne,Femme,29.0,7,61614.73,1,Oui,Non,90610.545,Non
2940,15773972,Balashov,614,France,Homme,50.0,4,68552.235,1,Oui,Non,63583.245,Oui
2941,15649523,Kennedy,581,France,Homme,38.0,1,0.0,2,Oui,Non,23088.11,Non
2942,15681196,Chikere,629,France,Homme,35.0,1,86085.18,1,Oui,Oui,79888.685,Non
2943,15815552,Ferguson,670,France,Femme,42.0,6,56166.815,1,Oui,Oui,32853.43,Non
2944,15592104,Lane,655,France,Femme,41.0,5,0.0,1,Non,Non,18274.0,Oui
2945,15747795,Pai,593,Allemagne,Femme,38.0,4,64749.71,1,Oui,Oui,,Non
2946,15751774,Monnier,774,France,Homme,76.0,4,56255.445,1,Oui,Oui,71566.59,Non
2947,15571928,Fraser,679,France,Femme,43.0,4,0.0,3,Oui,Non,57568.255,Oui
2948,15690620,Olisaemeka,665,France,Homme,39.0,10,23161.785,1,Oui,Non,68406.01,Non
2949,15661412,Wardell,715,France,Homme,32.0,8,87653.66,1,Oui,Non,93525.615,Non
2950,15671249,Kent,422,France,Femme,33.0,2,0.0,2,Oui,Non,51327.655,Non
2951,15578747,Chineze,701,Espagne,Homme,26.0,5,41800.12,1,Non,Oui,29597.525,Non
2952,15805769,O'Loughlin,656,Espagne,Homme,33.0,4,0.0,2,Oui,Non,58353.0,Non
2953,15775116,Anderson,581,France,Homme,31.0,3,0.0,2,Non,Non,44520.305,Non
2954,15784218,Mason,620,Espagne,Homme,38.0,0,0.0,2,Oui,Oui,19007.67,Non
2955,15727556,O'Donnell,744,Espagne,Femme,26.0,5,83148.945,1,Oui,Oui,90847.22,Non
2956,15700083,Lai,609,Espagne,Homme,39.0,2,69721.875,2,Oui,Non,4617.03,Non
2957,15803965,Tang,654,,Homme,55.0,3,43742.835,1,Oui,Oui,1649.505,Non
2958,15653696,Goliwe,515,France,Femme,28.0,9,0.0,2,Non,Non,47070.875,Non
2959,15743456,Birnie,715,France,Femme,32.0,10,0.0,2,Oui,Non,30453.745,Non
2960,15798888,Pisano,605,Allemagne,Femme,31.0,1,58996.295,1,Oui,Oui,91799.385,Non
2961,15611635,Chu,678,Espagne,Femme,39.0,6,0.0,1,Non,Oui,92683.28,Non
2962,15623566,Barnhill,714,France,Homme,40.0,9,23260.345,1,Oui,Oui,48343.625,Non
2963,15632185,Yermolayev,663,France,Femme,,1,41114.335,2,Oui,Non,35679.89,Non
2964,15657163,Cockrum,623,Allemagne,Homme,42.0,1,74666.24,2,Oui,Non,50417.11,Non
2965,15694859,McLean,751,Allemagne,Femme,28.0,10,66466.07,2,Oui,Oui,23315.235,Non
2966,15766741,McIntyre,525,France,Homme,36.0,2,57314.2,1,Non,Oui,84145.03,Non
2967,15646227,Folliero,682,France,Femme,27.0,1,48946.6,1,Oui,Non,83072.49,Non
2968,15576111,Reagan,734,Allemagne,Homme,33.0,5,60949.29,1,Oui,Non,30914.945,Non
2969,15651740,Napolitani,525,Espagne,Femme,30.0,5,0.0,2,Non,Oui,74597.72,Non
2970,15714431,Yeh,561,France,Homme,37.0,1,50221.68,2,Non,Oui,50846.865,Non
2971,15724684,Sung,610,Espagne,Homme,46.0,5,45948.9,1,Oui,Non,27197.14,Non
2972,15680234,Bray,667,Allemagne,Homme,27.0,2,69016.075,1,Oui,Non,83158.855,Non
2973,15744553,Ho,444,France,Homme,34.0,2,72159.485,1,Oui,Non,56334.03,Non
2974,15572051,Kennedy,721,France,Homme,40.0,3,0.0,1,Oui,Oui,72437.335,Non
2975,15622532,Izmailova,708,France,Femme,47.0,0,63294.56,2,Non,Oui,66365.035,Oui
2976,15790829,Gibson,703,France,Femme,45.0,5,0.0,2,Oui,Non,65953.22,Non
2977,15687540,Obiuto,684,France,Homme,32.0,9,50124.705,2,Non,Oui,33799.845,Non
2978,15761374,Bellucci,706,France,Homme,54.0,9,58722.255,1,Oui,Oui,93119.425,Non
2979,15617648,Mikkelsen,584,France,Femme,44.0,5,47835.875,2,Oui,Oui,53282.44,Non
2980,15672516,Wall,541,Allemagne,Homme,,7,45186.64,2,Oui,Non,89930.895,Non
2981,15643916,Munro,619,Espagne,Homme,46.0,8,31200.24,1,Oui,Oui,66249.195,Oui
2982,15734711,Loggia,373,France,Homme,42.0,7,0.0,1,Oui,Non,38893.185,Oui
2983,15588197,Endrizzi,670,France,Homme,36.0,7,0.0,2,Non,Non,,Non
2984,15648067,Onwuamaeze,583,France,Homme,39.0,1,64649.64,2,Oui,Non,36553.8,Non
2985,15747542,Perez,605,France,Homme,52.0,7,0.0,2,Oui,Oui,86976.25,Non
2986,15706799,Macknight,719,Espagne,Homme,44.0,4,0.0,1,Non,Non,42486.45,Oui
2987,15665181,Chung,808,Espagne,Homme,25.0,7,0.0,2,Non,Oui,11590.185,Non
2988,15612494,Panicucci,359,France,Femme,44.0,6,64373.845,1,Oui,Non,73477.855,Oui
2989,15582951,Crawford,696,France,Femme,25.0,8,63221.295,1,Oui,Non,60952.22,Non
2990,15755648,Pisano,675,France,Femme,21.0,8,49186.63,1,Oui,Non,9101.5,Non
2991,15613518,Bellucci,647,France,Femme,35.0,6,56334.35,1,Non,Oui,61292.145,Non
2992,15575214,Ch'en,709,France,Homme,,7,0.0,1,Oui,Non,79743.38,Non
2993,15569430,Burrows,704,Espagne,Femme,36.0,2,87754.9,2,Oui,Non,76019.835,Non
2994,15595282,White,735,France,Femme,33.0,4,0.0,2,Oui,Non,74737.345,Non
2995,15798709,Gill,588,Espagne,Homme,32.0,3,54554.665,1,Non,Oui,,Non
2996,15644295,Hargreaves,731,Espagne,Femme,39.0,2,63408.09,1,Oui,Oui,37425.465,Non
2997,15682618,Jamieson,535,France,Femme,31.0,7,55927.52,2,Oui,Oui,18139.445,Non
2998,15578738,Tuan,609,France,Homme,32.0,7,35936.095,1,Oui,Oui,75962.45,Non
2999,15574283,Padovano,580,France,Homme,31.0,2,0.0,2,Non,Oui,32007.12,Non
3000,15749489,Denisova,533,Allemagne,Femme,22.0,10,57871.8,1,Non,Non,21926.025,Non
3001,15777459,Gordon,619,Espagne,Femme,32.0,4,87703.065,2,Oui,Oui,86396.215,Oui
3002,15583049,Wallace,643,Allemagne,Femme,34.0,7,80213.035,1,Non,Oui,,Non
3003,15768746,McLean,561,France,Homme,33.0,6,0.0,2,Non,Non,86840.195,Non
3004,15743976,Archer,618,Allemagne,Homme,41.0,8,18851.395,1,Oui,Oui,97887.74,Non
3005,15682322,Aksenov,714,France,Homme,37.0,9,74233.465,2,Non,Oui,75640.48,Non
3006,15608328,Sutherland,760,Espagne,Femme,41.0,6,0.0,2,Non,Non,50745.615,Non
3007,15776827,Langdon,770,Allemagne,Homme,37.0,5,70773.63,2,Non,Oui,90163.415,Non
3008,15691625,Ko,537,Allemagne,Femme,41.0,3,69153.17,1,Oui,Non,53380.735,Non
3009,15663386,Tuan,597,Espagne,Femme,26.0,7,0.0,2,Oui,Non,55126.6,Non
3010,15666975,Sparks,710,France,Femme,36.0,4,58042.53,1,Oui,Non,29300.805,Non
3011,15684211,Creel,704,Espagne,Femme,44.0,9,76828.425,1,Oui,Non,79371.405,Non
3012,15749519,Lin,822,France,Homme,38.0,6,64144.85,3,Oui,Non,,Oui
3013,15697127,Monaldo,543,France,Femme,31.0,2,73837.13,1,Oui,Oui,8329.38,Non
3014,15807045,Milanesi,829,Allemagne,Femme,37.0,3,51728.88,1,Non,Non,557.06,Non
3015,15809722,Ankudinov,611,France,Femme,40.0,8,50406.165,2,Oui,Non,73679.135,Non
3016,15645572,Calabresi,743,France,Femme,40.0,6,0.0,1,Oui,Non,14140.4,Oui
3017,15792607,Little,769,France,Femme,38.0,2,0.0,2,Non,Non,37789.335,Non
3018,15579820,Robertson,704,Espagne,Homme,38.0,6,53343.88,1,Oui,Non,,Non
3019,15701946,Ndubueze,715,France,Homme,34.0,4,62157.225,1,Non,Non,48891.46,Non
3020,15738884,Hu,642,Allemagne,Homme,41.0,4,78888.79,1,Oui,Non,33742.3,Non
3021,15634245,Muecke,758,Allemagne,Femme,47.0,9,47761.58,1,Oui,Non,36647.24,Non
3022,15795186,Leonard,562,France,Homme,38.0,5,0.0,1,Oui,Non,57850.1,Non
3023,15593250,Hsiao,640,France,Femme,29.0,4,0.0,2,Oui,Non,22452.13,Non
3024,15724336,Yates,513,Allemagne,Femme,49.0,5,85800.635,1,Oui,Non,63111.92,Non
3025,15581388,Y?an,487,Espagne,Homme,33.0,8,72864.855,1,Oui,Non,20682.925,Non
3026,15713637,Chinedum,699,France,Homme,34.0,2,58734.335,1,Oui,Non,92613.71,Non
3027,15691543,Lennox,558,,Homme,58.0,2,71268.59,1,Oui,Oui,44395.915,Non
3028,15753679,Mullawirraburka,778,France,Homme,24.0,4,0.0,2,Oui,Oui,81404.6,Non
3029,15569892,Johnstone,516,France,Homme,35.0,10,28684.805,1,Oui,Oui,50849.885,Non
3030,15683618,Dyer,774,,Femme,35.0,3,60709.31,1,Oui,Oui,12200.185,Non
3031,15633283,Padovano,536,France,Homme,35.0,8,0.0,2,Oui,Non,32416.64,Non
3032,15673908,Chinweike,602,Allemagne,Femme,,6,79207.425,1,Oui,Oui,65943.23,Non
3033,15798429,Hernandez,741,France,Homme,29.0,8,0.0,2,Oui,Oui,57997.26,Non
3034,15739046,Maggard,850,Espagne,Femme,,9,71527.425,1,Non,Oui,31490.48,Non
3035,15679963,Moretti,737,Allemagne,Homme,43.0,8,48176.9,1,Non,Non,5104.9,Non
3036,15797194,T'ao,570,France,Homme,39.0,10,64837.445,2,Oui,Non,40276.18,Non
3037,15759805,Pinto,582,France,Femme,32.0,4,0.0,2,Oui,Non,29834.405,Non
3038,15586135,Gratwick,536,Espagne,Femme,28.0,4,0.0,1,Oui,Oui,68098.825,Non
3039,15647292,Peng,697,France,Homme,63.0,7,74184.01,1,Non,Non,59431.04,Oui
3040,15745326,Carandini,538,France,Femme,,3,37525.745,1,Non,Non,8841.01,Oui
3041,15669342,Ferri,731,Allemagne,Homme,35.0,2,63931.465,2,Oui,Non,69541.85,Non
3042,15591360,Udinesi,642,France,Femme,33.0,4,42303.67,2,Non,Oui,30029.735,Non
3043,15582762,Mazzanti,667,Espagne,Homme,77.0,2,0.0,1,Oui,Oui,17351.46,Non
3044,15685320,Johnstone,767,France,Homme,36.0,3,69590.1,1,Non,Non,61940.095,Non
3045,15636860,Ch'eng,625,France,Homme,43.0,4,61175.645,1,Oui,Non,35608.3,Non
3046,15760568,Dalrymple,593,Allemagne,Femme,38.0,5,71329.02,2,Non,Oui,67668.555,Non
3047,15570629,Alexeyeva,655,Allemagne,Femme,72.0,5,69044.985,2,Oui,Oui,,Non
3048,15580684,Feng,706,France,Femme,,5,56282.31,1,Oui,Non,21167.19,Non
3049,15591747,Rossi,705,France,Homme,,3,0.0,2,Non,Non,64788.495,Non
3050,15666181,Ramsden,650,France,Homme,33.0,0,49032.485,1,Oui,Non,26205.995,Non
3051,15676571,Bezrukova,850,France,Homme,55.0,6,0.0,1,Oui,Non,472.205,Oui
3052,15605672,Yuan,694,France,Femme,38.0,5,97963.195,1,Oui,Oui,42761.42,Non
3053,15678886,Golubev,679,Allemagne,Homme,38.0,7,55277.685,2,Oui,Non,,Non
3054,15650545,Tomlinson,849,France,Homme,69.0,7,35998.045,1,Oui,Oui,69532.97,Non
3055,15787161,Pisani,591,Allemagne,Homme,46.0,4,64634.635,1,Oui,Non,81752.165,Non
3056,15753969,K'ung,724,Espagne,Homme,45.0,5,41944.27,1,Non,Oui,17060.905,Non
3057,15622578,Sergeyev,806,France,Homme,34.0,5,56979.275,1,Non,Oui,16062.99,Non
3058,15794276,Steele,588,France,Femme,64.0,3,0.0,1,Oui,Oui,94851.825,Non
3059,15753840,Brown,524,Espagne,Femme,32.0,6,0.0,1,Oui,Oui,66430.95,Oui
3060,15722083,Ch'ang,591,Espagne,Homme,39.0,8,0.0,2,Non,Non,21196.12,Non
3061,15727703,Li Fonti,773,Allemagne,Homme,34.0,10,63489.875,1,Non,Non,18411.64,Non
3062,15799925,Uwakwe,800,France,Homme,60.0,6,44270.785,2,Oui,Oui,65859.06,Non
3063,15695280,Hung,532,Allemagne,Homme,24.0,8,71377.625,1,Non,Non,17115.74,Non
3064,15811236,Burns,705,Espagne,Homme,,6,66630.565,1,Oui,Oui,39032.95,Non
3065,15763111,Niu,808,Espagne,Femme,67.0,10,62288.575,1,Non,Oui,,Non
3066,15724282,Tsao,540,Allemagne,Homme,44.0,3,82056.52,2,Oui,Oui,6060.395,Non
3067,15700657,Thornton,641,Allemagne,Femme,40.0,2,55043.345,1,Oui,Non,79886.57,Non
3068,15731989,Moran,666,France,Homme,36.0,4,60082.7,2,Oui,Non,16850.75,Non
3069,15780650,Biryukov,667,France,Homme,40.0,9,0.0,1,Oui,Oui,48335.1,Non
3070,15689517,Hales,635,France,Homme,27.0,3,63504.915,1,Oui,Non,80954.975,Non
3071,15635703,Chu,729,Allemagne,Femme,39.0,1,65756.63,1,Oui,Oui,96857.5,Non
3072,15576360,Ch'iu,600,France,Homme,40.0,1,70568.395,1,Oui,Oui,33901.915,Non
3073,15659962,McIntosh,637,France,Homme,60.0,3,0.0,2,Oui,Oui,,Non
3074,15748752,Ch'in,608,Allemagne,Homme,33.0,1,51386.335,2,Oui,Non,35352.79,Non
3075,15684395,Enderby,446,Espagne,Femme,45.0,10,62595.845,1,Oui,Oui,64130.43,Oui
3076,15603170,Kang,654,France,Homme,32.0,9,60727.825,1,Oui,Non,95034.265,Oui
3077,15590888,Wade,693,,Femme,34.0,10,53778.03,2,Non,Non,77315.675,Non
3078,15745250,Simpson,850,France,Homme,58.0,8,78326.065,1,Non,Non,12949.605,Oui
3079,15710315,Chukwukadibia,529,Allemagne,Homme,29.0,4,67879.7,1,Non,Non,56406.895,Oui
3080,15772148,Ferrari,639,Allemagne,Femme,37.0,5,75621.24,1,Non,Oui,24818.825,Non
3081,15697789,Li Fonti,647,Allemagne,Femme,43.0,3,61358.765,2,Oui,Oui,43500.195,Non
3082,15687719,She,532,Espagne,Femme,37.0,5,0.0,2,Non,Oui,3380.92,Non
3083,15627847,Woronoff,850,France,Homme,40.0,6,0.0,1,Oui,Non,,Oui
3084,15702912,Ch'en,752,Espagne,Femme,35.0,2,0.0,1,Oui,Non,22167.77,Oui
3085,15673529,Lombardo,645,Espagne,Homme,36.0,4,29946.925,2,Oui,Non,21999.82,Non
3086,15622454,Zaitsev,695,Espagne,Homme,28.0,0,48010.43,1,Oui,Oui,28996.245,Non
3087,15583394,Zuyev,659,Allemagne,Homme,39.0,8,53129.815,2,Oui,Oui,99051.66,Non
3088,15617419,Roberts,618,,Femme,29.0,10,50157.55,2,Oui,Oui,16263.32,Non
3089,15739194,Manfrin,548,Espagne,Homme,38.0,0,89028.27,2,Oui,Non,19217.365,Non
3090,15622585,McIntyre,525,France,Homme,26.0,7,76822.195,1,Oui,Oui,31598.94,Non
3091,15590344,Russell,708,Allemagne,Homme,32.0,3,75845.72,2,Oui,Oui,86405.255,Non
3092,15775891,Myers,634,Allemagne,Homme,48.0,2,53623.845,1,Oui,Oui,51856.025,Oui
3093,15691504,Yusupova,619,Allemagne,Femme,52.0,8,62049.565,1,Non,Non,11952.26,Non
3094,15710164,P'eng,523,France,Femme,73.0,7,0.0,2,Non,Non,65441.95,Oui
3095,15738018,Johnston,571,France,Homme,40.0,5,0.0,2,Non,Non,36424.645,Non
3096,15664083,Ulyanova,666,Allemagne,Femme,37.0,2,79234.38,1,Non,Oui,46633.005,Non
3097,15675380,Logan,573,Espagne,Homme,56.0,3,77334.885,1,Non,Oui,57731.135,Oui
3098,15690546,Riley,618,France,Femme,42.0,2,0.0,4,Non,Non,55548.695,Oui
3099,15581505,Bales,641,France,Homme,35.0,5,0.0,2,Oui,Non,46574.465,Non
3100,15619708,Harker,745,France,Homme,25.0,5,78996.575,2,Oui,Non,73020.725,Non
3101,15809286,Burke,631,Allemagne,Homme,37.0,8,69146.32,2,Non,Non,76211.455,Oui
3102,15638513,Palermo,723,France,Femme,40.0,7,71428.475,2,Non,Non,19009.87,Non
3103,15707861,Nucci,520,France,Femme,46.0,10,42608.305,1,Oui,Non,58684.76,Oui
3104,15792660,Gibbons,614,France,Homme,38.0,2,58124.44,1,Oui,Non,52570.46,Non
3105,15764170,Pinto,647,Allemagne,Homme,44.0,4,46980.175,1,Oui,Non,18289.765,Oui
3106,15779581,Bottrill,734,Espagne,Femme,43.0,3,27926.665,2,Non,Oui,47405.925,Oui
3107,15635141,Miller,598,Allemagne,Homme,59.0,8,59105.21,2,Non,Non,30096.07,Oui
3108,15669204,Grant,650,Allemagne,Homme,23.0,4,46955.65,2,Oui,Non,34527.725,Non
3109,15812832,Jideofor,562,Allemagne,Homme,33.0,8,46329.6,2,Oui,Non,677.125,Non
3110,15595713,Heller,548,Espagne,Homme,33.0,6,0.0,1,Oui,Oui,15864.175,Non
3111,15690673,Cameron,656,France,Femme,39.0,6,0.0,2,Oui,Non,70534.94,Non
3112,15625426,Ashbolt,754,Allemagne,Femme,55.0,3,80804.405,1,Oui,Non,,Oui
3113,15607330,Vasilyev,713,Espagne,Homme,42.0,0,54560.855,1,Non,Oui,83936.745,Non
3114,15584620,Su,850,Allemagne,Femme,36.0,6,71822.08,1,Oui,Non,11051.125,Oui
3115,15623102,Nnaemeka,713,Espagne,Homme,38.0,6,58490.39,2,Non,Oui,38019.19,Non
3116,15741197,Calzada,710,Espagne,Homme,22.0,8,0.0,3,Oui,Non,53646.455,Non
3117,15783019,Price,794,France,Femme,62.0,9,61840.66,3,Oui,Non,86793.315,Oui
3118,15811327,Pan,700,Espagne,Homme,54.0,1,39707.835,1,Non,Oui,69867.77,Non
3119,15792720,Martinez,676,France,Homme,33.0,6,85745.39,1,Non,Non,39549.82,Non
3120,15589660,Lamble,661,Allemagne,Femme,32.0,1,72990.115,1,Non,Oui,28318.14,Non
3121,15570192,Henry,608,Allemagne,Femme,40.0,8,60864.71,1,Non,Non,30582.225,Non
3122,15646374,Wynne,766,Allemagne,Femme,28.0,3,31358.92,2,Oui,Oui,6591.215,Non
3123,15727391,Collier,688,Allemagne,Homme,29.0,9,72276.75,2,Oui,Non,71727.475,Non
3124,15614818,Trevisani,764,Espagne,Femme,33.0,9,84482.385,1,Non,Oui,59491.255,Non
3125,15806327,Cyril,800,France,Femme,40.0,3,37946.555,2,Oui,Non,66281.115,Non
3126,15729454,Gorbunov,465,France,Homme,33.0,8,0.0,2,Oui,Non,88834.275,Non
3127,15620398,Mitchell,635,Espagne,Femme,34.0,5,49341.735,2,Oui,Non,7866.595,Non
3128,15708693,Sherman,759,France,Femme,33.0,2,0.0,2,Oui,Non,,Non
3129,15756277,Wilson,850,Allemagne,Femme,43.0,8,46122.415,2,Oui,Non,27474.865,Non
3130,15800049,Grigoryeva,728,Espagne,Femme,43.0,5,0.0,1,Oui,Oui,,Non
3131,15637644,Hanson,667,France,Femme,24.0,4,0.0,2,Non,Oui,17167.775,Non
3132,15643635,Robertson,664,Espagne,Homme,32.0,5,66852.87,1,Non,Non,67227.92,Non
3133,15678284,Pai,651,,Homme,35.0,7,37311.75,3,Oui,Non,64725.645,Oui
3134,15770548,Lucchese,453,,Femme,28.0,3,69993.325,1,Oui,Non,68423.375,Non
3135,15660505,Romani,735,Allemagne,Homme,46.0,2,53172.475,1,Oui,Non,57185.665,Oui
3136,15610355,Hunter,713,France,Homme,44.0,1,31719.455,1,Oui,Non,32187.7,Non
3137,15716822,Moen,646,France,Homme,30.0,5,49007.37,1,Oui,Oui,6378.57,Non
3138,15624793,Soubeiran,627,Allemagne,Homme,23.0,5,92122.43,1,Oui,Non,51549.61,Non
3139,15736254,Ch'ang,654,France,Homme,29.0,2,45977.805,1,Oui,Non,18532.83,Non
3140,15617432,Folliero,816,Allemagne,Femme,40.0,9,54501.63,1,Oui,Oui,39790.28,Non
3141,15774586,West,692,Allemagne,Femme,43.0,10,59294.415,1,Oui,Oui,80620.825,Oui
3142,15756071,Kang,756,France,Homme,34.0,1,51566.63,1,Oui,Oui,45029.52,Non
3143,15567839,Gordon,501,France,Homme,42.0,9,57315.615,1,Non,Oui,45714.87,Non
3144,15749472,Lucciano,775,France,Homme,45.0,8,0.0,1,Oui,Non,65188.34,Non
3145,15613048,Anderson,648,Allemagne,Femme,40.0,5,69986.825,1,Oui,Oui,,Oui
3146,15784097,Gibson,660,Allemagne,Homme,28.0,1,59201.125,2,Oui,Non,7144.465,Non
3147,15585106,Calabresi,492,Allemagne,Femme,38.0,8,28534.215,2,Oui,Non,94487.405,Non
3148,15613427,Barling,683,,Femme,49.0,7,54398.815,2,Non,Non,70381.59,Non
3149,15763806,Astorga,773,France,Homme,41.0,4,0.0,2,Oui,Oui,12462.46,Non
3150,15781884,Knox,624,Allemagne,Homme,27.0,9,47333.645,2,Non,Oui,2235.26,Non
3151,15775318,Lu,590,Espagne,Femme,51.0,3,77481.495,3,Non,Oui,95966.135,Oui
3152,15761294,Manna,667,Allemagne,Femme,56.0,8,68732.02,1,Oui,Non,65423.395,Oui
3153,15600997,Demuth,747,Allemagne,Femme,32.0,5,33747.52,2,Non,Oui,38685.185,Non
3154,15631460,Swift,671,Espagne,Femme,42.0,3,0.0,2,Oui,Oui,64224.665,Non
3155,15761525,Shaw,727,Espagne,Femme,31.0,10,48498.545,2,Non,Non,38307.02,Non
3156,15621815,Obiajulu,803,France,Femme,40.0,6,82763.355,1,Oui,Non,6164.04,Non
3157,15657603,Finch,850,France,Femme,35.0,6,40842.485,1,Oui,Non,412.0,Non
3158,15814022,Lassetter,714,France,Femme,26.0,9,44964.495,1,Oui,Non,23101.655,Non
3159,15750811,Woodward,766,Allemagne,Homme,44.0,3,58411.35,1,Non,Non,98821.62,Non
3160,15649450,Repina,805,Allemagne,Homme,24.0,6,71610.675,2,Oui,Non,93017.86,Non
3161,15606097,Zakharov,665,Allemagne,Homme,63.0,7,52234.79,1,Oui,Oui,12582.68,Oui
3162,15647842,Cunningham,601,Allemagne,Femme,48.0,8,60391.35,1,Oui,Non,31970.34,Oui
3163,15573520,Rhodes,692,Allemagne,Homme,49.0,6,55270.215,2,Non,Oui,53736.495,Non
3164,15803976,Efremov,694,France,Femme,31.0,10,0.0,2,Oui,Non,80495.135,Non
3165,15589401,Allen,550,France,Femme,30.0,4,0.0,2,Oui,Non,44608.145,Non
3166,15809558,Peppin,715,Espagne,Homme,31.0,7,0.0,1,Oui,Oui,74985.295,Non
3167,15621409,Endrizzi,496,France,Homme,32.0,4,63922.915,1,Oui,Non,33234.6,Non
3168,15799964,Campbell,669,Allemagne,Femme,30.0,7,69936.405,1,Oui,Non,94397.925,Non
3169,15810460,Fanucci,708,Espagne,Femme,64.0,5,0.0,3,Non,Oui,56260.035,Oui
3170,15662434,Zhdanova,607,France,Homme,25.0,3,0.0,2,Non,Non,93524.36,Non
3171,15590683,Donaldson,660,France,Femme,31.0,6,86162.835,1,Non,Oui,22719.19,Non
3172,15586996,Azikiwe,697,France,Femme,76.0,7,0.0,2,Non,Oui,94386.225,Non
3173,15704954,Suffolk,431,France,Homme,37.0,0,60382.04,1,Oui,Oui,,Non
3174,15607275,Ch'ang,850,Espagne,Homme,39.0,6,103007.47,2,Non,Oui,21387.42,Oui
3175,15767594,Azubuike,533,France,Femme,35.0,8,0.0,2,Oui,Oui,93950.06,Non
3176,15691840,Fraser,505,Allemagne,Femme,37.0,6,79931.95,2,Non,Oui,62653.935,Non
3177,15758639,Moran,641,,Homme,37.0,7,0.0,2,Oui,Non,37624.15,Non
3178,15780492,Ignatyeva,648,France,Homme,42.0,4,0.0,2,Oui,Non,9641.57,Non
3179,15593778,Craig,779,France,Femme,29.0,3,23194.08,3,Oui,Non,63969.63,Oui
3180,15569759,Rawling,583,France,Femme,27.0,4,0.0,3,Oui,Non,,Non
3181,15777901,Lindell,640,Allemagne,Femme,43.0,9,47376.245,1,Oui,Non,92003.18,Oui
3182,15605872,Felix,707,France,Homme,,6,33286.585,1,Oui,Oui,31384.4,Non
3183,15589754,Malloy,652,Allemagne,Homme,45.0,2,75710.72,1,Non,Oui,57666.715,Non
3184,15589296,Brown,724,France,Femme,40.0,6,55027.225,1,Oui,Oui,43475.36,Non
3185,15637461,Ukaegbunam,758,France,Homme,35.0,7,0.0,2,Oui,Non,38975.92,Non
3186,15566253,Manning,580,Allemagne,Homme,44.0,9,71695.535,1,Non,Non,73445.535,Oui
3187,15669783,Simpson,586,France,Femme,60.0,3,23510.325,2,Non,Oui,31620.605,Oui
3188,15722425,Lucchese,639,France,Homme,32.0,9,0.0,2,Oui,Non,55670.18,Non
3189,15590011,Hughes,749,Espagne,Homme,38.0,9,64689.16,1,Oui,Oui,6774.67,Non
3190,15572408,Chambers,714,Allemagne,Homme,39.0,3,74943.745,2,Oui,Non,,Non
3191,15687828,Gorshkov,644,Espagne,Femme,31.0,5,43003.15,1,Oui,Oui,36961.475,Non
3192,15636736,McLachlan,611,France,Femme,53.0,7,0.0,2,Non,Oui,78247.695,Oui
3193,15788068,Lopez,743,Allemagne,Homme,45.0,10,72338.595,3,Oui,Non,11256.22,Oui
3194,15778959,Brookes,606,France,Femme,36.0,10,0.0,2,Non,Oui,77820.73,Non
3195,15645772,Onwumelu,661,France,Homme,33.0,9,0.0,2,Oui,Oui,42087.405,Non
3196,15568044,Butusov,508,France,Femme,31.0,7,0.0,2,Oui,Oui,3061.575,Non
3197,15590828,Chidimma,782,Allemagne,Homme,42.0,7,63214.19,1,Oui,Non,19915.05,Non
3198,15814757,Carter,477,Espagne,Homme,31.0,9,0.0,2,Non,Oui,92030.585,Non
3199,15809663,Donaldson,583,France,Femme,27.0,1,62703.29,1,Oui,Oui,,Non
3200,15630704,Haworth,612,Allemagne,Homme,32.0,9,53260.365,2,Oui,Non,,Non
3201,15645248,Ho,510,France,Femme,30.0,0,0.0,2,Oui,Oui,65276.735,Non
3202,15683363,Goddard,540,Espagne,Homme,39.0,1,0.0,1,Non,Oui,54209.705,Non
3203,15784042,L?,624,France,Homme,55.0,7,59396.8,1,Oui,Oui,47511.01,Oui
3204,15722404,Carpenter,445,France,Femme,30.0,3,0.0,2,Oui,Oui,63969.595,Non
3205,15605284,Outtrim,688,France,Homme,26.0,1,0.0,2,Oui,Oui,,Non
3206,15784099,Clark,726,France,Femme,38.0,5,63437.81,1,Oui,Non,64026.145,Non
3207,15693637,Ochoa,556,France,Femme,30.0,7,0.0,2,Oui,Oui,93324.095,Non
3208,15759915,Rapuokwu,814,France,Femme,31.0,6,43886.26,1,Oui,Non,94258.225,Non
3209,15598070,Marchesi,564,France,Femme,33.0,4,67973.13,1,Oui,Non,31585.0,Non
3210,15610002,Chidubem,802,Espagne,Homme,41.0,5,0.0,2,Oui,Oui,67313.15,Non
3211,15788189,Matveyeva,665,France,Femme,41.0,8,48073.775,1,Oui,Non,68518.985,Non
3212,15628008,Monds,781,Espagne,Femme,29.0,6,49379.945,1,Non,Non,56101.32,Non
3213,15731511,Ritchie,808,France,Homme,45.0,7,59313.275,2,Oui,Non,73566.23,Non
3214,15756535,Chibugo,733,Allemagne,Homme,39.0,5,45769.255,1,Oui,Oui,46891.5,Non
3215,15686718,Hung,802,Allemagne,Homme,37.0,9,57784.605,1,Non,Oui,59891.445,Non
3216,15591724,Liu,560,France,Femme,44.0,5,71622.485,1,Oui,Non,49330.635,Non
3217,15737275,Conti,649,France,Homme,,3,56548.205,1,Oui,Oui,30167.62,Non
3218,15780954,Cran,582,Espagne,Homme,26.0,4,32924.18,2,Oui,Non,15074.605,Non
3219,15694829,Chibueze,680,Allemagne,Homme,32.0,7,87727.0,1,Non,Oui,38674.96,Non
3220,15736112,Walton,519,Espagne,Femme,57.0,2,59517.675,2,Oui,Oui,14935.895,Non
3221,15571689,Kelechi,740,France,Femme,37.0,5,0.0,2,Oui,Oui,13764.2,Non
3222,15645621,Hunter,811,Espagne,Homme,44.0,3,0.0,2,Non,Oui,39219.865,Non
3223,15782100,Holloway,544,Espagne,Homme,22.0,3,33241.66,1,Non,Oui,55158.695,Non
3224,15753215,Yashina,651,Espagne,Femme,36.0,8,0.0,2,Oui,Non,45826.215,Non
3225,15585256,Iloerika,805,Espagne,Homme,26.0,2,0.0,2,Oui,Oui,12521.05,Non
3226,15724223,Bronner,545,France,Femme,55.0,5,0.0,1,Non,Non,5017.385,Oui
3227,15721426,Milne,606,Allemagne,Homme,65.0,10,63153.32,3,Non,Non,3930.84,Oui
3228,15791114,Yegorova,700,,Homme,37.0,1,67589.745,1,Oui,Non,80335.185,Non
3229,15799966,Chigolum,792,Allemagne,Femme,59.0,9,50804.885,1,Non,Non,80739.595,Oui
3230,15786042,Willmore,706,Allemagne,Femme,44.0,2,92966.09,2,Oui,Non,32706.705,Non
3231,15579787,Nkemakonam,686,France,Homme,39.0,4,0.0,2,Oui,Non,77511.965,Non
3232,15575955,Lujan,764,France,Femme,24.0,0,0.0,2,Oui,Non,44362.245,Non
3233,15575391,Claypool,677,France,Femme,37.0,3,0.0,2,Oui,Oui,,Non
3234,15571059,Martin,734,France,Femme,,3,0.0,1,Oui,Non,65402.77,Oui
3235,15774127,Potter,518,France,Homme,46.0,3,0.0,2,Oui,Non,,Non
3236,15636977,Trevisan,507,Allemagne,Homme,36.0,9,59107.16,3,Oui,Non,59555.015,Oui
3237,15600912,Gorshkov,706,Allemagne,Homme,32.0,5,44174.215,2,Oui,Oui,52090.89,Non
3238,15796834,Rivers,652,Allemagne,Homme,35.0,7,52007.77,2,Oui,Oui,27603.94,Non
3239,15795488,Beneventi,773,Espagne,Homme,52.0,2,0.0,2,Oui,Non,28668.895,Non
3240,15804256,Hale,765,Allemagne,Homme,36.0,8,46155.27,2,Oui,Oui,,Non
3241,15675360,Valenzuela,427,France,Homme,33.0,8,0.0,1,Oui,Oui,6929.475,Non
3242,15749019,Wong,545,Allemagne,Homme,45.0,6,46898.21,2,Oui,Oui,,Non
3243,15609319,Hunt,711,France,Femme,41.0,3,72877.455,1,Oui,Oui,50727.535,Non
3244,15793693,Mahomed,694,France,Homme,60.0,9,0.0,1,Oui,Oui,28544.485,Non
3245,15759618,Alexeeva,535,France,Femme,48.0,9,0.0,1,Oui,Non,74946.395,Oui
3246,15757188,Chimaijem,644,Espagne,Femme,26.0,4,76727.86,2,Oui,Oui,41348.42,Non
3247,15681068,Chinagorom,796,France,Femme,45.0,2,54865.11,1,Oui,Oui,61941.365,Non
3248,15697270,Gannon,608,Espagne,Homme,27.0,4,76662.55,1,Oui,Oui,99976.665,Non
3249,15671779,Nebechi,567,France,Homme,39.0,5,0.0,2,Non,Non,,Non
3250,15596414,Chandler,796,Espagne,Homme,,8,53762.535,1,Oui,Non,9255.205,Non
3251,15675949,Fleming,696,Espagne,Femme,43.0,4,0.0,2,Oui,Oui,33203.185,Non
3252,15588537,Robinson,615,Espagne,Femme,41.0,9,54506.615,1,Oui,Non,98249.98,Non
3253,15803337,Baresi,648,France,Homme,23.0,9,84186.26,1,Oui,Non,67338.36,Non
3254,15703614,Hutchinson,564,,Homme,48.0,5,66438.115,1,Oui,Non,39629.885,Non
3255,15590228,Greenwalt,715,France,Homme,21.0,6,38233.58,1,Oui,Oui,86755.86,Non
3256,15567725,Kodilinyechukwu,689,France,Femme,46.0,7,26008.04,2,Oui,Oui,36496.825,Non
3257,15661007,Thompson,660,France,Homme,33.0,0,36391.71,1,Non,Non,90525.995,Non
3258,15721917,Chuang,559,France,Femme,38.0,8,47569.705,1,Oui,Oui,43287.73,Non
3259,15638963,Garran,678,France,Femme,22.0,4,87426.445,1,Oui,Oui,14074.53,Non
3260,15694641,Wright,621,Espagne,Femme,59.0,2,0.0,2,Oui,Oui,85682.09,Non
3261,15786433,Aitken,650,Allemagne,Femme,35.0,3,82991.215,2,Oui,Oui,12241.08,Non
3262,15636353,Buchi,534,Espagne,Homme,35.0,4,0.0,2,Non,Non,4770.575,Non
3263,15720706,Hsing,529,Espagne,Femme,39.0,2,41383.215,1,Oui,Oui,61462.72,Non
3264,15788131,Atkins,653,France,Homme,47.0,6,0.0,1,Oui,Non,25347.965,Oui
3265,15723737,Pitcher,680,France,Homme,27.0,3,0.0,1,Oui,Non,16227.13,Non
3266,15684951,He,542,France,Femme,59.0,2,34446.385,2,Oui,Non,3952.53,Oui
3267,15694666,Thornton,707,Espagne,Homme,48.0,8,44220.82,1,Oui,Oui,59951.6,Oui
3268,15698703,Doherty,628,Allemagne,Homme,40.0,5,90884.16,2,Oui,Oui,64553.985,Non
3269,15772482,Iloerika,829,Allemagne,Homme,28.0,3,66202.76,3,Oui,Non,52444.6,Oui
3270,15732610,Ahern,745,France,Femme,28.0,6,0.0,2,Oui,Non,77194.59,Non
3271,15770576,Hammond,555,Espagne,Homme,50.0,7,64030.5,2,Oui,Oui,31187.55,Non
3272,15630592,Sanders,516,France,Femme,45.0,4,0.0,1,Oui,Non,47636.865,Oui
3273,15576313,Wei,486,Allemagne,Femme,40.0,9,35670.045,1,Oui,Non,38096.105,Non
3274,15730793,Russell,699,Allemagne,Femme,54.0,3,55504.66,1,Oui,Oui,77952.895,Oui
3275,15663421,Esposito,527,Espagne,Homme,28.0,6,64198.165,2,Oui,Non,39959.985,Non
3276,15574213,Wilson,789,France,Femme,53.0,1,79135.87,1,Oui,Oui,2518.195,Oui
3277,15652883,Chung,492,Allemagne,Homme,39.0,10,62288.325,2,Oui,Non,74292.305,Non
3278,15615575,Vial,722,France,Homme,34.0,8,0.0,2,Oui,Oui,66723.745,Non
3279,15808582,Fu,665,France,Femme,40.0,6,0.0,1,Oui,Oui,80924.015,Non
3280,15697249,Lettiere,546,Allemagne,Femme,25.0,3,66418.85,1,Oui,Non,65823.655,Non
3281,15618566,Jamieson,572,France,Femme,38.0,7,0.0,2,Oui,Oui,66561.31,Non
3282,15589018,Padilla,719,Allemagne,Homme,28.0,3,53035.145,2,Oui,Oui,91946.655,Non
3283,15813659,Folliero,594,France,Femme,56.0,7,0.0,1,Oui,Non,13107.925,Oui
3284,15644361,Hooper,702,France,Femme,40.0,1,51774.62,1,Non,Non,4856.26,Oui
3285,15723884,Nekrasova,758,Espagne,Homme,40.0,3,0.0,2,Non,Non,48048.825,Non
3286,15791006,Kodilinyechukwu,760,,Femme,,6,29001.705,1,Oui,Non,45173.05,Non
3287,15672330,Lear,678,France,Femme,31.0,1,0.0,2,Non,Oui,65223.325,Non
3288,15765048,Watt,545,France,Homme,30.0,3,0.0,2,Oui,Non,85153.715,Non
3289,15666453,Moore,611,Allemagne,Femme,29.0,4,39442.94,2,Oui,Oui,13463.845,Non
3290,15675431,Chidimma,563,France,Femme,34.0,6,0.0,2,Non,Non,18268.465,Non
3291,15586680,Fleming,462,France,Homme,27.0,4,88456.76,1,Oui,Non,40293.635,Non
3292,15574296,Kambinachi,757,France,Homme,23.0,2,40336.98,2,Oui,Non,46995.825,Non
3293,15753566,Espinosa,806,France,Femme,32.0,3,31881.745,1,Oui,Non,78296.545,Non
3294,15618258,Chizuoke,640,Espagne,Homme,37.0,5,79012.19,1,Oui,Non,40649.045,Non
3295,15713655,Calabrese,720,France,Femme,38.0,10,0.0,2,Oui,Oui,28114.86,Oui
3296,15682533,Hughes,850,France,Femme,39.0,7,39629.995,1,Non,Oui,93455.37,Non
3297,15572114,Shih,673,Espagne,Homme,40.0,1,60814.61,1,Oui,Oui,1629.3,Non
3298,15575623,Simpson,589,France,Femme,31.0,10,55317.66,1,Oui,Non,74109.43,Non
3299,15751628,Onyemachukwu,438,France,Homme,,7,39195.585,1,Non,Oui,24712.3,Non
3300,15601857,Woodhouse,705,Allemagne,Femme,46.0,4,57759.035,1,Non,Non,38272.45,Oui
3301,15661034,Ngozichukwuka,813,Allemagne,Femme,29.0,5,53029.7,1,Non,Non,93988.44,Oui
3302,15807989,Wall,681,Allemagne,Homme,37.0,8,36589.67,2,Oui,Oui,12646.265,Non
3303,15766044,Cameron,642,Allemagne,Homme,49.0,4,60344.305,1,Oui,Non,12385.11,Oui
3304,15794792,Golubev,612,France,Femme,31.0,8,58994.88,1,Oui,Oui,27064.93,Non
3305,15736287,Piccio,586,France,Homme,33.0,9,0.0,1,Oui,Non,3487.51,Non
3306,15647965,Genovese,477,France,Femme,57.0,9,57011.82,2,Oui,Oui,35583.585,Oui
3307,15778936,Ingamells,701,France,Homme,33.0,9,73755.17,1,Oui,Non,95305.96,Non
3308,15583576,Tai,671,France,Homme,30.0,2,0.0,1,Non,Oui,51028.93,Non
3309,15612524,Hunt,643,Allemagne,Homme,41.0,2,63920.76,1,Oui,Non,86181.705,Non
3310,15722599,Nelson,751,France,Femme,37.0,9,91806.83,2,Non,Non,24867.47,Non
3311,15723169,Williams,640,France,Femme,31.0,9,69428.795,1,Oui,Non,24320.385,Non
3312,15642816,De Salis,850,France,Femme,27.0,7,21829.165,2,Oui,Oui,1512.745,Non
3313,15792328,James,475,,Homme,39.0,6,0.0,1,Oui,Oui,28499.95,Oui
3314,15615753,Upchurch,597,Allemagne,Femme,35.0,8,65550.52,1,Oui,Oui,96426.335,Non
3315,15730673,Dietz,567,Allemagne,Homme,40.0,7,61132.62,1,Oui,Non,69276.37,Non
3316,15702715,Kao,747,France,Femme,34.0,10,0.0,2,Oui,Oui,25379.9,Non
3317,15643188,Barnett,671,Allemagne,Femme,47.0,7,57301.88,2,Oui,Non,,Oui
3318,15616859,Bonwick,602,Allemagne,Femme,43.0,2,56820.745,4,Oui,Non,57558.175,Oui
3319,15640491,Raff,464,France,Femme,33.0,10,73746.85,2,Oui,Non,50223.765,Non
3320,15811389,Padovano,724,Allemagne,Femme,35.0,0,85991.475,2,Non,Oui,83656.535,Non
3321,15729117,Trevisano,607,France,Femme,31.0,1,51261.94,1,Oui,Oui,83396.355,Non
3322,15596013,Akhtar,694,Allemagne,Femme,58.0,1,71606.11,1,Non,Non,51314.28,Oui
3323,15569451,Miller,463,France,Homme,35.0,2,50628.58,1,Oui,Oui,59056.82,Non
3324,15685920,Lombardo,599,Espagne,Homme,34.0,2,50753.33,1,Non,Non,99015.12,Non
3325,15691396,Ko,405,Allemagne,Homme,31.0,5,66649.835,2,Oui,Oui,36475.07,Non
3326,15639669,Forbes,746,France,Homme,,9,63578.52,1,Oui,Oui,77850.075,Non
3327,15716023,Pearson,693,France,Homme,31.0,1,0.0,2,Non,Oui,91135.44,Non
3328,15636023,O'Donnell,619,France,Femme,40.0,10,0.0,1,Oui,Oui,73546.92,Oui
3329,15599301,Tao,538,Allemagne,Femme,28.0,6,82182.72,1,Non,Oui,2849.485,Non
3330,15665590,Moore,541,France,Homme,46.0,6,0.0,2,Oui,Oui,41728.335,Non
3331,15591035,Macleod,644,Espagne,Homme,54.0,6,0.0,1,Non,Oui,42311.185,Non
3332,15774402,Donaldson,562,Espagne,Homme,36.0,5,0.0,1,Non,Oui,91421.62,Non
3333,15615670,Kazakova,762,France,Homme,36.0,5,59773.73,1,Oui,Oui,21346.825,Non
3334,15770420,Dillon,749,Allemagne,Homme,46.0,10,39068.18,2,Oui,Oui,36735.49,Non
3335,15730441,Dodd,509,France,Homme,26.0,10,0.0,2,Oui,Oui,3088.915,Non
3336,15742681,Liao,554,Allemagne,Homme,26.0,4,60682.695,1,Oui,Oui,,Non
3337,15809309,Longo,689,Espagne,Femme,40.0,5,77125.835,1,Non,Oui,59159.75,Non
3338,15691513,Dawkins,592,France,Homme,60.0,9,0.0,4,Oui,Oui,6807.005,Oui
3339,15726814,Walton,554,Espagne,Homme,46.0,4,0.0,2,Non,Oui,28660.46,Non
3340,15574324,Genovese,568,Allemagne,Femme,29.0,2,64588.505,2,Non,Oui,52308.995,Non
3341,15594133,Erskine,697,Espagne,Homme,62.0,7,0.0,1,Oui,Non,64594.09,Oui
3342,15708139,Brown,575,France,Femme,40.0,1,69766.17,1,Oui,Non,90647.195,Non
3343,15752294,Long,582,France,Femme,38.0,9,67989.505,4,Oui,Oui,38291.475,Oui
3344,15756026,Hooper,790,Espagne,Femme,46.0,9,0.0,1,Non,Non,7339.905,Oui
3345,15583353,Floyd,610,Espagne,Femme,45.0,3,0.0,1,Oui,Non,19138.42,Oui
3346,15584271,Donaldson,633,France,Homme,,5,0.0,1,Oui,Oui,68636.985,Non
3347,15796015,Wu,633,Allemagne,Homme,42.0,3,63020.51,1,Non,Oui,5898.445,Non
3348,15695872,Fiorentini,712,France,Femme,30.0,1,44785.795,1,Oui,Oui,88806.595,Non
3349,15670584,Nkemakolam,646,Espagne,Homme,31.0,2,0.0,1,Oui,Oui,85410.715,Oui
3350,15618562,Woodward,618,Allemagne,Femme,40.0,0,70153.19,1,Oui,Non,80309.305,Oui
3351,15658158,Sullivan,672,Allemagne,Femme,23.0,10,55370.78,1,Oui,Non,40389.25,Non
3352,15813132,Chukwukadibia,696,Allemagne,Homme,30.0,4,57013.85,1,Oui,Oui,96858.28,Non
3353,15747821,K?,554,Allemagne,Femme,31.0,6,67735.45,1,Oui,Non,53537.405,Non
3354,15568885,Scott,620,Allemagne,Femme,,8,51125.785,1,Oui,Non,60336.045,Non
3355,15599126,Russell,529,France,Femme,43.0,0,61907.93,1,Oui,Oui,39231.995,Oui
3356,15720187,Han,479,Allemagne,Femme,30.0,7,71982.18,2,Oui,Non,,Non
3357,15678168,Gibson,648,Espagne,Femme,27.0,7,0.0,2,Oui,Oui,,Non
3358,15749119,Santiago,710,France,Femme,31.0,3,0.0,2,Oui,Oui,56144.53,Non
3359,15648461,Hs?eh,688,Espagne,Homme,37.0,7,69081.205,2,Oui,Oui,56963.155,Non
3360,15736816,Young,756,Allemagne,Homme,36.0,2,68407.82,1,Oui,Oui,85020.975,Non
3361,15731543,Becker,679,Espagne,Homme,58.0,9,54663.825,1,Oui,Oui,,Non
3362,15799631,Chase,585,Espagne,Homme,36.0,10,0.0,2,Oui,Oui,90159.3,Non
3363,15661974,Pirozzi,677,France,Homme,46.0,2,28518.87,1,Oui,Oui,79265.505,Non
3364,15585282,Trevisano,755,France,Homme,62.0,1,63853.165,2,Non,Oui,71188.845,Non
3365,15703205,Uwaezuoke,656,France,Femme,46.0,5,56701.07,2,Oui,Oui,69424.53,Non
3366,15671097,Carter,428,France,Femme,31.0,2,0.0,2,Oui,Non,27243.715,Non
3367,15587835,Osinachi,850,France,Homme,41.0,3,68208.41,1,Non,Oui,28922.13,Non
3368,15717629,Docherty,632,Allemagne,Homme,42.0,6,29986.13,2,Non,Oui,74086.47,Non
3369,15620372,Cross,687,Espagne,Homme,31.0,3,0.0,2,Non,Non,24114.05,Non
3370,15662488,Udegbunam,627,France,Femme,44.0,5,0.0,2,Oui,Non,41484.805,Oui
3371,15697625,Bevan,791,France,Homme,,2,81894.745,2,Oui,Non,37916.265,Non
3372,15647898,Russell,610,Espagne,Femme,50.0,5,65277.255,3,Oui,Non,92379.085,Oui
3373,15617197,Chien,524,France,Homme,50.0,4,0.0,2,Oui,Oui,15920.295,Oui
3374,15790314,Onuoha,649,France,Homme,41.0,0,0.0,2,Non,Oui,65283.51,Non
3375,15624623,Hs?,516,France,Homme,35.0,10,52044.295,2,Non,Non,59833.0,Non
3376,15714391,Lai,563,France,Femme,35.0,2,91786.42,1,Oui,Oui,33003.375,Oui
3377,15708162,Thomson,565,Allemagne,Femme,40.0,1,44997.355,2,Non,Oui,60542.135,Non
3378,15678572,Keating,529,Espagne,Homme,38.0,7,49921.25,2,Oui,Non,45128.03,Oui
3379,15808182,Beneventi,478,Espagne,Femme,36.0,3,46181.65,2,Oui,Non,22456.35,Non
3380,15589541,Sutherland,557,France,Femme,27.0,2,0.0,2,Non,Oui,2248.775,Non
3381,15600103,Alexander,633,Allemagne,Femme,29.0,8,52472.05,1,Oui,Oui,,Non
3382,15697606,Sturdee,637,France,Femme,21.0,10,62856.1,1,Non,Non,87536.235,Non
3383,15661380,Walker,682,France,Homme,69.0,6,0.0,2,Non,Oui,74802.09,Non
3384,15707918,Bentley,741,Allemagne,Femme,36.0,0,63837.695,2,Oui,Non,37130.08,Non
3385,15764105,Milne,475,France,Femme,,1,0.0,2,Oui,Non,44624.495,Non
3386,15755225,Ryan,659,Allemagne,Homme,34.0,9,67232.29,2,Oui,Non,89416.67,Non
3387,15793641,Evseyev,792,France,Femme,70.0,3,0.0,2,Oui,Oui,86120.135,Non
3388,15595071,Ramos,696,France,Homme,22.0,9,74888.5,1,Oui,Oui,99016.465,Non
3389,15670416,Ferri,780,France,Femme,43.0,0,0.0,1,Non,Oui,7852.635,Non
3390,15601848,Scott,594,France,Homme,35.0,2,0.0,2,Oui,Non,51740.345,Non
3391,15577478,Ch'iu,714,France,Femme,72.0,3,0.0,1,Oui,Oui,43366.805,Non
3392,15677435,Kazantseva,647,France,Femme,29.0,0,49131.73,2,Oui,Non,82358.975,Non
3393,15711130,Tseng,734,France,Homme,45.0,2,0.0,2,Oui,Non,49796.64,Non
3394,15634974,Seppelt,614,France,Femme,37.0,8,37575.17,4,Non,Oui,65883.335,Oui
3395,15723685,Ekechukwu,601,Allemagne,Femme,,7,52757.345,2,Oui,Non,25035.295,Non
3396,15711398,Fetherstonhaugh,525,France,Femme,25.0,6,0.0,2,Oui,Non,44783.32,Non
3397,15601550,Genovesi,595,Espagne,Homme,36.0,6,42884.21,1,Oui,Oui,12401.385,Non
3398,15782574,Warner,624,Espagne,Homme,33.0,6,0.0,2,Non,Non,38275.85,Non
3399,15569446,Tu,732,,Femme,34.0,8,61169.215,2,Oui,Non,93992.925,Non
3400,15781665,Ibekwe,601,France,Femme,37.0,5,0.0,1,Non,Non,10354.3,Non
3401,15649297,T'ang,605,France,Femme,62.0,4,55532.965,2,Non,Oui,62830.495,Non
3402,15567832,Shih,550,France,Femme,40.0,7,57177.475,1,Oui,Non,27009.465,Non
3403,15807312,Hsia,602,Espagne,Homme,33.0,5,0.0,2,Non,Oui,32019.17,Non
3404,15598802,Martin,770,Espagne,Homme,30.0,8,0.0,2,Non,Oui,25419.925,Non
3405,15593178,Graham,568,Espagne,Femme,36.0,10,76805.305,1,Oui,Oui,27041.9,Oui
3406,15718057,Onyinyechukwuka,760,France,Femme,51.0,2,50473.355,1,Non,Non,89807.4,Oui
3407,15568876,Hughes,496,France,Femme,34.0,1,51361.675,2,Oui,Non,,Non
3408,15687491,Nkemdilim,817,Allemagne,Homme,45.0,9,50603.875,1,Non,Non,,Oui
3409,15742028,Udegbulam,602,France,Femme,35.0,5,0.0,2,Oui,Non,15525.01,Non
3410,15596979,Fang,662,France,Femme,47.0,6,0.0,2,Oui,Oui,64696.375,Non
3411,15750466,Rhodes,790,Allemagne,Homme,42.0,1,42919.81,1,Oui,Non,99091.365,Non
3412,15616454,Davidson,476,,Femme,34.0,8,55952.715,1,Non,Oui,98610.905,Oui
3413,15636520,Milani,692,France,Homme,27.0,1,62773.765,1,Non,Non,3950.23,Non
3414,15699005,Martin,710,France,Femme,41.0,2,78033.525,1,Oui,Oui,4991.94,Non
3415,15700263,Ifeatu,569,France,Homme,66.0,2,0.0,1,Oui,Non,,Oui
3416,15804822,L?,805,France,Femme,31.0,4,0.0,2,Oui,Non,2399.06,Non
3417,15768455,Young,679,France,Homme,60.0,8,0.0,2,Oui,Oui,25690.45,Non
3418,15629323,Kelechi,617,Allemagne,Femme,37.0,4,58235.715,2,Oui,Non,87662.37,Oui
3419,15670898,McKenzie,740,France,Femme,60.0,5,54014.04,2,Non,Non,12990.21,Oui
3420,15790322,Beneventi,660,France,Femme,32.0,0,57334.445,1,Oui,Non,42302.5,Non
3421,15665180,Vasiliev,616,France,Femme,31.0,3,68394.57,1,Oui,Non,29673.2,Oui
3422,15701281,Tan,511,France,Homme,27.0,8,0.0,2,Oui,Oui,24544.68,Non
3423,15778304,Fan,646,Allemagne,Homme,24.0,0,46199.04,1,Oui,Oui,9448.645,Non
3424,15668575,Hao,626,Espagne,Femme,26.0,8,74305.205,3,Non,Oui,52251.01,Oui
3425,15693131,Watts,581,France,Femme,24.0,3,47754.1,1,Oui,Oui,22877.5,Non
3426,15798850,Goddard,576,France,Homme,32.0,7,0.0,2,Oui,Non,2330.455,Non
3427,15812198,Chen,543,Allemagne,Homme,48.0,1,50450.25,1,Non,Non,16655.36,Oui
3428,15761950,Woronoff,652,Allemagne,Femme,45.0,9,55413.745,1,Oui,Oui,76691.77,Oui
3429,15672447,Bailey,657,Allemagne,Homme,40.0,7,49582.92,1,Non,Oui,59666.975,Oui
3430,15733229,Rodriguez,638,Espagne,Femme,34.0,7,0.0,2,Non,Non,1973.145,Non
3431,15632503,Meng,563,France,Femme,32.0,0,74163.045,1,Oui,Non,95802.135,Oui
3432,15777504,Colbert,617,,Femme,30.0,8,0.0,1,Oui,Oui,46310.95,Non
3433,15789924,Hussain,658,France,Femme,39.0,4,0.0,1,Oui,Oui,73765.03,Non
3434,15628992,Esposito,850,Allemagne,Homme,32.0,2,64323.99,2,Non,Non,27208.09,Non
3435,15749068,Nickson,632,France,Femme,40.0,9,69812.67,1,Oui,Non,46851.48,Oui
3436,15759436,Aksenov,758,France,Femme,50.0,2,47906.88,3,Oui,Oui,33972.045,Oui
3437,15612187,Morin,547,Allemagne,Homme,32.0,8,77863.425,1,Oui,Non,33894.995,Non
3438,15720702,Shih,789,France,Homme,37.0,3,0.0,1,Oui,Non,60941.935,Oui
3439,15694518,Kodilinyechukwu,624,Espagne,Femme,36.0,0,0.0,2,Oui,Non,55802.95,Non
3440,15580203,Kennedy,674,Espagne,Homme,39.0,6,60096.71,1,Non,Non,50065.475,Non
3441,15567980,Frater,537,Allemagne,Femme,46.0,5,50363.75,1,Non,Oui,70428.88,Oui
3442,15689953,Toscani,697,Espagne,Homme,43.0,10,64113.185,1,Non,Non,94243.47,Non
3443,15655232,Noble,437,Allemagne,Homme,35.0,6,63401.67,2,Oui,Oui,80566.7,Non
3444,15651063,Ifeatu,524,,Femme,37.0,9,63740.29,2,Oui,Non,89817.345,Non
3445,15737605,Morris,531,Espagne,Femme,45.0,1,63247.785,2,Oui,Oui,82370.75,Non
3446,15748327,Anderson,724,Allemagne,Homme,34.0,6,59117.85,2,Non,Non,78568.615,Non
3447,15615177,Ebelegbulam,561,Espagne,Homme,28.0,6,61846.0,1,Oui,Oui,35274.48,Non
3448,15586523,Paten,720,Allemagne,Femme,29.0,7,53115.46,1,Oui,Oui,34951.965,Oui
3449,15740283,Ewing,850,France,Homme,29.0,1,0.0,2,Non,Non,76498.445,Non
3450,15649738,White,698,France,Femme,46.0,0,0.0,2,Oui,Oui,62981.01,Non
3451,15775335,Ellis,635,Allemagne,Femme,48.0,4,40778.445,2,Oui,Non,95957.185,Non
3452,15801436,K'ung,696,France,Homme,42.0,4,0.0,1,Non,Non,63176.565,Oui
3453,15732967,Cremonesi,731,France,Homme,19.0,6,0.0,2,Oui,Oui,75790.895,Non
3454,15635972,Lloyd,484,Espagne,Homme,36.0,8,0.0,2,Oui,Non,93068.24,Non
3455,15607312,Ch'ang,648,Espagne,Femme,49.0,10,0.0,2,Oui,Oui,79917.89,Oui
3456,15736431,Congreve,494,Espagne,Homme,27.0,2,0.0,2,Oui,Non,11202.32,Non
3457,15635942,Thomson,576,France,Homme,40.0,9,0.0,2,Oui,Non,56232.595,Oui
3458,15566156,Franklin,749,Allemagne,Femme,,0,35748.895,2,Non,Non,75541.9,Non
3459,15732438,Cheng,561,France,Homme,43.0,4,0.0,4,Non,Non,9261.455,Oui
3460,15600821,Hardy,721,France,Homme,69.0,2,54212.095,1,Oui,Oui,89209.175,Non
3461,15776780,He,608,France,Homme,59.0,1,0.0,1,Oui,Non,35324.82,Oui
3462,15763980,Beneventi,632,Allemagne,Homme,30.0,1,29334.01,1,Oui,Oui,39335.26,Non
3463,15641474,Hall,638,France,Homme,46.0,9,69929.77,1,Oui,Non,19483.645,Non
3464,15747772,Cunningham,706,Allemagne,Homme,36.0,9,29285.59,2,Oui,Non,20387.005,Non
3465,15732621,Martin,663,France,Homme,34.0,10,0.0,1,Oui,Oui,57041.865,Non
3466,15714993,Longo,552,France,Femme,41.0,9,62174.67,1,Oui,Non,67817.625,Non
3467,15589210,Adamson,557,France,Femme,,4,0.0,1,Non,Non,10257.86,Non
3468,15597896,Ozoemena,365,Allemagne,Homme,30.0,0,63880.035,1,Oui,Non,40768.925,Oui
3469,15695465,Gibson,638,France,Femme,36.0,6,0.0,1,Oui,Non,82123.755,Non
3470,15774744,Lord,664,Allemagne,Homme,,7,48643.08,2,Oui,Non,71716.665,Non
3471,15809585,H?,646,France,Homme,38.0,7,0.0,2,Oui,Non,764.2,Non
3472,15778154,Kung,628,Allemagne,Homme,50.0,4,61113.855,1,Non,Oui,7108.885,Oui
3473,15740164,Genovesi,715,France,Femme,33.0,3,42613.92,1,Oui,Oui,34043.575,Non
3474,15608653,Davison,521,Espagne,Femme,34.0,7,35365.535,1,Oui,Oui,10121.985,Oui
3475,15603846,Fang,711,Espagne,Homme,37.0,2,0.0,2,Oui,Non,41989.43,Oui
3476,15655903,Michael,701,Espagne,Femme,34.0,6,53990.185,1,Oui,Oui,59687.37,Non
3477,15783883,Onwuka,753,Allemagne,Femme,38.0,1,58657.46,1,Oui,Non,61010.665,Oui
3478,15739068,Nwoye,638,Allemagne,Homme,25.0,4,74022.725,2,Oui,Oui,57361.21,Non
3479,15696539,Wade,613,France,Femme,21.0,7,52813.975,1,Oui,Oui,18280.255,Non
3480,15797389,Hsia,604,Espagne,Homme,23.0,9,62288.665,1,Oui,Oui,3633.625,Non
3481,15775339,Lori,520,France,Femme,29.0,8,47973.88,1,Oui,Non,,Non
3482,15729054,Korovina,744,Allemagne,Homme,,4,48053.415,1,Oui,Oui,39906.385,Non
3483,15768193,Trevisani,585,Allemagne,Homme,36.0,5,73025.485,2,Non,Non,43212.285,Non
3484,15721740,Pai,633,Allemagne,Homme,50.0,7,44151.325,1,Oui,Oui,97968.58,Non
3485,15709478,P'an,611,Allemagne,Homme,37.0,1,58762.36,2,Non,Oui,80532.145,Non
3486,15794941,Chibueze,647,Allemagne,Femme,41.0,1,42953.325,3,Oui,Non,94579.985,Non
3487,15749167,Fisk,753,France,Homme,35.0,3,0.0,2,Oui,Oui,92421.885,Non
3488,15711789,Davey,768,Espagne,Femme,42.0,3,0.0,1,Non,Non,,Oui
3489,15609254,Fernandez,513,Espagne,Femme,41.0,9,53567.52,2,Oui,Oui,80273.29,Non
3490,15803682,Angelo,651,Allemagne,Femme,37.0,10,58895.53,2,Oui,Oui,37918.79,Non
3491,15652789,Hancock,657,Espagne,Homme,40.0,10,0.0,2,Oui,Oui,26495.35,Non
3492,15766458,Tang,498,France,Homme,33.0,1,99056.93,1,Oui,Non,34832.175,Non
3493,15585222,Norman,515,France,Homme,41.0,8,0.0,2,Oui,Oui,92527.07,Non
3494,15780746,Tyndall,705,France,Homme,61.0,4,0.0,2,Oui,Oui,95656.85,Non
3495,15643828,Teng,592,France,Homme,29.0,7,0.0,2,Oui,Oui,45598.335,Non
3496,15686983,Rohu,678,Allemagne,Femme,25.0,10,38484.06,2,Non,Oui,65750.86,Non
3497,15588406,Chiemenam,574,Espagne,Femme,37.0,7,0.0,2,Oui,Non,16131.14,Non
3498,15638989,Lettiere,711,France,Femme,25.0,5,95033.27,1,Non,Non,,Oui
3499,15748414,Chiang,526,Espagne,Femme,33.0,8,57317.315,2,Oui,Non,55057.19,Oui
3500,15588955,Mazzi,581,Allemagne,Femme,43.0,5,46629.785,3,Oui,Non,70517.825,Oui
3501,15809991,Ferrari,756,Espagne,Homme,19.0,4,65137.11,1,Oui,Oui,66767.645,Non
3502,15630857,Wu,674,Espagne,Femme,39.0,6,0.0,2,Oui,Oui,4787.415,Non
3503,15570895,Ch'in,608,France,Homme,42.0,10,81774.035,1,Oui,Non,19433.425,Non
3504,15773723,Duncan,588,Espagne,Femme,22.0,9,33589.095,1,Oui,Oui,81767.375,Oui
3505,15784597,Lattimore,648,France,Homme,26.0,9,81461.925,1,Oui,Non,49184.12,Non
3506,15726676,Marshall,616,Espagne,Homme,30.0,5,0.0,2,Non,Oui,98054.255,Non
3507,15601503,Tokaryev,578,Espagne,Homme,28.0,4,0.0,2,Non,Non,3473.545,Non
3508,15605425,Chia,545,Allemagne,Femme,44.0,2,63768.22,1,Oui,Non,54199.315,Non
3509,15637753,O'Sullivan,751,Allemagne,Homme,50.0,2,48444.195,1,Oui,Non,38603.125,Oui
3510,15641585,Newton,850,France,Homme,40.0,6,48669.995,1,Non,Oui,44407.625,Non
3511,15711977,Finch,695,France,Homme,36.0,4,80766.5,1,Oui,Non,50470.455,Non
3512,15687738,Nwagugheuzo,535,France,Femme,38.0,8,0.0,2,Oui,Non,68310.32,Non
3513,15692317,Craig,722,,Homme,30.0,5,0.0,2,Oui,Non,83188.27,Non
3514,15761600,White,713,France,Homme,43.0,5,43197.07,1,Oui,Oui,65000.565,Non
3515,15784323,Gallo,449,France,Femme,21.0,7,0.0,2,Non,Non,87871.96,Non
3516,15656100,Candler,632,France,Femme,,5,83981.35,1,Non,Non,70100.605,Non
3517,15636548,Lung,457,Espagne,Homme,44.0,7,0.0,2,Non,Non,92996.18,Non
3518,15683625,Hare,703,France,Homme,37.0,1,74881.04,1,Oui,Non,10314.7,Oui
3519,15599081,Watt,507,Allemagne,Femme,,8,51392.58,1,Oui,Oui,35161.84,Non
3520,15566843,Gotch,535,Allemagne,Homme,20.0,9,67437.2,1,Oui,Oui,59412.78,Non
3521,15712807,Robertson,556,Espagne,Homme,46.0,3,65882.48,1,Oui,Oui,54250.33,Oui
3522,15762238,Fraser,671,Allemagne,Femme,44.0,0,42372.515,2,Non,Oui,,Non
3523,15716491,Akabueze,710,Espagne,Femme,51.0,4,46828.475,1,Non,Oui,70700.255,Oui
3524,15677136,Okwukwe,624,France,Femme,23.0,5,0.0,2,Non,Non,66209.295,Non
3525,15676895,Cattaneo,547,Allemagne,Femme,39.0,6,37298.075,3,Oui,Oui,42873.26,Oui
3526,15665783,Ts'ui,565,France,Homme,49.0,7,0.0,2,Oui,Oui,44804.63,Non
3527,15750258,Ann,675,France,Femme,32.0,2,77831.655,1,Oui,Non,48829.33,Non
3528,15794468,Tsou,641,France,Femme,42.0,6,0.0,2,Non,Non,60569.385,Non
3529,15612103,Wang,627,Allemagne,Femme,35.0,2,68926.48,1,Oui,Oui,86134.605,Oui
3530,15809826,Craigie,728,France,Femme,46.0,2,54852.76,1,Oui,Non,,Oui
3531,15754494,Ah Mouy,585,France,Femme,33.0,4,76402.525,1,Oui,Non,31619.825,Non
3532,15746704,Jibunoh,638,Espagne,Homme,30.0,9,68404.265,2,Oui,Oui,53321.485,Non
3533,15773852,Hayes,533,Allemagne,Homme,38.0,4,35181.26,2,Oui,Oui,52094.73,Non
3534,15643575,Evseev,757,Allemagne,Homme,36.0,1,32674.855,1,Non,Non,32269.82,Non
3535,15750056,Hyde,702,France,Femme,29.0,6,74609.195,1,Oui,Oui,4816.505,Non
3536,15628279,Murphy,624,France,Femme,38.0,3,0.0,2,Oui,Oui,81833.425,Non
3537,15660528,Niu,659,Espagne,Homme,27.0,4,0.0,2,Oui,Non,49670.935,Non
3538,15787825,Okwudiliolisa,585,Allemagne,Homme,37.0,6,76248.41,1,Oui,Oui,49953.645,Non
3539,15597610,Stevens,553,Espagne,Homme,41.0,6,72487.275,1,Oui,Oui,9672.46,Non
3540,15666767,Lori,508,France,Homme,35.0,1,43446.64,1,Non,Non,29687.41,Non
3541,15613712,Boag,634,Espagne,Homme,34.0,1,0.0,2,Oui,Non,30997.785,Non
3542,15698749,He,626,Allemagne,Femme,23.0,6,42948.975,1,Oui,Non,54871.4,Non
3543,15675141,Fraser,569,France,Femme,35.0,4,46967.315,1,Oui,Non,92374.115,Non
3544,15726186,Genovese,639,Espagne,Homme,,4,66717.285,2,Oui,Non,48991.72,Non
3545,15724145,William,616,Allemagne,Homme,29.0,8,74659.275,1,Oui,Non,70373.065,Non
3546,15745827,Padovesi,617,France,Homme,30.0,3,66002.885,1,Oui,Non,71470.195,Non
3547,15808389,Iheatu,617,France,Femme,79.0,7,0.0,1,Oui,Oui,,Non
3548,15614034,Martin,607,Allemagne,Homme,61.0,2,82261.75,2,Oui,Oui,17893.38,Non
3549,15690743,Shao,536,France,Femme,61.0,8,32595.145,1,Oui,Oui,32154.245,Oui
3550,15655007,Li,758,France,Femme,,7,0.0,2,Non,Non,41498.235,Non
3551,15693877,Stewart,811,France,Femme,47.0,3,61682.67,2,Non,Non,85997.67,Non
3552,15732235,Kuykendall,662,France,Homme,64.0,0,49424.095,1,Non,Oui,,Non
3553,15603465,Dunn,665,Allemagne,Femme,45.0,5,77723.825,2,Oui,Non,25935.975,Oui
3554,15669411,Muse,750,Allemagne,Femme,52.0,6,53733.78,1,Oui,Non,63116.59,Oui
3555,15627412,Ferri,605,France,Homme,39.0,3,0.0,2,Oui,Non,99695.225,Non
3556,15726695,Hsia,601,Espagne,Femme,20.0,9,61223.305,2,Oui,Non,43395.95,Non
3557,15759499,Gardiner,598,France,Femme,32.0,4,55578.26,1,Oui,Oui,83688.13,Non
3558,15812534,Chiemenam,455,France,Homme,40.0,1,0.0,3,Non,Oui,,Non
3559,15583221,Arnold,667,Allemagne,Homme,70.0,3,38678.46,2,Oui,Oui,10440.98,Non
3560,15746995,Greco,724,Allemagne,Homme,31.0,9,69083.15,1,Oui,Non,6460.215,Non
3561,15768449,Ricci,634,France,Femme,37.0,7,25791.25,2,Oui,Oui,92156.44,Non
3562,15599084,Hopwood,782,France,Homme,33.0,7,95761.545,1,Oui,Oui,83529.375,Non
3563,15607301,Romano,651,Espagne,Femme,63.0,8,64984.335,1,Oui,Oui,5915.265,Non
3564,15636061,Pope,649,Allemagne,Homme,78.0,4,34172.93,2,Oui,Oui,71283.375,Non
3565,15575498,Gould,705,France,Femme,39.0,5,74689.83,2,Oui,Non,48037.775,Non
3566,15747458,Folliero,677,Espagne,Femme,43.0,3,66607.44,2,Oui,Oui,47968.42,Non
3567,15666548,Chung,466,Allemagne,Femme,56.0,2,55960.065,3,Oui,Non,98817.055,Oui
3568,15764444,Pan,679,Allemagne,Homme,58.0,8,62925.265,2,Oui,Oui,43504.085,Non
3569,15578297,Ebelegbulam,737,Allemagne,Femme,43.0,1,62768.69,1,Oui,Non,69255.005,Oui
3570,15635097,Okeke,599,,Homme,39.0,2,94488.445,2,Non,Oui,88071.045,Non
3571,15776404,Williamson,523,France,Homme,22.0,8,61687.23,1,Oui,Oui,62453.295,Non
3572,15813422,Lu,781,Espagne,Homme,35.0,4,40395.37,1,Oui,Non,58214.755,Non
3573,15660390,Boyle,544,France,Femme,,6,0.0,2,Oui,Oui,62056.52,Non
3574,15733661,Illingworth,639,Espagne,Femme,27.0,8,66903.27,2,Oui,Non,3125.65,Non
3575,15682540,Cremonesi,602,France,Femme,33.0,8,0.0,2,Oui,Oui,56464.37,Non
3576,15723620,Lu,617,France,Homme,41.0,7,0.0,2,Non,Oui,7248.335,Non
3577,15661723,Abramovich,667,Espagne,Homme,71.0,4,68630.39,1,Non,Oui,47216.54,Oui
3578,15788118,Siciliano,656,France,Homme,33.0,7,69352.51,2,Oui,Non,18568.075,Non
3579,15784301,Wang,850,France,Homme,42.0,0,0.0,2,Oui,Non,22082.92,Non
3580,15738220,Bennet,800,Espagne,Homme,38.0,1,0.0,2,Oui,Non,25776.715,Non
3581,15586959,Unaipon,468,France,Femme,42.0,5,0.0,2,Oui,Non,62652.67,Non
3582,15654292,Vessels,565,Allemagne,Homme,33.0,8,65184.155,2,Oui,Non,52821.215,Non
3583,15668032,Buchanan,577,France,Femme,37.0,4,0.0,1,Oui,Oui,39940.695,Non
3584,15726153,Fanucci,622,France,Homme,31.0,5,53130.335,1,Oui,Oui,1289.215,Non
3585,15728963,Wei,617,Allemagne,Femme,51.0,10,83636.855,1,Non,Non,46719.875,Oui
3586,15781129,Montgomery,687,Espagne,Homme,38.0,8,34717.2,2,Oui,Oui,,Oui
3587,15731553,Lucas,730,France,Homme,23.0,8,0.0,2,Oui,Non,91642.265,Non
3588,15795738,Owens,789,France,Homme,31.0,4,87738.575,1,Oui,Oui,86416.45,Non
3589,15802390,Willoughby,724,France,Femme,34.0,2,0.0,2,Oui,Oui,59431.69,Non
3590,15612832,Jamieson,526,France,Homme,32.0,7,62770.025,1,Non,Non,,Non
3591,15637979,Fuller,664,Allemagne,Femme,36.0,2,63580.39,2,Oui,Non,39070.375,Non
3592,15597487,Hunter,850,France,Femme,35.0,5,0.0,1,Oui,Oui,40496.4,Non
3593,15735263,Hsueh,736,France,Homme,27.0,5,25761.375,1,Non,Oui,96065.885,Non
3594,15673584,Bell,652,France,Femme,74.0,5,0.0,2,Oui,Oui,468.575,Non
3595,15683053,Reyna,809,Espagne,Femme,48.0,2,0.0,1,Oui,Non,80488.425,Oui
3596,15581282,Lucchese,651,France,Femme,39.0,6,0.0,1,Oui,Non,12088.22,Non
3597,15793688,Bancks,669,France,Homme,50.0,9,100504.82,1,Oui,Non,79016.25,Oui
3598,15636634,Lindon,630,Allemagne,Femme,25.0,7,39828.405,1,Oui,Non,,Non
3599,15616240,Yeh,530,Espagne,Homme,37.0,4,0.0,2,Oui,Oui,82422.185,Non
3600,15588535,Ts'ao,750,Espagne,Femme,39.0,6,0.0,2,Non,Non,9632.165,Non
3601,15806249,Kerr,671,Espagne,Femme,31.0,4,0.0,2,Non,Oui,39635.01,Non
3602,15632272,Lung,792,France,Femme,42.0,2,0.0,2,Oui,Non,46332.045,Non
3603,15722532,Angelo,690,Espagne,Femme,36.0,10,45880.055,1,Oui,Oui,67892.47,Non
3604,15710295,Patrick,445,Allemagne,Femme,38.0,6,59706.81,2,Oui,Non,87878.18,Non
3605,15600651,Ijendu,749,France,Homme,24.0,1,0.0,3,Oui,Oui,23955.515,Non
3606,15775756,Alexandrova,809,Allemagne,Homme,,8,74027.87,1,Non,Non,99601.605,Non
3607,15581620,Franklin,597,France,Homme,28.0,2,0.0,3,Oui,Oui,39353.985,Non
3608,15723064,Kistler,603,Espagne,Homme,24.0,1,82574.565,2,Oui,Non,10929.14,Non
3609,15580623,Yefremova,573,Espagne,Homme,,8,0.0,2,Non,Non,,Non
3610,15631240,Dubinina,645,France,Femme,36.0,8,0.0,2,Oui,Oui,,Oui
3611,15810775,Tsao,576,Espagne,Homme,,2,50274.715,2,Oui,Oui,8322.08,Non
3612,15688172,Tai,677,Espagne,Homme,40.0,5,0.0,2,Oui,Non,44473.78,Non
3613,15682860,Lo,769,Espagne,Homme,,6,0.0,2,Non,Non,52196.89,Non
3614,15592379,Walker,741,Espagne,Femme,42.0,9,60528.315,2,Oui,Non,19561.29,Non
3615,15624936,Yen,631,France,Homme,35.0,8,64602.745,1,Oui,Oui,39573.18,Non
3616,15701265,Tretiakov,559,Allemagne,Femme,36.0,1,52178.47,2,Non,Oui,27092.03,Non
3617,15771054,Barnes,469,,Homme,35.0,5,0.0,2,Oui,Non,,Non
3618,15748639,Hayslett,497,Allemagne,Homme,,7,55026.81,2,Oui,Oui,,Non
3619,15642099,Tsui,679,Espagne,Homme,39.0,6,0.0,2,Oui,Non,6133.03,Non
3620,15729279,Naylor,718,France,Femme,25.0,4,54345.975,1,Oui,Non,31515.485,Non
3621,15729515,McCarthy,782,France,Homme,36.0,1,74397.585,2,Oui,Oui,97840.715,Non
3622,15677305,Hsieh,490,France,Femme,35.0,7,53874.515,1,Oui,Oui,1968.685,Non
3623,15786167,Andreyeva,649,,Homme,20.0,5,0.0,2,Oui,Oui,29154.77,Non
3624,15601796,Chizuoke,645,France,Homme,30.0,1,62869.63,1,Oui,Oui,96720.615,Non
3625,15681026,Lucciano,795,Allemagne,Femme,33.0,9,52276.36,1,Oui,Oui,60426.915,Oui
3626,15589793,Onwuamaeze,604,France,Homme,53.0,8,72226.875,1,Oui,Non,95499.48,Oui
3627,15790810,Han,844,France,Femme,41.0,10,38159.82,1,Oui,Oui,70587.59,Oui
3628,15593365,Shih,762,Espagne,Homme,39.0,2,40636.565,1,Oui,Oui,9359.835,Non
3629,15701765,Vincent,575,Espagne,Femme,37.0,0,0.0,2,Non,Non,15057.16,Non
3630,15692599,Chiemela,687,France,Homme,34.0,5,64135.28,1,Oui,Non,95546.31,Non
3631,15664539,Bruce,683,Espagne,Homme,35.0,9,30586.02,1,Non,Non,41475.56,Non
3632,15804709,Watt,688,Allemagne,Homme,,5,55789.09,1,Non,Non,83082.965,Oui
3633,15649853,Craig,625,France,Femme,45.0,3,0.0,1,Oui,Oui,92237.075,Oui
3634,15659098,Toscano,669,France,Homme,30.0,7,47564.43,1,Non,Non,9899.63,Non
3635,15722246,Omeokachie,742,France,Femme,60.0,4,0.0,1,Oui,Oui,6580.83,Oui
3636,15718245,Pirozzi,730,France,Homme,34.0,1,0.0,2,Oui,Oui,63296.005,Non
3637,15623210,Smith,484,Allemagne,Femme,55.0,8,74674.79,3,Non,Non,68759.96,Oui
3638,15800440,Power,650,Espagne,Homme,61.0,1,76484.365,1,Non,Oui,41485.345,Non
3639,15648005,Russell,672,,Homme,33.0,2,0.0,2,Oui,Oui,91369.0,Non
3640,15628523,Chien,539,France,Femme,24.0,3,0.0,2,Oui,Oui,99080.535,Non
3641,15582335,Brown,556,France,Femme,40.0,9,64930.185,1,Non,Non,8996.47,Non
3642,15795298,Olisaemeka,573,Allemagne,Femme,35.0,9,103434.39,2,Non,Oui,51493.075,Non
3643,15605113,Sutherland,518,France,Femme,27.0,1,66900.745,1,Oui,Oui,71657.785,Non
3644,15711991,Chiawuotu,615,France,Homme,30.0,8,0.0,2,Non,Non,1591.575,Non
3645,15633516,Tucker,526,France,Homme,42.0,1,0.0,1,Non,Oui,84243.01,Non
3646,15609676,Nkemakonam,718,France,Femme,35.0,2,83962.475,1,Oui,Non,21512.32,Non
3647,15763097,Siciliano,809,Espagne,Homme,80.0,8,0.0,2,Non,Oui,17082.025,Non
3648,15638269,Baresi,597,France,Homme,67.0,2,0.0,2,Non,Oui,54322.925,Non
3649,15810167,Scott,657,Espagne,Homme,75.0,7,63136.975,1,Non,Oui,45836.8,Non
3650,15793949,Cheng,726,France,Femme,48.0,4,0.0,1,Oui,Non,57010.03,Oui
3651,15591915,Frolov,533,France,Femme,39.0,2,0.0,1,Non,Oui,36834.97,Oui
3652,15576085,Stone,739,France,Homme,41.0,5,0.0,2,Non,Non,71941.125,Non
3653,15746203,Hsia,555,Allemagne,Homme,62.0,4,59908.665,1,Non,Oui,21753.55,Oui
3654,15810432,Moseley,795,Espagne,Homme,35.0,8,0.0,2,Oui,Non,83577.68,Non
3655,15645511,Chukwudi,727,Espagne,Homme,43.0,2,48701.59,1,Oui,Oui,53707.51,Oui
3656,15781987,Akhtar,641,France,Homme,31.0,9,56247.495,1,Oui,Oui,16115.8,Non
3657,15725906,Hankinson,665,Espagne,Femme,51.0,8,0.0,1,Oui,Oui,19464.24,Oui
3658,15681928,Yancy,577,France,Femme,35.0,4,54077.745,1,Oui,Non,52703.895,Non
3659,15707291,Percy,477,Allemagne,Homme,48.0,8,64625.0,2,Oui,Oui,78968.675,Non
3660,15794895,McKay,581,Espagne,Homme,34.0,1,0.0,2,Non,Oui,40587.625,Non
3661,15649183,Johnston,598,Espagne,Femme,35.0,8,0.0,3,Non,Oui,44329.365,Non
3662,15670374,Wright,819,Allemagne,Femme,49.0,1,60328.43,4,Non,Non,83082.15,Oui
3663,15567993,Palmer,828,Espagne,Homme,28.0,8,67383.425,1,Oui,Non,,Non
3664,15702806,Martin,696,Espagne,Homme,24.0,9,0.0,1,Non,Non,5441.76,Non
3665,15711386,Trentini,724,France,Femme,29.0,6,0.0,2,Non,Oui,32364.755,Non
3666,15703588,Palerma,665,Allemagne,Homme,25.0,5,76805.915,2,Oui,Non,17660.825,Non
3667,15730394,Crowther,709,France,Femme,43.0,8,0.0,2,Non,Non,84017.81,Oui
3668,15588986,Grant,673,Allemagne,Femme,29.0,4,49548.68,1,Oui,Oui,4898.345,Non
3669,15705034,Peng,691,Espagne,Homme,40.0,1,0.0,2,Oui,Oui,72806.585,Non
3670,15569394,Bailey,704,France,Homme,24.0,2,74098.575,2,Oui,Non,91387.54,Non
3671,15665784,She,637,France,Homme,27.0,9,64470.12,1,Oui,Non,23393.46,Non
3672,15624391,Thomson,595,Espagne,Femme,30.0,5,50341.77,1,Oui,Oui,89180.52,Non
3673,15633043,Fedorova,545,Espagne,Femme,,6,0.0,1,Non,Non,19205.37,Oui
3674,15770974,Nwabugwu,741,Allemagne,Femme,37.0,8,85420.04,2,Non,Non,54921.58,Non
3675,15577274,Genovese,549,Allemagne,Femme,43.0,3,67492.83,1,Oui,Non,3050.705,Non
3676,15787026,Onwuatuegwu,627,Allemagne,Homme,27.0,0,92633.725,2,Oui,Oui,38513.67,Non
3677,15743490,Zikoranachidimma,795,Allemagne,Femme,56.0,9,47174.47,1,Oui,Non,14619.645,Oui
3678,15764033,Lin,693,Allemagne,Femme,43.0,1,60963.96,1,Oui,Non,43997.475,Oui
3679,15704483,Lorenzo,724,France,Homme,40.0,6,0.0,2,Non,Non,53074.74,Non
3680,15599433,Fanucci,660,Allemagne,Homme,35.0,8,29320.715,1,Non,Oui,99337.04,Non
3681,15575581,Dickson,614,Allemagne,Femme,30.0,3,65672.26,2,Oui,Non,27388.32,Non
3682,15596710,Ku,640,France,Femme,33.0,1,83649.21,1,Non,Oui,72690.825,Non
3683,15740527,Lai,766,Allemagne,Femme,,7,71362.24,1,Non,Oui,2946.615,Oui
3684,15786463,Hsing,645,Allemagne,Femme,59.0,8,60834.965,2,Non,Non,45.875,Oui
3685,15607990,Gallo,760,Espagne,Homme,43.0,6,87867.75,1,Oui,Oui,78668.645,Non
3686,15742971,Whitehead,708,France,Femme,44.0,2,80943.905,2,Oui,Non,42435.115,Non
3687,15773792,Evans,662,France,Femme,32.0,4,66975.185,1,Oui,Oui,24362.84,Oui
3688,15802501,Onyeorulu,724,Allemagne,Homme,33.0,5,51782.415,2,Oui,Non,60542.86,Non
3689,15761102,T'ao,707,Espagne,Femme,32.0,4,66417.78,1,Non,Non,68438.62,Non
3690,15616088,Lucas,782,France,Femme,70.0,7,48536.21,1,Non,Oui,65588.61,Non
3691,15581089,Knight,744,Espagne,Homme,35.0,7,0.0,2,Oui,Oui,21518.3,Non
3692,15689633,Toomey,845,Espagne,Femme,38.0,2,56401.96,1,Oui,Non,89815.925,Non
3693,15773709,Hung,838,Espagne,Homme,35.0,0,0.0,2,Non,Oui,98652.955,Non
3694,15698902,McIntyre,547,Allemagne,Femme,42.0,1,71351.7,1,Oui,Non,43103.745,Oui
3695,15677371,Ko,629,Espagne,Femme,30.0,2,17006.815,1,Oui,Non,9785.315,Non
3696,15800890,T'ien,554,France,Femme,45.0,6,0.0,2,Oui,Oui,90602.25,Non
3697,15743236,Piccio,687,France,Femme,61.0,7,40269.28,1,Oui,Non,65652.685,Oui
3698,15576683,Yin,568,Espagne,Femme,,9,0.0,1,Oui,Non,62935.395,Oui
3699,15654229,O'Neill,699,Espagne,Homme,47.0,1,0.0,2,Non,Oui,15058.72,Non
3700,15577831,Byrne,560,Allemagne,Homme,41.0,4,76266.15,1,Non,Non,5389.845,Non
3701,15631170,Clements,695,France,Homme,45.0,3,0.0,2,Oui,Oui,15396.805,Non
3702,15605455,Tai,664,France,Homme,40.0,9,0.0,2,Oui,Non,97383.65,Non
3703,15654901,Horton,733,France,Homme,51.0,10,70778.48,1,Oui,Non,65094.765,Non
3704,15613141,Hsu,717,France,Femme,41.0,3,67878.48,1,Oui,Oui,51853.205,Non
3705,15663438,Andrejew,688,Espagne,Homme,36.0,0,44886.15,1,Oui,Non,88691.84,Oui
3706,15815070,Romano,566,Allemagne,Femme,44.0,5,70714.495,2,Non,Non,,Non
3707,15624068,Fu,779,France,Femme,26.0,0,0.0,2,Non,Oui,,Non
3708,15606133,Lay,628,Espagne,Homme,42.0,7,0.0,2,Non,Oui,86483.935,Non
3709,15635435,White,648,France,Femme,54.0,9,60316.71,1,Non,Non,2962.19,Oui
3710,15642870,Ross,677,France,Homme,58.0,9,0.0,1,Non,Oui,84325.2,Non
3711,15690670,Cox,720,France,Homme,33.0,2,0.0,2,Non,Oui,70515.54,Non
3712,15783398,Rizzo,535,Espagne,Femme,49.0,7,57654.875,1,Oui,Non,55710.885,Non
3713,15583076,Deleon,588,Allemagne,Homme,41.0,6,53058.28,2,Oui,Non,99383.305,Non
3714,15811773,Hsia,543,France,Homme,36.0,4,0.0,2,Oui,Oui,70605.25,Non
3715,15678129,Hill,643,Espagne,Femme,45.0,9,75420.015,2,Oui,Non,77758.175,Non
3716,15668830,Wan,650,Espagne,Homme,24.0,8,54440.865,1,Oui,Non,52246.415,Non
3717,15606915,Genovese,764,France,Homme,24.0,7,49074.305,1,Oui,Non,13421.88,Non
3718,15669060,Woolnough,662,France,Homme,74.0,6,0.0,2,Oui,Non,61791.925,Non
3719,15615176,Welsh,732,France,Homme,26.0,7,0.0,2,Oui,Non,77182.33,Non
3720,15813590,Vance,610,Espagne,Homme,42.0,6,0.0,2,Oui,Non,79151.295,Oui
3721,15791279,Murray,701,France,Homme,40.0,5,84871.32,1,Oui,Oui,76768.775,Oui
3722,15695168,Bruce,625,France,Homme,39.0,2,0.0,2,Oui,Non,50201.525,Non
3723,15654700,Fallaci,523,France,Femme,40.0,2,51483.705,1,Oui,Non,64351.05,Oui
3724,15749799,Pisani,577,France,Femme,34.0,2,0.0,2,Oui,Oui,42016.675,Non
3725,15663770,Doyle,802,France,Homme,38.0,1,71278.555,1,Oui,Oui,86248.865,Non
3726,15783691,Hargreaves,722,Espagne,Femme,35.0,1,60085.79,1,Oui,Non,62620.4,Non
3727,15724691,Gordon,712,France,Homme,34.0,1,0.0,2,Oui,Oui,,Non
3728,15814465,Ch'in,612,France,Homme,24.0,1,91352.525,1,Oui,Oui,85918.53,Non
3729,15657868,Serra,850,Allemagne,Homme,40.0,6,47303.54,1,Oui,Non,18345.245,Non
3730,15798834,Yefremov,719,Espagne,Femme,32.0,7,0.0,1,Non,Non,38132.135,Non
3731,15791452,Dann,675,France,Homme,39.0,1,0.0,2,Oui,Non,76564.61,Non
3732,15566531,Iloerika,724,Allemagne,Homme,33.0,4,44023.44,1,Non,Oui,93471.245,Oui
3733,15567919,Lazarev,586,Allemagne,Homme,37.0,8,83867.845,2,Non,Oui,52332.895,Non
3734,15726487,P'eng,431,France,Homme,63.0,6,80491.445,1,Oui,Oui,84004.085,Non
3735,15764335,Caldwell,463,Allemagne,Femme,41.0,8,61575.755,2,Oui,Non,35063.965,Non
3736,15774133,Cox,706,France,Femme,35.0,8,89016.265,1,Non,Oui,,Non
3737,15695492,P'eng,439,France,Femme,29.0,6,78284.715,1,Oui,Non,90299.33,Non
3738,15708236,Wright,491,France,Femme,72.0,6,45642.61,1,Oui,Oui,3516.475,Non
3739,15586264,Murray,572,France,Homme,43.0,2,70215.99,1,Oui,Non,13225.285,Oui
3740,15649618,Tomlinson,799,Allemagne,Femme,,7,83697.8,2,Non,Oui,69768.715,Non
3741,15706199,White,636,Allemagne,Homme,36.0,6,48321.66,1,Non,Non,91029.64,Non
3742,15737310,Thompson,633,France,Homme,29.0,10,65103.14,1,Oui,Non,92327.435,Non
3743,15593959,Travis,524,France,Homme,28.0,1,46788.65,1,Oui,Oui,25835.41,Non
3744,15699325,Fedorova,555,Allemagne,Femme,62.0,10,57411.32,1,Non,Oui,4222.25,Non
3745,15671104,Aksakova,637,Espagne,Homme,43.0,3,86098.115,1,Oui,Oui,52384.98,Non
3746,15681174,Zuev,730,France,Homme,39.0,1,58268.8,1,Non,Non,72839.8,Non
3747,15671293,Marcus,779,Allemagne,Femme,37.0,2,64194.815,1,Oui,Oui,3294.58,Oui
3748,15793070,Fiorentino,494,Espagne,Femme,41.0,2,34987.33,2,Oui,Non,94213.065,Oui
3749,15578835,Brookes,675,Espagne,Femme,50.0,1,66602.455,1,Non,Oui,4135.03,Non
3750,15636595,Loton,602,Espagne,Homme,37.0,3,53796.445,2,Non,Oui,76561.365,Non
3751,15742798,French,829,France,Femme,22.0,7,75063.22,1,Oui,Non,76053.965,Oui
3752,15720968,Young,606,Allemagne,Homme,27.0,2,65137.13,2,Oui,Non,73766.545,Non
3753,15808780,Tien,850,France,Femme,34.0,2,0.0,2,Non,Non,25959.52,Non
3754,15778410,Clarke,533,Espagne,Femme,52.0,7,0.0,1,Non,Oui,97056.995,Oui
3755,15623072,Shaw,529,Espagne,Femme,35.0,5,0.0,2,Oui,Non,28259.0,Non
3756,15611371,Siciliani,736,France,Homme,43.0,4,88067.27,1,Oui,Oui,26428.44,Non
3757,15627000,Freeman,610,France,Homme,40.0,0,0.0,2,Oui,Non,31116.3,Non
3758,15805413,Chiang,769,France,Femme,31.0,6,58926.13,2,Oui,Non,73834.32,Non
3759,15803526,Eremenko,685,Allemagne,Homme,30.0,3,45268.405,1,Non,Oui,31541.44,Non
3760,15725221,Sabbatini,738,Allemagne,Homme,62.0,10,41504.155,1,Oui,Oui,21383.015,Non
3761,15653448,Duncan,754,France,Homme,34.0,7,0.0,2,Oui,Oui,32609.925,Non
3762,15598175,Toscani,592,Allemagne,Femme,,4,52541.035,2,Oui,Non,66400.785,Non
3763,15762993,Trevisano,796,Espagne,Homme,,5,51386.575,2,Non,Oui,58916.44,Non
3764,15781777,Sutherland,604,France,Homme,33.0,3,74329.74,1,Non,Non,21218.875,Non
3765,15780654,Sergeyev,619,Allemagne,Femme,33.0,3,50244.46,2,Non,Oui,18223.37,Non
3766,15621083,Douglas,698,France,Homme,57.0,6,68162.74,2,Oui,Oui,36274.635,Oui
3767,15619130,Simpson,752,Allemagne,Femme,37.0,5,56645.525,2,Oui,Oui,66233.77,Non
3768,15786993,Lung,810,France,Femme,51.0,5,0.0,2,Non,Oui,92262.37,Non
3769,15627212,Smith,630,,Femme,36.0,2,55207.24,1,Oui,Oui,24492.475,Non
3770,15624596,Trentini,534,France,Femme,23.0,5,52411.225,1,Non,Oui,80088.235,Non
3771,15800287,Micco,706,Espagne,Femme,46.0,2,63830.23,2,Oui,Non,75078.41,Oui
3772,15752801,Bradshaw,518,Allemagne,Homme,29.0,9,62980.87,2,Oui,Non,80151.54,Oui
3773,15602497,Honore,850,Espagne,Homme,39.0,6,66607.065,1,Non,Oui,10384.94,Non
3774,15680920,Marchesi,695,France,Homme,46.0,7,24756.275,1,Oui,Non,66503.67,Non
3775,15672216,Uvarov,584,France,Femme,40.0,4,41220.875,1,Non,Non,40426.055,Non
3776,15724444,Wall,567,France,Femme,38.0,1,62938.825,2,Oui,Oui,53920.885,Non
3777,15689288,Folliero,630,France,Femme,26.0,5,0.0,2,Oui,Non,91306.19,Non
3778,15594685,Hall,757,France,Femme,49.0,2,0.0,2,Non,Non,,Non
3779,15650575,Payne,720,Espagne,Femme,59.0,6,0.0,2,Oui,Oui,80424.715,Oui
3780,15685826,Hsiung,563,France,Homme,,7,45363.895,1,Oui,Non,61134.375,Non
3781,15624892,Dennis,712,Allemagne,Homme,37.0,7,46989.48,2,Oui,Non,30325.885,Non
3782,15814033,Milano,759,Espagne,Homme,38.0,1,0.0,2,Oui,Non,10389.195,Non
3783,15772781,Ball,703,France,Femme,,3,0.0,3,Oui,Oui,38647.28,Oui
3784,15761976,Su,797,Espagne,Femme,31.0,8,0.0,2,Oui,Non,58958.315,Non
3785,15801658,Summers,580,France,Homme,55.0,6,52152.87,1,Non,Oui,87875.105,Non
3786,15587581,Russo,785,Allemagne,Femme,33.0,5,68312.3,2,Oui,Oui,84558.87,Non
3787,15726310,Mordvinova,782,Espagne,Femme,27.0,3,0.0,2,Oui,Non,71807.005,Non
3788,15642162,Ponce,603,Allemagne,Homme,35.0,1,61703.845,1,Oui,Non,76270.945,Oui
3789,15682757,Pardey,734,France,Homme,30.0,3,0.0,2,Oui,Non,53820.125,Non
3790,15625080,Parkin,745,,Femme,54.0,8,0.0,1,Oui,Non,86956.145,Oui
3791,15810944,Bryant,586,France,Femme,35.0,7,0.0,2,Oui,Non,35380.345,Non
3792,15713144,Ingrassia,588,,Homme,46.0,8,0.0,1,Oui,Non,30965.605,Non
3793,15661903,Hsia,699,France,Femme,43.0,3,40382.015,1,Oui,Non,99689.29,Oui
3794,15633227,Kenechukwu,518,France,Femme,28.0,9,42573.18,1,Non,Non,1401.945,Non
3795,15736299,Bell,729,France,Femme,36.0,8,54553.4,1,Non,Non,60655.56,Non
3796,15806929,Ch'ien,751,Allemagne,Homme,36.0,5,36597.495,1,Oui,Oui,44611.33,Non
3797,15694039,Jen,650,Allemagne,Femme,46.0,9,74501.88,2,Oui,Non,88451.415,Non
3798,15785290,Hao,542,France,Homme,29.0,9,0.0,1,Oui,Non,4171.175,Non
3799,15804295,Pinto,485,France,Homme,41.0,2,50127.38,2,Oui,Oui,6353.335,Non
3800,15685309,Souter,669,France,Femme,35.0,7,0.0,1,Oui,Oui,24554.115,Oui
3801,15759733,McMillan,774,France,Femme,26.0,5,0.0,2,Oui,Oui,32358.04,Non
3802,15649487,Sal,578,Allemagne,Femme,38.0,4,56575.22,2,Oui,Non,88356.295,Oui
3803,15720305,Power,591,Espagne,Femme,40.0,1,43188.145,1,Non,Oui,68383.58,Oui
3804,15785326,Randall,639,Espagne,Femme,35.0,5,68263.13,2,Oui,Non,29826.515,Non
3805,15606901,Graham,728,France,Homme,43.0,7,0.0,2,Oui,Non,20011.85,Non
3806,15654733,Hsieh,794,Allemagne,Homme,57.0,3,58528.23,1,Oui,Non,46668.465,Oui
3807,15662658,Grieve,651,Allemagne,Homme,34.0,2,45177.56,2,Non,Non,96798.97,Non
3808,15684181,Hackett,643,France,Homme,45.0,5,0.0,1,Oui,Non,71256.75,Oui
3809,15778368,Allan,552,Allemagne,Homme,50.0,4,60587.78,1,Oui,Non,58752.535,Oui
3810,15665110,Helena,515,France,Femme,25.0,7,39771.795,1,Non,Oui,19386.41,Non
3811,15682995,Azuka,600,France,Femme,32.0,1,39267.625,1,Oui,Non,32174.8,Non
3812,15717498,Boni,775,France,Homme,42.0,6,66985.11,2,Non,Oui,93919.95,Non
3813,15570134,Padovano,683,,Femme,,6,93765.33,2,Oui,Oui,18988.18,Non
3814,15685476,Tseng,658,France,Homme,31.0,5,50041.07,1,Non,Oui,24904.94,Non
3815,15612966,Milani,545,Allemagne,Femme,60.0,7,64490.535,1,Non,Oui,88462.105,Oui
3816,15756305,Marchesi,515,France,Femme,66.0,6,0.0,2,Oui,Oui,80331.555,Non
3817,15762615,Campbell,597,Espagne,Femme,40.0,8,50996.56,1,Non,Oui,47387.06,Non
3818,15810711,Marcum,684,Allemagne,Homme,37.0,4,69238.205,2,Oui,Oui,26183.645,Non
3819,15638610,Kennedy,635,Allemagne,Femme,65.0,5,58662.77,1,Oui,Non,77899.93,Oui
3820,15588670,Despeissis,705,Espagne,Femme,40.0,5,101857.575,1,Oui,Non,89989.34,Oui
3821,15724924,Giordano,589,France,Femme,37.0,6,69248.92,1,Non,Oui,9494.29,Non
3822,15681887,Eskridge,758,Allemagne,Homme,33.0,0,64571.27,2,Oui,Oui,13303.14,Non
3823,15738219,Nash,632,France,Femme,36.0,7,0.0,2,Oui,Oui,,Non
3824,15803479,Winter-Irving,708,France,Femme,67.0,1,0.0,2,Non,Oui,1918.54,Non
3825,15573854,Chukwujekwu,727,France,Homme,62.0,5,0.0,2,Non,Oui,19326.48,Non
3826,15639252,Shao,603,Espagne,Homme,30.0,6,64774.25,2,Oui,Oui,9641.425,Non
3827,15659694,Wallis,634,Allemagne,Femme,53.0,3,56890.75,2,Oui,Oui,53172.525,Oui
3828,15619892,Page,644,Espagne,Homme,18.0,8,0.0,2,Oui,Non,29586.21,Non
3829,15656176,Jenkins,501,France,Homme,57.0,10,0.0,2,Oui,Oui,23923.595,Non
3830,15640789,Butler,711,France,Homme,38.0,4,61672.925,1,Oui,Non,,Non
3831,15766906,Salier,742,France,Femme,25.0,4,66058.065,2,Oui,Non,64966.75,Non
3832,15705544,Ma,633,France,Homme,61.0,3,78600.74,1,Non,Oui,25184.315,Non
3833,15604295,Wei,543,France,Homme,36.0,6,0.0,2,Oui,Non,88364.14,Non
3834,15595440,Kryukova,508,France,Homme,49.0,7,61225.73,2,Oui,Oui,37904.05,Non
3835,15610653,Belov,733,Espagne,Femme,,5,0.0,2,Oui,Oui,635.755,Non
3836,15603550,Longo,588,Allemagne,Femme,37.0,7,35129.44,2,Oui,Non,69803.805,Non
3837,15574352,Clogstoun,850,France,Homme,43.0,4,80628.265,1,Oui,Oui,70035.785,Non
3838,15679884,Hs?eh,544,France,Homme,48.0,10,39157.315,3,Oui,Oui,51856.965,Oui
3839,15643294,Robinson,703,France,Femme,33.0,8,95283.325,1,Oui,Oui,39998.57,Non
3840,15643574,Odinakachukwu,682,France,Homme,26.0,8,0.0,2,Oui,Non,89186.715,Non
3841,15658693,Aksyonova,827,France,Femme,60.0,2,0.0,2,Non,Oui,30307.915,Non
3842,15767129,Munz,452,France,Femme,60.0,6,60865.245,1,Oui,Oui,71481.645,Non
3843,15756056,Ku,561,Espagne,Femme,28.0,3,0.0,2,Oui,Non,95693.88,Non
3844,15666559,Gould,608,Allemagne,Homme,23.0,8,98857.965,2,Oui,Oui,58062.14,Non
3845,15606849,Blackall,698,France,Femme,27.0,1,47460.355,1,Oui,Oui,20169.95,Non
3846,15697035,Garrett,740,Espagne,Femme,31.0,8,0.0,2,Non,Non,43328.74,Non
3847,15721307,Pickering,694,Allemagne,Homme,37.0,1,47834.41,2,Oui,Non,50167.775,Non
3848,15619436,Pan,700,France,Femme,32.0,3,0.0,1,Non,Non,47870.185,Non
3849,15726945,Andreev,677,France,Femme,72.0,8,0.0,2,Oui,Oui,76802.22,Non
3850,15719793,Watson,850,Espagne,Homme,62.0,5,0.0,2,Oui,Oui,90121.78,Non
3851,15696061,Brownless,581,Allemagne,Femme,34.0,1,50816.52,1,Oui,Non,55215.755,Non
3852,15677062,Howe,666,France,Femme,38.0,6,63521.545,1,Oui,Oui,4123.5,Non
3853,15719352,Davidson,754,Espagne,Homme,39.0,6,85092.495,2,Oui,Non,44796.63,Non
3854,15759381,Johnson,617,Espagne,Homme,61.0,7,45535.215,1,Oui,Oui,50919.885,Non
3855,15768072,Mitchell,688,Espagne,Femme,33.0,2,0.0,1,Non,Non,13778.59,Oui
3856,15588923,Murphy,591,France,Femme,33.0,4,56871.685,1,Oui,Non,62312.54,Non
3857,15715394,Greece,613,Espagne,Homme,35.0,4,61778.825,2,Non,Oui,85451.7,Non
3858,15662100,Hsu,850,Allemagne,Femme,44.0,5,64302.66,1,Non,Oui,85548.1,Non
3859,15801188,Milliner,774,France,Femme,47.0,6,47361.44,1,Non,Oui,30725.48,Non
3860,15785865,Mazzanti,711,France,Homme,58.0,9,45642.565,2,Oui,Oui,13383.925,Non
3861,15590234,De Luca,697,France,Femme,42.0,1,0.0,1,Oui,Non,631.415,Oui
3862,15746012,Chibugo,729,Espagne,Femme,28.0,0,0.0,2,Oui,Oui,15582.53,Oui
3863,15636444,Craig,535,Allemagne,Femme,53.0,5,70808.275,2,Oui,Oui,37944.325,Non
3864,15746749,Fleming,681,Espagne,Femme,32.0,3,0.0,2,Oui,Oui,29839.95,Non
3865,15735719,Babbage,790,France,Femme,40.0,9,0.0,2,Oui,Oui,35303.55,Non
3866,15694366,Hou,714,Allemagne,Homme,42.0,2,88820.045,1,Non,Oui,23583.275,Non
3867,15720508,Hsing,735,France,Homme,31.0,3,59779.175,1,Non,Non,,Non
3868,15651460,Hsieh,424,,Homme,34.0,7,0.0,1,Oui,Oui,8125.305,Non
3869,15585198,Bergamaschi,715,France,Homme,41.0,4,47133.95,1,Non,Oui,76410.56,Oui
3870,15728362,Robertson,671,France,Femme,29.0,3,0.0,2,Oui,Non,79021.555,Non
3871,15669589,Page,491,Allemagne,Femme,,1,47519.56,1,Non,Oui,58235.57,Oui
3872,15693926,Pan,670,Espagne,Homme,,0,89371.355,1,Oui,Oui,97246.785,Non
3873,15715709,Shih,696,Allemagne,Homme,43.0,4,57045.69,1,Non,Oui,79944.05,Non
3874,15715622,To Rot,583,France,Femme,57.0,3,119193.78,1,Non,Oui,73982.495,Oui
3875,15644179,Allen,606,France,Femme,39.0,3,0.0,2,Oui,Non,,Oui
3876,15682435,P'eng,600,France,Homme,35.0,4,71872.385,2,Oui,Non,52038.255,Non
3877,15719348,Tsao,513,France,Homme,35.0,8,0.0,1,Oui,Non,38320.145,Oui
3878,15812850,Stradford,494,Espagne,Homme,67.0,5,0.0,2,Oui,Oui,42945.08,Non
3879,15628886,Matlock,677,Espagne,Homme,56.0,5,61979.985,1,Oui,Oui,30295.36,Oui
3880,15796114,Phelps,594,France,Femme,34.0,7,70762.775,1,Non,Non,4721.575,Non
3881,15754599,K'ung,765,France,Homme,42.0,4,61655.695,2,Oui,Oui,41434.17,Non
3882,15803633,T'ien,678,France,Femme,46.0,1,0.0,2,Non,Non,41053.095,Non
3883,15664001,Riddle,695,Allemagne,Femme,53.0,8,47615.955,1,Non,Non,35070.4,Oui
3884,15677538,Nwokike,569,France,Homme,38.0,7,0.0,1,Oui,Oui,54234.6,Non
3885,15596552,Stephens,535,Allemagne,Homme,48.0,5,67271.365,1,Oui,Oui,29101.835,Oui
3886,15654000,Algarin,705,France,Femme,35.0,5,0.0,1,Oui,Non,66995.555,Oui
3887,15672966,Cross,682,Espagne,Femme,64.0,9,0.0,2,Oui,Oui,51659.22,Non
3888,15687162,Clayton,461,France,Homme,51.0,9,59944.92,1,Non,Non,28383.835,Oui
3889,15658982,Napolitani,650,Allemagne,Femme,28.0,5,61017.2,3,Non,Oui,73331.715,Oui
3890,15733888,Sells,668,Espagne,Femme,36.0,3,66843.26,1,Oui,Non,95479.24,Oui
3891,15777452,Sauve,587,France,Femme,,6,44410.145,1,Non,Non,35112.17,Non
3892,15688689,Esposito,678,Allemagne,Femme,37.0,8,74500.455,2,Oui,Oui,10736.21,Non
3893,15701096,De Garis,778,France,Homme,44.0,8,61931.82,1,Oui,Non,72247.47,Non
3894,15695475,Maclean,645,France,Homme,,1,65065.54,2,Non,Oui,98237.175,Non
3895,15607314,Chiefo,536,Espagne,Homme,53.0,2,71961.98,1,Oui,Non,1009.89,Oui
3896,15609011,Barry,480,Espagne,Homme,47.0,8,37704.165,1,Oui,Non,12943.945,Oui
3897,15765812,Trevisani,587,Espagne,Homme,48.0,1,0.0,2,Oui,Oui,4454.0,Non
3898,15800366,Walton,546,France,Homme,29.0,5,0.0,1,Oui,Oui,47411.975,Non
3899,15614103,Colombo,850,Allemagne,Homme,42.0,8,59919.845,1,Non,Oui,25508.01,Oui
3900,15582847,Yermakova,662,France,Homme,26.0,0,0.0,2,Non,Oui,36464.98,Non
3901,15653952,T'an,581,Allemagne,Femme,38.0,3,67578.525,1,Oui,Oui,16459.71,Non
3902,15679801,Hsueh,712,Espagne,Femme,39.0,5,81548.775,2,Oui,Oui,11851.21,Non
3903,15808674,Ejikemeifeuwa,616,Allemagne,Femme,45.0,6,64176.295,3,Oui,Oui,72000.295,Oui
3904,15620579,Dunn,695,Espagne,Femme,31.0,8,0.0,2,Non,Oui,65822.205,Non
3905,15623536,Madukwe,646,Allemagne,Homme,39.0,0,77219.93,1,Oui,Non,85759.53,Non
3906,15624715,Ma,593,Espagne,Femme,40.0,2,0.0,1,Oui,Oui,2597.475,Non
3907,15609545,Azubuike,548,France,Homme,29.0,5,41721.49,1,Non,Oui,88508.695,Non
3908,15663446,Volkova,792,,Femme,29.0,4,53800.895,1,Oui,Non,9461.09,Oui
3909,15583668,Ludowici,726,France,Femme,42.0,2,54735.895,1,Non,Oui,87580.525,Non
3910,15762682,Mitchell,709,,Femme,35.0,1,55913.635,2,Oui,Non,6337.34,Non
3911,15736760,Douglas,538,Espagne,Femme,42.0,9,0.0,1,Non,Non,76427.98,Non
3912,15718289,Bradley,553,Allemagne,Homme,46.0,3,41145.55,1,Oui,Non,56274.995,Oui
3913,15734999,Stephenson,634,Espagne,Homme,,2,42998.095,1,Oui,Non,7943.84,Non
3914,15799790,Carter,763,France,Homme,35.0,9,0.0,1,Oui,Oui,15686.455,Non
3915,15695585,Atkins,788,Espagne,Homme,34.0,6,78239.31,1,Non,Oui,,Non
3916,15623499,Holman,548,Allemagne,Homme,49.0,9,54218.945,1,Non,Non,63511.435,Oui
3917,15570533,Conti,621,Allemagne,Femme,55.0,7,65516.88,1,Non,Oui,37842.795,Oui
3918,15658339,Pugliesi,795,Allemagne,Homme,37.0,2,69632.815,2,Oui,Oui,99372.97,Non
3919,15641285,Yusupova,621,Espagne,Homme,50.0,3,81542.895,1,Non,Oui,65524.18,Non
3920,15687421,Highland,559,Espagne,Homme,67.0,9,62959.675,1,Oui,Non,87955.475,Oui
3921,15573318,Kung,610,France,Homme,26.0,8,0.0,2,Oui,Non,83015.54,Non
3922,15810829,Macfarlan,618,France,Homme,48.0,7,0.0,1,Oui,Non,6960.91,Oui
3923,15736879,Obinna,669,France,Homme,23.0,1,0.0,2,Non,Non,33044.415,Non
3924,15701176,Brown,663,France,Homme,26.0,5,70731.065,1,Oui,Non,220.1,Non
3925,15805671,Louis,648,France,Homme,32.0,0,0.0,1,Non,Oui,58661.655,Non
3926,15725311,Hay,726,France,Femme,31.0,9,57361.025,2,Oui,Oui,,Non
3927,15778192,Nkemdilim,628,Espagne,Homme,28.0,4,0.0,2,Oui,Oui,88375.405,Non
3928,15799031,Ayers,523,France,Homme,39.0,3,0.0,2,Oui,Non,3363.265,Non
3929,15785869,Pisano,718,France,Femme,25.0,7,0.0,2,Oui,Non,15190.06,Non
3930,15814772,Adams,645,Allemagne,Homme,49.0,4,80066.94,1,Non,Oui,44195.985,Non
3931,15578098,Jamieson,600,France,Homme,31.0,8,0.0,2,Oui,Oui,60777.755,Non
3932,15774192,Miller,539,Allemagne,Femme,38.0,8,52717.87,1,Non,Non,40287.72,Oui
3933,15754926,Lucchesi,512,France,Femme,30.0,6,0.0,2,Oui,Non,44413.655,Non
3934,15567506,Cheatham,738,Allemagne,Femme,40.0,6,57470.335,2,Oui,Oui,97447.785,Oui
3935,15701364,Doherty,724,France,Homme,30.0,10,0.0,2,Oui,Oui,27132.775,Non
3936,15566891,Kinder,584,Allemagne,Femme,41.0,3,44297.465,1,Oui,Non,89498.945,Non
3937,15690337,Chinwenma,581,France,Femme,27.0,5,51129.055,2,Oui,Non,97340.8,Non
3938,15728917,Gill,598,France,Homme,48.0,6,60341.265,1,Oui,Non,15317.76,Oui
3939,15767264,Lawson,465,Allemagne,Homme,53.0,1,58719.085,1,Non,Non,37449.4,Oui
3940,15623220,Brown,723,Espagne,Femme,45.0,4,0.0,2,Oui,Non,18607.195,Non
3941,15570004,Tsou,850,France,Homme,31.0,3,0.0,2,Oui,Non,60933.435,Non
3942,15621423,Lavrentyev,736,France,Femme,42.0,7,58640.115,3,Non,Non,,Oui
3943,15622527,Holloway,581,France,Femme,55.0,6,0.0,1,Oui,Oui,11221.065,Non
3944,15677243,Wan,538,Espagne,Homme,43.0,5,0.0,2,Oui,Non,63466.865,Non
3945,15587913,Palerma,748,Espagne,Femme,40.0,4,0.0,2,Oui,Non,66184.235,Non
3946,15608726,Miracle,663,France,Homme,24.0,7,0.0,2,Oui,Oui,83155.41,Non
3947,15779481,Swadling,628,France,Homme,34.0,4,79370.715,2,Oui,Oui,63096.27,Non
3948,15593094,Goddard,516,France,Homme,27.0,9,0.0,1,Oui,Non,,Oui
3949,15718839,Tsui,850,Allemagne,Femme,38.0,2,51370.575,2,Non,Oui,11987.425,Non
3950,15596811,Mitchell,667,France,Homme,36.0,8,69876.675,1,Oui,Non,39935.58,Non
3951,15706602,Bates,760,Espagne,Femme,33.0,1,59057.14,2,Non,Oui,,Non
3952,15593943,Chinagorom,685,France,Femme,43.0,1,66333.585,1,Oui,Oui,20938.49,Non
3953,15786617,Arcuri,485,Allemagne,Homme,34.0,3,66829.12,1,Oui,Non,35104.915,Non
3954,15570943,Artemyeva,711,Allemagne,Femme,35.0,2,66803.875,1,Oui,Oui,60293.16,Non
3955,15801767,Yin,784,Espagne,Femme,40.0,8,0.0,2,Oui,Non,54445.65,Non
3956,15654408,Kharitonova,562,Espagne,Homme,41.0,5,82722.52,2,Oui,Non,42893.655,Non
3957,15738318,Kung,800,France,Femme,40.0,5,48882.205,1,Oui,Non,49320.075,Oui
3958,15709737,Hunter,643,France,Homme,36.0,7,80532.32,2,Non,Oui,42147.41,Non
3959,15801473,Moore,599,Allemagne,Homme,33.0,2,25974.975,2,Oui,Non,42522.96,Non
3960,15587013,Tien,653,France,Femme,31.0,7,51287.52,1,Oui,Oui,5521.77,Non
3961,15582714,Napolitani,749,Allemagne,Homme,47.0,9,55011.37,1,Non,Oui,67827.645,Oui
3962,15778897,Cartwright,630,France,Femme,28.0,1,0.0,2,Oui,Oui,66633.89,Non
3963,15656484,Woods,682,France,Homme,40.0,4,0.0,2,Oui,Oui,70372.955,Non
3964,15774510,Tien,714,France,Femme,31.0,4,62584.63,1,Oui,Oui,53318.445,Non
3965,15761606,Law,617,Espagne,Femme,,9,50853.9,1,Oui,Non,61933.14,Non
3966,15647091,Endrizzi,725,Allemagne,Homme,19.0,0,37944.1,1,Non,Non,22806.875,Non
3967,15701687,Campbell,664,Espagne,Homme,44.0,7,38763.33,3,Non,Non,28669.28,Oui
3968,15605375,Tseng,651,France,Homme,35.0,2,43455.9,1,Oui,Non,87047.12,Non
3969,15694946,Hanson,663,France,Homme,35.0,9,0.0,2,Oui,Oui,97790.14,Non
3970,15700772,Nebechi,571,France,Homme,44.0,9,0.0,2,Non,Non,19216.675,Non
3971,15796612,Ch'ang,527,France,Femme,31.0,1,56101.625,1,Oui,Non,91133.005,Non
3972,15572182,Onwuamaeze,505,Allemagne,Femme,33.0,3,53253.385,3,Oui,Non,22722.89,Oui
3973,15641994,Meng,667,Allemagne,Homme,43.0,1,51509.225,1,Oui,Non,16231.195,Oui
3974,15674179,Vorobyova,513,Allemagne,Homme,34.0,7,30257.565,1,Non,Non,,Non
3975,15659194,Mishina,628,France,Homme,30.0,8,44591.045,1,Oui,Oui,6563.45,Non
3976,15737267,Marcelo,676,France,Femme,49.0,1,0.0,1,Oui,Non,39671.155,Oui
3977,15694530,Porter,672,France,Homme,28.0,4,83634.49,1,Oui,Oui,84734.65,Non
3978,15800515,Singh,516,France,Homme,35.0,5,64326.795,1,Oui,Non,63779.13,Non
3979,15719017,Donaldson,672,France,Femme,34.0,8,0.0,2,Oui,Oui,8122.625,Non
3980,15735788,Chiagoziem,709,France,Homme,31.0,6,0.0,2,Oui,Oui,35504.92,Non
3981,15652667,Hampton,590,France,Homme,39.0,9,0.0,2,Oui,Oui,52365.26,Non
3982,15723654,Tsao,773,France,Homme,25.0,2,67951.665,1,Oui,Non,36828.19,Non
3983,15767681,Smalley,470,,Homme,34.0,9,0.0,2,Non,Oui,44506.835,Non
3984,15731790,Boyle,697,Allemagne,Femme,38.0,6,66295.68,1,Oui,Oui,3693.9,Oui
3985,15746341,Ejikemeifeuwa,630,France,Homme,40.0,8,0.0,2,Oui,Oui,21247.905,Non
3986,15792650,Watts,382,Espagne,Homme,36.0,0,0.0,1,Oui,Oui,89770.365,Oui
3987,15766166,Folliero,604,Espagne,Homme,43.0,2,72540.86,1,Oui,Oui,11940.81,Non
3988,15598838,Greco,659,France,Femme,37.0,1,75552.84,1,Oui,Oui,70467.285,Non
3989,15633064,Stonebraker,438,France,Femme,36.0,4,0.0,2,Oui,Non,32210.25,Non
3990,15791767,Lucciano,769,France,Femme,26.0,7,0.0,2,Oui,Non,88421.765,Non
3991,15797502,Lord,706,Espagne,Homme,24.0,2,70539.285,1,Oui,Oui,12201.435,Non
3992,15808175,Castiglione,557,France,Femme,39.0,7,24786.365,1,Oui,Non,57643.995,Oui
3993,15602572,Hsing,720,France,Homme,33.0,9,0.0,2,Oui,Oui,71478.24,Non
3994,15620557,Ni,561,Espagne,Homme,37.0,4,50735.145,1,Non,Oui,44419.07,Non
3995,15626156,Galloway,655,France,Femme,60.0,3,0.0,2,Oui,Oui,43490.725,Non
3996,15729201,Harewood,682,France,Homme,55.0,9,0.0,1,Oui,Non,,Oui
3997,15613880,Higinbotham,591,Espagne,Homme,58.0,5,64234.345,1,Non,Oui,68627.275,Non
3998,15799384,Collier,683,France,Homme,33.0,8,0.0,1,Non,Non,36782.22,Non
3999,15621644,Lombardi,678,Allemagne,Homme,83.0,6,61678.315,1,Non,Oui,46467.205,Non
4000,15799357,Armfield,727,France,Homme,35.0,5,68182.23,1,Non,Non,71377.355,Non
4001,15736778,Adams,807,Allemagne,Femme,60.0,1,36474.29,2,Oui,Oui,8677.68,Non
4002,15680587,Esposito,834,France,Homme,23.0,4,65627.405,1,Oui,Non,10099.65,Non
4003,15617705,Ozioma,609,France,Femme,39.0,8,70837.615,1,Non,Oui,87832.125,Non
4004,15682268,Steere,676,Allemagne,Femme,26.0,1,54174.33,1,Non,Non,30115.87,Oui
4005,15578980,Piazza,516,Espagne,Femme,33.0,3,0.0,2,Oui,Oui,29342.795,Non
4006,15707114,Holder,831,France,Homme,30.0,2,0.0,2,Non,Oui,1715.19,Non
4007,15580912,McNeill,748,France,Homme,,5,77368.94,2,Oui,Oui,86319.065,Non
4008,15792986,T'ao,580,Allemagne,Homme,24.0,1,66905.89,1,Oui,Non,8592.975,Oui
4009,15603454,Sanders,735,Allemagne,Homme,28.0,5,80227.075,2,Non,Oui,57478.61,Non
4010,15659651,Ross,531,Allemagne,Femme,31.0,7,58526.41,1,Oui,Non,59254.045,Oui
4011,15755018,Dickinson,568,Allemagne,Femme,26.0,10,54909.58,2,Oui,Non,77245.695,Non
4012,15614687,Tien,677,Allemagne,Femme,44.0,4,74385.305,2,Oui,Oui,95528.88,Non
4013,15612633,Kao,581,Espagne,Homme,43.0,9,39011.305,1,Non,Oui,15331.455,Non
4014,15697702,Lord,730,Espagne,Homme,,2,0.0,2,Oui,Non,7087.045,Non
4015,15683168,Frederickson,572,France,Femme,30.0,6,0.0,1,Non,Oui,87512.635,Non
4016,15649121,Pinto,665,France,Homme,52.0,3,0.0,1,Oui,Non,58068.505,Oui
4017,15624428,Longo,651,Allemagne,Femme,24.0,7,20112.35,1,Oui,Oui,89170.665,Non
4018,15574004,Mancini,429,France,Femme,27.0,6,58653.72,2,Oui,Oui,12010.245,Non
4019,15667944,Onuchukwu,679,France,Homme,39.0,0,43421.805,1,Non,Oui,79915.29,Non
4020,15739168,Fowler,511,France,Femme,31.0,5,68705.645,1,Non,Oui,80927.49,Non
4021,15800773,Ikenna,648,Espagne,Femme,28.0,9,51141.305,1,Oui,Oui,78945.555,Non
4022,15662263,Castillo,749,Allemagne,Homme,22.0,4,47381.08,2,Oui,Oui,21120.77,Non
4023,15751208,Pirozzi,684,Espagne,Homme,56.0,8,39353.58,1,Oui,Oui,49699.18,Non
4024,15626900,Kung,427,France,Homme,29.0,1,70662.78,1,Oui,Oui,46919.65,Non
4025,15698758,Onwuamaegbu,630,Espagne,Femme,31.0,1,0.0,2,Oui,Oui,84901.365,Non
4026,15582259,Campbell,567,France,Femme,37.0,7,0.0,2,Oui,Oui,14345.45,Non
4027,15631201,Hill,472,Espagne,Femme,28.0,4,0.0,2,Oui,Non,900.885,Non
4028,15663933,Jamieson,625,Allemagne,Femme,35.0,5,43073.73,2,Oui,Non,81720.4,Oui
4029,15643903,Yao,619,France,Homme,27.0,1,77241.99,1,Oui,Non,78197.37,Non
4030,15593555,Chinedum,430,,Homme,38.0,9,0.0,2,Oui,Oui,6025.385,Non
4031,15572735,Chang,433,Espagne,Homme,27.0,2,0.0,2,Oui,Oui,76849.325,Non
4032,15592854,Garcia,705,France,Homme,25.0,3,56868.135,1,Non,Oui,98432.305,Non
4033,15738751,Beit,493,France,Femme,46.0,4,0.0,2,Oui,Non,953.83,Non
4034,15568326,Kenenna,637,France,Femme,44.0,2,0.0,2,Oui,Non,74832.825,Non
4035,15566211,Hsu,616,Allemagne,Femme,41.0,1,51780.285,1,Oui,Non,118.225,Oui
4036,15624633,Kibby,702,France,Homme,45.0,9,37494.79,1,Oui,Oui,85507.345,Non
4037,15604314,Webb,703,Allemagne,Femme,26.0,1,48665.595,1,Oui,Non,31858.745,Non
4038,15799910,Martin,793,France,Homme,32.0,2,0.0,2,Oui,Non,96908.815,Oui
4039,15747867,Trevisani,583,France,Homme,24.0,9,67562.64,1,Non,Non,44900.95,Non
4040,15692443,Piccio,612,Espagne,Homme,33.0,5,34739.285,1,Oui,Non,4486.835,Oui
4041,15659843,Li,643,France,Femme,46.0,6,0.0,2,Non,Non,53390.795,Non
4042,15791925,Palermo,751,France,Homme,29.0,10,73868.815,1,Non,Oui,47475.635,Non
4043,15599869,Dyson,728,Espagne,Femme,,1,0.0,1,Oui,Oui,41528.11,Non
4044,15780212,Mao,592,France,Homme,37.0,4,106346.485,1,Non,Non,88197.51,Non
4045,15588701,Lai,592,France,Femme,,4,0.0,2,Oui,Non,17669.48,Non
4046,15717643,Band,728,France,Femme,34.0,6,45212.575,2,Oui,Oui,5798.845,Non
4047,15621353,Hudson,645,Espagne,Femme,37.0,7,0.0,2,Oui,Non,6794.965,Non
4048,15697391,Argyle,604,Espagne,Femme,34.0,3,0.0,2,Oui,Non,19293.85,Non
4049,15620276,Palermo,539,Espagne,Homme,36.0,6,0.0,3,Oui,Oui,59479.82,Non
4050,15590241,Chuang,750,Espagne,Femme,34.0,9,56411.13,1,Non,Non,75200.765,Oui
4051,15581036,Beyer,712,Allemagne,Femme,40.0,3,54654.395,2,Oui,Non,60079.36,Oui
4052,15665064,Harvey,523,France,Homme,36.0,8,79175.51,2,Oui,Non,77652.265,Non
4053,15599956,Payne,747,France,Homme,27.0,10,0.0,2,Non,Non,6503.945,Non
4054,15792862,Blinova,653,Allemagne,Homme,41.0,1,52292.055,1,Oui,Non,7563.16,Oui
4055,15757434,Yang,599,France,Homme,28.0,7,59853.11,1,Non,Non,15595.21,Non
4056,15735222,Ignatieff,705,Espagne,Femme,23.0,5,0.0,2,Oui,Oui,36565.865,Non
4057,15641629,P'eng,537,Espagne,Femme,38.0,1,0.0,2,Non,Oui,20616.985,Non
4058,15731755,Hull,680,France,Homme,49.0,10,0.0,2,Oui,Non,93504.225,Non
4059,15645355,Macleod,677,Allemagne,Homme,34.0,3,63364.705,1,Oui,Oui,13053.195,Oui
4060,15789339,Yen,681,France,Homme,59.0,4,61390.755,1,Non,Oui,70083.475,Non
4061,15647266,Y?an,651,Espagne,Femme,45.0,10,67961.58,1,Oui,Non,9366.42,Non
4062,15777436,Murray,710,Espagne,Femme,31.0,5,0.0,2,Oui,Non,4780.865,Non
4063,15764419,Langdon,730,France,Homme,27.0,5,0.0,2,Oui,Oui,58040.965,Non
4064,15777576,Frost,559,Espagne,Femme,40.0,5,69564.72,1,Non,Oui,16317.77,Non
4065,15612931,Korovin,722,Espagne,Femme,50.0,4,66044.295,1,Oui,Oui,,Non
4066,15700540,Barrera,557,Allemagne,Femme,38.0,2,64946.78,1,Non,Non,51038.015,Non
4067,15771409,McGregor,586,France,Homme,58.0,7,75966.815,1,Oui,Non,81480.025,Oui
4068,15635597,Echezonachukwu,644,France,Homme,33.0,8,0.0,2,Oui,Oui,77647.085,Non
4069,15670602,Burgess,790,Allemagne,Homme,24.0,7,53709.135,1,Non,Oui,80225.105,Non
4070,15651264,Yobanna,850,Allemagne,Homme,51.0,4,62212.995,1,Non,Non,59272.745,Oui
4071,15783501,Findlay,800,France,Femme,38.0,2,84095.165,2,Oui,Non,34026.04,Non
4072,15761024,Long,619,France,Femme,33.0,2,83866.755,2,Oui,Oui,32611.24,Non
4073,15624995,McCane,714,Espagne,Femme,31.0,6,76463.3,1,Oui,Oui,25449.955,Non
4074,15771543,Tu,507,Allemagne,Homme,31.0,2,67118.535,1,Oui,Oui,,Oui
4075,15791988,Chinomso,670,France,Homme,68.0,4,0.0,2,Oui,Oui,5713.35,Non
4076,15762855,Hill,622,Espagne,Femme,23.0,8,0.0,2,Oui,Oui,65694.695,Non
4077,15781914,Simmons,718,Allemagne,Homme,32.0,9,84973.705,2,Oui,Oui,13989.58,Non
4078,15760090,Pisano,640,France,Homme,28.0,7,0.0,2,Oui,Oui,65548.95,Non
4079,15754874,Nwoye,700,France,Homme,26.0,4,59504.785,1,Oui,Non,70963.215,Non
4080,15768816,Shen,570,Allemagne,Homme,42.0,0,53928.285,2,Oui,Non,63764.42,Non
4081,15588560,Nwabugwu,569,Allemagne,Femme,32.0,8,72665.215,1,Oui,Oui,66019.325,Non
4082,15808621,Mordvinova,659,Allemagne,Homme,36.0,2,38095.24,2,Oui,Oui,74533.07,Non
4083,15763747,Ricci,732,France,Homme,,7,0.0,2,Oui,Oui,30415.12,Non
4084,15642530,Coates,706,Allemagne,Femme,47.0,10,72045.21,1,Oui,Non,70469.475,Oui
4085,15712409,Tang,749,Allemagne,Homme,66.0,6,91266.115,2,Oui,Oui,97714.96,Non
4086,15707322,Nnamdi,779,France,Femme,48.0,2,57645.135,1,Non,Non,49456.345,Oui
4087,15688074,Gregory,802,Allemagne,Homme,31.0,1,62506.86,1,Oui,Oui,93829.045,Non
4088,15760749,Vinogradov,509,Espagne,Homme,41.0,7,63341.9,1,Non,Oui,57387.765,Non
4089,15623489,Tu,543,France,Femme,67.0,0,64421.835,1,Oui,Oui,67306.24,Non
4090,15612030,Udegbulam,724,France,Homme,28.0,9,0.0,2,Oui,Oui,50120.1,Non
4091,15796721,Nnamutaezinwa,778,France,Homme,38.0,3,72509.245,2,Oui,Oui,63351.205,Non
4092,15641688,Collier,644,Espagne,Homme,18.0,7,0.0,1,Non,Oui,29822.62,Oui
4093,15744622,Osorio,822,France,Homme,32.0,8,58179.0,1,Oui,Non,54399.18,Non
4094,15737705,Avdeyeva,775,France,Femme,27.0,4,76154.685,1,Oui,Non,52056.0,Non
4095,15781347,Okagbue,600,France,Femme,41.0,1,0.0,2,Oui,Oui,45596.825,Non
4096,15763907,Watts,820,France,Femme,39.0,1,52307.145,1,Oui,Non,30769.215,Oui
4097,15607691,Gibson,658,France,Homme,36.0,8,87030.23,1,Oui,Oui,47462.81,Non
4098,15638646,Lucchese,669,France,Femme,43.0,1,80237.295,1,Oui,Oui,47981.57,Non
4099,15585865,Westerberg,673,France,Femme,,2,85030.96,2,Non,Non,67450.67,Oui
4100,15666012,Rippey,603,France,Homme,40.0,4,51416.73,2,Oui,Oui,19414.555,Non
4101,15705890,Nebechukwu,674,France,Homme,,7,71036.01,1,Oui,Non,18506.645,Non
4102,15598892,Bradshaw,828,France,Homme,30.0,4,36535.09,2,Non,Non,80835.575,Non
4103,15742504,Azuka,593,France,Homme,36.0,2,35090.74,2,Oui,Non,40304.06,Non
4104,15678210,Robson,684,France,Homme,38.0,5,52534.99,2,Oui,Oui,99177.64,Non
4105,15664150,Holland,528,Allemagne,Femme,29.0,9,85107.115,2,Oui,Non,24642.0,Non
4106,15633537,Nolan,540,Allemagne,Femme,42.0,9,43635.705,2,Oui,Non,86286.32,Non
4107,15725811,Lim,705,France,Homme,25.0,0,48772.145,1,Non,Oui,29943.575,Non
4108,15604130,Johnstone,622,Espagne,Femme,47.0,6,71159.515,1,Non,Non,50091.525,Non
4109,15739248,Lin,727,France,Homme,52.0,4,0.0,2,Oui,Oui,59214.51,Non
4110,15765266,Fleming,615,France,Homme,32.0,1,0.0,2,Non,Non,1069.625,Non
4111,15785078,Fomin,730,Espagne,Homme,26.0,3,0.0,1,Oui,Non,17271.205,Non
4112,15782630,Genovese,543,France,Homme,35.0,5,68741.095,1,Non,Non,31194.675,Non
4113,15812497,D'Albertis,654,Allemagne,Homme,37.0,5,56073.06,1,Oui,Non,,Non
4114,15725478,McClemans,775,France,Homme,60.0,7,0.0,2,Oui,Oui,55779.35,Non
4115,15810995,Wright,526,Allemagne,Homme,34.0,3,61363.28,1,Oui,Oui,23386.18,Non
4116,15694408,Lung,749,France,Homme,40.0,1,69645.205,1,Oui,Non,91427.71,Oui
4117,15591357,Cowger,765,France,Homme,51.0,3,61686.15,1,Oui,Oui,57714.66,Non
4118,15775306,Ni,421,Allemagne,Homme,28.0,8,61192.11,3,Oui,Oui,44508.69,Oui
4119,15806420,Jenks,772,France,Homme,34.0,9,0.0,2,Oui,Non,85490.43,Non
4120,15641389,Shen,659,Allemagne,Homme,48.0,4,61796.61,2,Oui,Non,41234.53,Oui
4121,15748856,Liang,664,,Homme,32.0,10,53604.865,1,Oui,Oui,56170.1,Non
4122,15750808,Ma,790,Espagne,Homme,46.0,2,65682.685,2,Oui,Oui,90145.34,Non
4123,15688984,Belonwu,595,France,Homme,20.0,4,47915.215,1,Oui,Non,88869.49,Non
4124,15717010,Yu,741,France,Femme,60.0,5,0.0,1,Oui,Oui,19457.255,Non
4125,15585835,Lord,655,Espagne,Femme,34.0,4,54891.845,2,Oui,Non,67017.16,Non
4126,15740264,Yobachi,640,France,Homme,38.0,9,0.0,2,Oui,Non,,Non
4127,15757306,Miller,738,Espagne,Homme,49.0,3,0.0,3,Oui,Oui,32533.24,Oui
4128,15750776,Genovese,850,France,Femme,36.0,0,82425.27,1,Oui,Oui,31361.22,Non
4129,15768293,Sun,614,France,Homme,51.0,3,0.0,2,Oui,Oui,2776.185,Non
4130,15576745,Fyodorov,769,France,Homme,48.0,2,48271.08,2,Non,Oui,98942.86,Non
4131,15676242,Artemova,632,Espagne,Homme,31.0,3,68278.22,1,Oui,Non,41076.415,Oui
4132,15726588,Seleznev,653,Espagne,Femme,36.0,3,0.0,2,Non,Non,55262.8,Non
4133,15571144,Ives,655,France,Homme,28.0,10,0.0,2,Non,Oui,,Non
4134,15624180,Genovesi,584,Allemagne,Femme,37.0,10,67085.9,4,Oui,Oui,35463.555,Oui
4135,15603683,Ofodile,796,Espagne,Femme,23.0,3,73292.095,2,Non,Non,62722.9,Non
4136,15591822,Mackenzie,593,Espagne,Homme,26.0,9,38113.45,1,Oui,Non,83782.41,Non
4137,15744914,Moore,539,Allemagne,Homme,42.0,1,88864.275,1,Oui,Non,52506.815,Non
4138,15800412,Dale,458,Allemagne,Homme,35.0,9,73390.26,2,Oui,Oui,1738.19,Non
4139,15641091,Onyemauchechukwu,695,France,Femme,31.0,5,53044.6,1,Non,Non,49768.84,Non
4140,15700460,Allnutt,530,France,Femme,55.0,4,60452.515,1,Non,Oui,61737.94,Oui
4141,15797204,Paling,655,Espagne,Femme,,3,56905.925,2,Non,Oui,38422.115,Non
4142,15652948,Yen,738,France,Homme,33.0,4,46338.15,1,Oui,Non,52908.815,Non
4143,15593014,Evseyev,525,France,Homme,33.0,1,56416.675,1,Non,Oui,87589.28,Non
4144,15654772,Kwemto,640,France,Femme,47.0,6,44899.73,2,Non,Oui,6891.885,Oui
4145,15749482,Zack,772,Espagne,Homme,30.0,4,39326.525,1,Oui,Non,895.24,Non
4146,15788676,Riley,539,Espagne,Homme,38.0,8,35730.335,2,Oui,Oui,5037.025,Non
4147,15644621,Mironova,597,Allemagne,Femme,40.0,9,53378.005,2,Oui,Non,75583.97,Non
4148,15684198,McDonald,551,France,Femme,38.0,10,0.0,2,Oui,Oui,108.135,Non
4149,15710397,Lin,584,France,Homme,26.0,4,0.0,2,Oui,Non,73800.27,Non
4150,15749401,Ko,686,France,Homme,60.0,9,0.0,3,Oui,Oui,37623.105,Oui
4151,15663987,Wright,723,Espagne,Homme,30.0,1,0.0,3,Oui,Non,82323.86,Oui
4152,15591512,Whittaker,564,Allemagne,Femme,33.0,2,57880.755,1,Non,Oui,56175.105,Oui
4153,15585888,Nwokezuike,553,Espagne,Femme,48.0,3,0.0,1,Non,Oui,15365.475,Oui
4154,15813140,Taylor,543,Espagne,Homme,41.0,5,0.0,2,Non,Oui,71990.145,Non
4155,15570855,Leonard,670,France,Homme,38.0,7,0.0,2,Oui,Oui,38932.205,Non
4156,15642912,Tu,618,France,Femme,21.0,2,62841.395,1,Non,Non,28881.0,Non
4157,15743245,Agafonova,624,France,Homme,42.0,3,72577.685,1,Oui,Non,36084.975,Oui
4158,15631709,Ginikanwa,470,Espagne,Femme,31.0,2,50837.61,2,Oui,Non,22516.875,Non
4159,15656351,Laidley,414,Espagne,Homme,60.0,3,0.0,2,Oui,Oui,46922.41,Non
4160,15715160,Khan,439,France,Homme,36.0,2,82768.14,2,Oui,Oui,61978.415,Non
4161,15813660,Forlonge,754,Espagne,Homme,40.0,2,80312.585,1,Non,Oui,1777.315,Non
4162,15738828,Milano,730,Allemagne,Homme,45.0,6,76440.485,1,Non,Non,81239.055,Non
4163,15807923,Young,716,Allemagne,Femme,39.0,10,57650.655,1,Oui,Non,21763.7,Oui
4164,15624374,Maclean,703,France,Homme,28.0,9,0.0,2,Non,Oui,1075.585,Non
4165,15695339,Lucchesi,517,Allemagne,Homme,53.0,0,54586.44,1,Oui,Non,27338.05,Oui
4166,15782231,Andrejew,521,France,Homme,38.0,6,0.0,2,Oui,Non,25727.03,Non
4167,15758252,Toscano,561,Allemagne,Femme,45.0,2,84042.69,2,Non,Oui,57859.54,Non
4168,15794360,Hao,592,Allemagne,Femme,70.0,5,35908.37,2,Oui,Non,52548.41,Oui
4169,15614782,Hao,526,France,Homme,36.0,1,0.0,1,Oui,Non,80348.36,Non
4170,15764431,Chinwenma,671,Espagne,Femme,34.0,5,65464.51,4,Oui,Oui,14119.125,Oui
4171,15760446,Pagnotto,598,France,Femme,64.0,9,0.0,1,Non,Oui,6590.685,Oui
4172,15785406,Watts,446,France,Femme,51.0,4,52528.065,1,Non,Non,35306.76,Non
4173,15732963,Clements,722,Espagne,Femme,29.0,9,0.0,2,Oui,Oui,71016.535,Non
4174,15728693,McWilliams,574,Allemagne,Femme,43.0,3,70674.715,1,Oui,Oui,50093.715,Non
4175,15791321,Nwora,682,Espagne,Femme,58.0,4,0.0,1,Oui,Non,88018.005,Non
4176,15639117,Sorenson,624,Espagne,Femme,34.0,6,0.0,1,Oui,Non,291.295,Oui
4177,15662151,Gould,554,France,Homme,40.0,4,0.0,1,Non,Oui,84390.02,Non
4178,15567147,Ratten,802,Espagne,Homme,40.0,4,0.0,2,Oui,Oui,40954.045,Non
4179,15752409,Grant,553,France,Homme,31.0,6,0.0,2,Non,Non,62298.315,Non
4180,15600462,Barwell,542,France,Femme,43.0,8,72809.185,1,Non,Oui,5175.37,Non
4181,15711352,Endrizzi,841,France,Femme,31.0,3,81350.825,2,Oui,Oui,63397.28,Non
4182,15802585,Pisani,634,France,Femme,41.0,8,34106.995,1,Oui,Oui,3191.23,Non
4183,15763065,Palerma,700,Espagne,Femme,40.0,2,0.0,2,Oui,Non,99876.985,Non
4184,15757911,Trevisani,643,Espagne,Femme,32.0,2,0.0,1,Non,Non,65650.87,Non
4185,15571261,Toscani,714,Allemagne,Femme,35.0,6,63038.715,2,Oui,Oui,26977.12,Non
4186,15650751,Butler,585,,Femme,30.0,6,0.0,2,Oui,Oui,68878.845,Non
4187,15719265,Feng,589,France,Homme,46.0,9,0.0,2,Oui,Non,,Non
4188,15713374,Jarvis,689,Allemagne,Homme,67.0,9,78547.39,1,Oui,Oui,49745.005,Non
4189,15714789,Perez,664,France,Homme,24.0,7,0.0,1,Non,Oui,17805.675,Non
4190,15672894,McCawley,625,France,Femme,36.0,8,64972.195,2,Non,Non,99457.4,Non
4191,15667134,Cisneros,446,France,Homme,32.0,8,0.0,2,Non,Non,66646.47,Non
4192,15750569,Iweobiegbunam,684,Allemagne,Femme,46.0,3,51477.57,2,Oui,Non,77068.665,Non
4193,15733247,Stevenson,850,France,Homme,33.0,10,0.0,1,Oui,Non,2430.86,Oui
4194,15581893,Ginikanwa,747,France,Homme,43.0,1,65394.355,1,Non,Oui,50747.5,Oui
4195,15794273,Hand,604,France,Femme,56.0,0,31366.325,1,Non,Oui,62477.28,Non
4196,15651802,Day,632,Espagne,Femme,39.0,5,48927.185,2,Oui,Non,46768.19,Non
4197,15704378,Calabrese,655,Allemagne,Homme,37.0,9,60671.12,1,Oui,Oui,90120.72,Non
4198,15573926,Lung,735,Espagne,Homme,38.0,7,43065.855,2,Non,Non,46739.48,Non
4199,15588450,Chukwudi,633,France,Femme,60.0,8,34682.625,1,Oui,Oui,5144.12,Non
4200,15761506,Russell,615,Espagne,Homme,19.0,5,0.0,2,Oui,Non,79960.46,Non
4201,15738605,Fischer,634,Allemagne,Femme,46.0,5,61821.18,1,Oui,Oui,24862.58,Oui
4202,15594515,Cheng,568,France,Femme,44.0,7,0.0,2,Non,Non,31185.335,Oui
4203,15733447,Gay,562,France,Femme,51.0,1,62331.27,1,Oui,Oui,32695.23,Oui
4204,15652069,Calabrese,833,France,Homme,30.0,1,0.0,2,Oui,Non,70930.31,Non
4205,15743828,Stevens,691,France,Homme,41.0,2,0.0,1,Oui,Oui,28425.46,Oui
4206,15715667,Sorokina,850,France,Femme,32.0,7,0.0,2,Non,Non,77613.5,Non
4207,15716186,Richardson,586,France,Femme,38.0,2,0.0,2,Oui,Non,43584.23,Non
4208,15570908,Harding,687,Espagne,Femme,29.0,7,46808.535,1,Non,Oui,56525.46,Non
4209,15788483,Kerr,719,Espagne,Homme,38.0,0,0.0,1,Oui,Non,63438.235,Non
4210,15690007,Ts'ui,434,Allemagne,Femme,58.0,9,62900.515,2,Oui,Non,30445.9,Oui
4211,15602034,Kolesnikov,697,France,Femme,34.0,2,63279.46,1,Oui,Non,36667.215,Non
4212,15725166,Newton,707,France,Homme,30.0,8,0.0,2,Oui,Non,16579.685,Non
4213,15613172,Sun,628,Allemagne,Homme,27.0,5,47913.245,2,Oui,Non,77998.48,Non
4214,15754342,Green,597,Allemagne,Femme,60.0,0,39269.92,1,Non,Oui,24251.44,Non
4215,15587299,Board,567,France,Femme,48.0,3,0.0,1,Oui,Non,27681.225,Non
4216,15586757,Anenechukwu,801,France,Femme,32.0,4,37585.27,1,Oui,Oui,18949.25,Non
4217,15607485,Wakelin,692,,Femme,29.0,4,0.0,2,Non,Non,69440.12,Non
4218,15610755,Napolitano,643,France,Femme,33.0,0,68905.875,1,Oui,Oui,92428.445,Non
4219,15684011,Miller,576,Allemagne,Homme,29.0,7,65287.63,1,Non,Oui,86814.89,Non
4220,15742613,Warner,773,Allemagne,Femme,42.0,8,76162.33,2,Oui,Non,85866.61,Non
4221,15642002,Hayward,554,France,Femme,35.0,6,58853.59,2,Non,Non,47638.575,Oui
4222,15672012,Jen,773,Espagne,Femme,41.0,5,0.0,1,Oui,Non,14133.45,Oui
4223,15758048,Miah,582,France,Homme,50.0,2,74471.0,1,Oui,Oui,58472.15,Non
4224,15701809,Cavill,749,Espagne,Femme,28.0,3,0.0,1,Oui,Non,1704.35,Non
4225,15794580,Ch'en,599,France,Homme,58.0,4,0.0,1,Non,Non,88203.575,Oui
4226,15697567,Bazarova,752,France,Homme,33.0,4,0.0,2,Oui,Oui,19785.39,Non
4227,15638494,Salinas,625,Allemagne,Femme,39.0,10,64922.63,1,Oui,Oui,48222.44,Non
4228,15699797,Santana,737,France,Homme,30.0,8,87178.065,1,Non,Non,15964.25,Non
4229,15807294,Walker,653,Espagne,Femme,30.0,2,44121.645,2,Oui,Oui,48329.13,Non
4230,15813412,Barlow,721,France,Femme,55.0,3,22010.445,1,Oui,Non,32932.2,Oui
4231,15621021,Dwyer,687,Espagne,Femme,,1,0.0,2,Oui,Non,4103.68,Non
4232,15615091,Maitland,691,France,Homme,24.0,6,0.0,2,Oui,Oui,46405.6,Non
4233,15687607,Chiemenam,605,France,Femme,30.0,9,67711.155,1,Non,Oui,93209.425,Non
4234,15649101,Reeves,601,France,Homme,40.0,10,63923.93,1,Non,Non,86622.84,Non
4235,15681316,Tai,681,France,Femme,41.0,0,60274.645,2,Oui,Non,,Non
4236,15593425,Bracewell,662,Espagne,Femme,54.0,1,93998.575,1,Non,Non,,Oui
4237,15572415,Preston,580,France,Homme,34.0,6,0.0,2,Oui,Oui,80047.655,Non
4238,15763148,Stanley,576,France,Homme,39.0,9,42359.99,1,Non,Non,,Non
4239,15582944,Becker,425,Espagne,Femme,39.0,5,0.0,2,Oui,Non,70470.735,Non
4240,15641312,Paterson,615,France,Homme,36.0,6,0.0,1,Oui,Oui,,Oui
4241,15798895,Okonkwo,525,France,Femme,59.0,6,27664.2,1,Oui,Non,41671.365,Oui
4242,15774358,Robertson,443,Allemagne,Homme,59.0,4,55469.65,1,Oui,Non,36423.29,Oui
4243,15780966,Pritchard,709,France,Femme,32.0,2,0.0,2,Non,Non,54840.645,Non
4244,15669611,Mott,632,France,Homme,71.0,3,41558.34,1,Oui,Oui,13798.88,Non
4245,15665222,Lettiere,625,Espagne,Homme,52.0,8,60580.785,1,Oui,Non,,Non
4246,15725997,She,660,France,Femme,35.0,6,50384.385,1,Oui,Non,9599.805,Non
4247,15724838,Moretti,599,France,Femme,43.0,4,0.0,1,Oui,Non,85173.55,Non
4248,15640409,Carpenter,817,Allemagne,Femme,46.0,0,44543.945,1,Non,Oui,43970.925,Oui
4249,15769272,Clark,510,France,Femme,26.0,6,68107.04,1,Non,Non,79871.165,Non
4250,15657535,Pearson,590,Espagne,Homme,29.0,10,0.0,1,Oui,Oui,25953.86,Oui
4251,15660866,Chimaobim,640,France,Femme,29.0,3,0.0,2,Oui,Non,1371.845,Non
4252,15717046,Wentworth-Shields,741,Espagne,Homme,53.0,3,0.0,2,Oui,Oui,19456.84,Non
4253,15772381,Brient,589,Allemagne,Homme,38.0,8,46109.605,1,Oui,Non,49553.485,Non
4254,15778604,Nicholson,571,France,Femme,47.0,7,0.0,2,Non,Non,56183.49,Non
4255,15646615,Muir,576,Allemagne,Homme,28.0,1,59668.145,2,Non,Oui,29488.425,Non
4256,15677307,Lo,684,Allemagne,Femme,40.0,6,68663.325,1,Oui,Non,93488.3,Non
4257,15597909,Johnstone,652,Allemagne,Homme,33.0,7,64067.995,1,Oui,Non,79218.865,Non
4258,15660101,Nnonso,803,France,Homme,31.0,9,78560.43,2,Oui,Non,70650.265,Non
4259,15594456,K?,740,Espagne,Femme,56.0,4,49548.665,1,Oui,Oui,,Oui
4260,15585734,Gouger,803,Allemagne,Homme,41.0,9,68871.45,2,Oui,Oui,83478.91,Non
4261,15623357,Onio,692,Allemagne,Homme,24.0,2,60298.465,1,Non,Oui,90245.265,Non
4262,15602797,Okwudilichukwu,645,Espagne,Femme,49.0,5,55066.275,3,Non,Oui,93844.955,Oui
4263,15774857,Synnot,460,France,Femme,27.0,7,0.0,2,Oui,Non,78075.04,Oui
4264,15735080,Cummins,508,France,Femme,64.0,2,0.0,1,Oui,Oui,3038.31,Non
4265,15649033,Echezonachukwu,603,Allemagne,Femme,55.0,7,63861.625,2,Oui,Non,69734.555,Oui
4266,15715941,Lueck,692,France,Homme,54.0,5,0.0,2,Oui,Oui,44360.92,Non
4267,15585748,McDonald,585,Allemagne,Femme,28.0,9,67668.745,2,Oui,Oui,20192.805,Non
4268,15609643,Furneaux,752,Allemagne,Homme,32.0,9,57793.745,2,Non,Oui,50838.73,Non
4269,15797686,Howard,558,France,Homme,38.0,8,56500.46,1,Oui,Oui,76436.195,Non
4270,15809302,Wright,572,France,Homme,24.0,1,0.0,2,Oui,Oui,75730.42,Non
4271,15738174,Ervin,452,France,Femme,,5,0.0,2,Non,Oui,37639.695,Non
4272,15748595,Stanton,689,France,Femme,29.0,1,38778.395,2,Oui,Oui,61499.13,Non
4273,15721024,Wickens,642,France,Homme,26.0,0,0.0,1,Non,Non,23736.34,Non
4274,15628219,Benson,665,Allemagne,Femme,37.0,3,55955.815,1,Oui,Oui,55179.84,Oui
4275,15617052,Watson,782,France,Homme,34.0,9,0.0,1,Oui,Non,,Oui
4276,15595067,Zhirov,637,Espagne,Femme,40.0,6,0.0,2,Oui,Oui,90805.3,Non
4277,15589572,Otutodilichukwu,785,Espagne,Femme,61.0,4,64927.86,2,Oui,Non,85107.41,Oui
4278,15622631,H?,588,France,Homme,44.0,8,77204.87,1,Oui,Non,24662.015,Oui
4279,15706593,Ellis,850,Espagne,Femme,50.0,10,0.0,2,Oui,Oui,16870.92,Non
4280,15687884,Alekseyeva,677,France,Homme,37.0,3,44181.515,1,Non,Oui,58973.15,Non
4281,15633213,Rizzo,628,Espagne,Homme,50.0,8,0.0,1,Non,Non,72183.415,Oui
4282,15576623,Outlaw,584,France,Homme,31.0,5,0.0,2,Oui,Non,15737.135,Non
4283,15720203,Arcuri,577,Espagne,Homme,28.0,7,0.0,1,Oui,Non,71637.205,Non
4284,15805565,Obiuto,691,Allemagne,Homme,30.0,7,58463.945,1,Oui,Non,10599.195,Non
4285,15615444,Y?an,663,Allemagne,Homme,28.0,8,61837.14,2,Oui,Oui,43992.6,Non
4286,15704509,Tan,492,France,Homme,35.0,8,60531.745,1,Non,Non,,Non
4287,15753248,Tao,611,France,Homme,28.0,2,0.0,2,Non,Non,12697.915,Non
4288,15568469,Buckley,653,France,Homme,43.0,0,0.0,2,Oui,Non,13931.29,Non
4289,15721303,O'Meara,640,Espagne,Homme,34.0,1,68761.51,1,Non,Non,12380.68,Non
4290,15754574,Tomlinson,738,Espagne,Homme,36.0,5,0.0,2,Oui,Oui,48440.66,Non
4291,15571244,Tung,809,Espagne,Femme,33.0,3,0.0,2,Non,Oui,70713.39,Non
4292,15766908,Trevisani,488,Allemagne,Homme,32.0,3,57270.19,1,Oui,Non,46284.035,Non
4293,15801293,Ni,850,Allemagne,Homme,27.0,1,50639.125,2,Oui,Oui,13132.59,Non
4294,15608595,Lo Duca,748,France,Femme,39.0,3,78685.77,1,Non,Oui,48867.15,Non
4295,15759913,Trentini,553,Allemagne,Homme,43.0,6,42600.41,2,Oui,Oui,80287.045,Non
4296,15575486,Okoli,529,France,Femme,27.0,1,0.0,2,Oui,Oui,18884.99,Non
4297,15780498,Maynard,634,France,Homme,34.0,3,72515.46,1,Oui,Oui,20910.325,Non
4298,15674398,Russo,642,France,Homme,38.0,3,0.0,2,Non,Non,85731.915,Non
4299,15787619,Hsieh,844,France,Homme,18.0,2,80490.015,1,Non,Non,72968.14,Non
4300,15761670,Morley,695,France,Femme,50.0,8,0.0,1,Oui,Non,63190.8,Oui
4301,15763431,Echezonachukwu,698,France,Homme,36.0,2,41137.675,2,Oui,Oui,46624.63,Non
4302,15617136,Mazzanti,451,Allemagne,Femme,38.0,9,30741.235,1,Oui,Oui,83769.33,Non
4303,15786389,Chuang,635,Espagne,Femme,41.0,10,0.0,2,Oui,Oui,30997.1,Non
4304,15611905,Warlow-Davies,513,Espagne,Femme,31.0,5,87426.73,1,Oui,Non,42119.315,Non
4305,15690540,Gearheart,684,Espagne,Femme,41.0,1,67088.53,1,Non,Non,88753.33,Non
4306,15701280,Romano,576,France,Homme,24.0,3,0.0,1,Non,Oui,39249.02,Oui
4307,15667554,Cameron,605,France,Homme,35.0,6,0.0,2,Oui,Oui,22603.285,Non
4308,15715532,Lai,687,Allemagne,Homme,38.0,4,58816.64,1,Non,Oui,44198.3,Non
4309,15625716,Genovesi,637,France,Femme,33.0,9,56956.765,1,Non,Oui,32658.25,Non
4310,15713578,Farrell,483,France,Femme,50.0,9,0.0,2,Oui,Oui,55510.12,Non
4311,15616833,Wang,678,Espagne,Homme,27.0,2,0.0,2,Oui,Oui,6610.625,Non
4312,15636589,Murray,794,France,Femme,41.0,7,0.0,2,Oui,Oui,37137.54,Non
4313,15576644,Lin,687,Allemagne,Femme,29.0,4,39469.575,1,Oui,Non,61067.28,Oui
4314,15714939,Fallaci,484,Allemagne,Femme,34.0,4,74124.77,1,Non,Oui,16869.135,Non
4315,15612455,Yao,549,Allemagne,Homme,45.0,6,62120.465,1,Oui,Oui,73186.255,Non
4316,15790596,Moran,850,Espagne,Homme,39.0,0,70914.835,1,Oui,Oui,46374.08,Non
4317,15675501,Woods,616,France,Homme,59.0,5,76930.55,1,Oui,Oui,8849.74,Non
4318,15718216,Fleetwood-Smith,803,Espagne,Homme,43.0,3,0.0,1,Oui,Non,36025.72,Non
4319,15802486,Hayes,488,France,Homme,34.0,3,0.0,2,Oui,Oui,62989.68,Non
4320,15687310,Humphries,783,Espagne,Homme,39.0,9,0.0,2,Oui,Non,71876.385,Non
4321,15576263,Clements,759,France,Femme,22.0,5,0.0,1,Oui,Non,11151.585,Non
4322,15648766,Robertson,569,Espagne,Homme,35.0,3,58484.675,1,Non,Non,47244.41,Non
4323,15703707,Atkins,656,France,Homme,44.0,10,71785.76,1,Non,Non,63722.07,Non
4324,15758449,Angelo,769,France,Femme,39.0,8,0.0,1,Non,Oui,10508.0,Non
4325,15638463,Okwudilichukwu,681,Allemagne,Femme,48.0,8,69740.09,1,Oui,Oui,81790.835,Non
4326,15756610,Carlson,657,Allemagne,Femme,38.0,5,61885.23,1,Non,Non,23509.83,Oui
4327,15788442,Chukwukadibia,681,Espagne,Femme,57.0,2,86653.065,1,Non,Oui,65982.33,Non
4328,15711249,Chukwuemeka,544,Espagne,Homme,22.0,4,0.0,2,Oui,Non,35003.835,Non
4329,15628583,Iweobiegbunam,709,France,Femme,30.0,5,0.0,2,Non,Oui,80694.11,Non
4330,15778838,Warren,783,France,Homme,,9,57067.585,1,Oui,Non,,Non
4331,15652180,Egobudike,582,France,Homme,30.0,2,0.0,2,Oui,Oui,66014.975,Non
4332,15700223,Steiner,806,France,Homme,48.0,4,82350.84,1,Oui,Oui,10719.745,Non
4333,15726747,Donaldson,714,France,Homme,63.0,4,69041.08,1,Non,Oui,83338.77,Non
4334,15675337,Forbes,395,Allemagne,Femme,34.0,5,53005.795,1,Oui,Oui,8688.285,Oui
4335,15648489,Ting,487,France,Homme,53.0,4,99844.745,1,Oui,Oui,12103.93,Oui
4336,15812279,William,634,France,Homme,37.0,5,57672.93,2,Non,Non,84390.9,Non
4337,15744041,Yobanna,780,France,Femme,26.0,3,70178.35,1,Oui,Non,58572.075,Non
4338,15632125,Blake,606,Allemagne,Homme,45.0,5,31916.215,1,Oui,Oui,46853.9,Non
4339,15800083,Macdonald,559,France,Homme,45.0,8,12021.725,1,Non,Oui,84890.725,Oui
4340,15778515,Wu,748,France,Homme,40.0,3,47648.555,1,Non,Non,85757.92,Non
4341,15727059,Lettiere,476,France,Femme,40.0,4,0.0,2,Non,Non,91273.52,Non
4342,15573971,Mills,737,France,Homme,44.0,7,0.0,2,Non,Non,28949.29,Non
4343,15745804,Law,628,France,Homme,25.0,7,0.0,2,Oui,Oui,97988.875,Non
4344,15733904,McDonald,529,France,Homme,32.0,9,73746.945,1,Oui,Non,16828.175,Non
4345,15778752,Johnson,708,France,Homme,32.0,10,43307.03,2,Oui,Oui,86064.63,Non
4346,15705860,McKenzie,631,Allemagne,Homme,40.0,3,53974.725,1,Oui,Non,26224.81,Oui
4347,15587584,Nebeuwa,503,Espagne,Homme,31.0,4,0.0,2,Oui,Oui,10822.53,Non
4348,15637138,Murray,660,France,Homme,34.0,1,0.0,2,Oui,Non,4846.29,Non
4349,15594436,Mazzi,588,Espagne,Homme,33.0,2,0.0,2,Oui,Oui,6241.78,Non
4350,15799825,Bentley,583,France,Femme,44.0,8,0.0,2,Oui,Oui,13715.81,Non
4351,15580134,Crawford,479,Espagne,Homme,27.0,2,86231.725,1,Oui,Oui,20157.635,Non
4352,15665283,Brookes,610,France,Femme,57.0,7,36046.475,4,Non,Oui,,Oui
4353,15791501,Carroll,590,France,Homme,43.0,8,0.0,2,Oui,Oui,71814.155,Non
4354,15700174,McKay,733,Espagne,Femme,30.0,0,41659.64,1,Non,Non,28884.6,Non
4355,15572657,H?,472,France,Homme,,8,51245.135,1,Non,Oui,90612.28,Non
4356,15593295,Greathouse,548,France,Homme,57.0,6,38082.825,1,Oui,Oui,66768.765,Non
4357,15583595,Tao,461,France,Femme,28.0,8,0.0,1,Oui,Oui,51674.87,Non
4358,15794297,McKay,776,,Homme,36.0,1,0.0,2,Oui,Non,26738.88,Non
4359,15711889,Mao,668,France,Homme,42.0,3,75230.535,1,Oui,Non,54069.615,Non
4360,15587562,Hawkins,484,France,Femme,29.0,4,65057.195,1,Oui,Non,82008.945,Non
4361,15627251,Tsui,520,France,Homme,34.0,4,67003.95,1,Oui,Oui,96604.555,Non
4362,15813844,Barnes,703,France,Homme,37.0,8,52980.84,2,Non,Oui,37079.4,Non
4363,15589496,Arrington,778,France,Homme,34.0,5,69532.03,2,Non,Non,33974.66,Non
4364,15706232,Niu,595,France,Homme,52.0,9,0.0,1,Oui,Oui,53170.33,Oui
4365,15765806,Wu,492,France,Homme,29.0,1,72295.98,1,Oui,Oui,98146.88,Non
4366,15662571,Maclean,639,France,Homme,35.0,8,0.0,2,Oui,Non,85241.95,Non
4367,15785547,Slye,665,France,Homme,28.0,8,95701.41,2,Oui,Non,41619.2,Non
4368,15780254,Gartrell,654,,Homme,40.0,6,0.0,1,Non,Non,91936.44,Oui
4369,15693337,Perry,683,Espagne,Homme,41.0,0,74431.585,1,Oui,Oui,81955.66,Non
4370,15761706,Y?an,705,Espagne,Femme,39.0,8,72051.16,1,Oui,Oui,5841.18,Non
4371,15768342,Bolton,718,France,Homme,,8,39737.65,3,Oui,Oui,16210.66,Oui
4372,15592716,Clarke,559,France,Homme,52.0,2,0.0,1,Oui,Non,64506.795,Oui
4373,15636872,Amadi,585,,Femme,32.0,8,72352.935,2,Non,Non,85741.28,Non
4374,15677087,Green,662,France,Femme,39.0,5,69053.375,1,Non,Non,9798.365,Non
4375,15686236,Trevisani,525,Allemagne,Femme,47.0,1,59043.84,1,Oui,Non,44060.39,Oui
4376,15682728,Mathews,774,France,Femme,32.0,4,0.0,2,Non,Non,57449.565,Non
4377,15807457,Abernathy,641,Espagne,Femme,36.0,1,0.0,2,Oui,Non,51010.695,Non
4378,15697691,Sinclair,512,France,Femme,41.0,6,0.0,1,Oui,Oui,50253.905,Non
4379,15646942,Meng,786,Espagne,Femme,39.0,7,0.0,2,Non,Non,50464.795,Non
4380,15648479,Stephenson,655,France,Femme,45.0,0,0.0,2,Oui,Non,83415.355,Non
4381,15813645,Hamilton,491,France,Femme,36.0,0,26684.565,1,Oui,Oui,51967.06,Non
4382,15690440,Stiles,656,Espagne,Homme,47.0,1,0.0,2,Oui,Oui,98980.965,Non
4383,15784844,K'ung,752,Espagne,Homme,48.0,5,58030.04,1,Oui,Non,78309.19,Oui
4384,15671322,Chiang,724,Allemagne,Homme,30.0,7,57657.52,1,Oui,Non,,Non
4385,15761141,Palerma,604,Espagne,Femme,71.0,10,0.0,2,Oui,Oui,64992.1,Non
4386,15617454,Ifeatu,684,France,Femme,25.0,1,0.0,2,Non,Oui,72489.235,Non
4387,15615126,Cocci,780,,Femme,37.0,3,0.0,2,Non,Non,91078.405,Oui
4388,15807993,Bruno,588,Allemagne,Femme,30.0,0,55074.245,1,Oui,Non,2895.45,Oui
4389,15782736,Jose,573,Allemagne,Femme,47.0,4,76261.235,1,Non,Oui,82019.035,Oui
4390,15736601,Tai,716,France,Homme,35.0,4,72214.435,1,Oui,Non,67066.325,Non
4391,15806307,Favors,537,France,Homme,37.0,3,0.0,2,Oui,Oui,10301.66,Non
4392,15695792,Ch'ien,673,France,Homme,65.0,0,0.0,1,Oui,Oui,42866.665,Non
4393,15695148,Ibeabuchi,614,Espagne,Femme,37.0,9,0.0,2,Oui,Oui,31011.55,Non
4394,15734762,Ignatiev,602,France,Femme,56.0,3,57947.61,3,Oui,Non,2088.085,Oui
4395,15639077,Marchesi,622,France,Femme,30.0,2,79292.41,3,Oui,Non,71171.275,Oui
4396,15723989,Carroll,646,France,Homme,40.0,5,46840.215,2,Oui,Oui,89736.63,Non
4397,15752467,Johnson,720,Espagne,Homme,34.0,3,0.0,2,Oui,Oui,38523.89,Non
4398,15655410,Hinton,768,Allemagne,Homme,,1,66692.33,1,Oui,Non,51198.61,Oui
4399,15805449,Ugochukwu,594,,Homme,38.0,4,0.0,2,Non,Non,93442.02,Non
4400,15790763,Trujillo,599,Espagne,Femme,49.0,2,0.0,2,Oui,Non,55595.265,Non
4401,15567442,Ibezimako,656,France,Femme,75.0,3,0.0,2,Oui,Oui,638.435,Non
4402,15644878,Hill,685,Espagne,Femme,43.0,6,58651.31,1,Non,Non,34350.865,Non
4403,15774696,Cole,640,Allemagne,Femme,75.0,1,53153.955,2,Non,Oui,56714.385,Non
4404,15799480,Webb,600,France,Homme,34.0,0,0.0,2,Non,Oui,,Non
4405,15800251,Elder,583,Allemagne,Femme,26.0,10,36417.78,2,Oui,Non,48396.075,Non
4406,15680224,Ross,687,France,Femme,26.0,6,0.0,2,Oui,Oui,16454.565,Non
4407,15793901,Capon,639,France,Femme,27.0,2,0.0,2,Non,Non,62622.09,Non
4408,15609176,Cawthorne,688,France,Femme,32.0,5,0.0,2,Non,Oui,88803.885,Non
4409,15711602,Lowrie,676,France,Femme,36.0,3,45855.795,1,Oui,Oui,47696.715,Non
4410,15796343,Bazhenov,707,France,Femme,,2,41393.965,2,Non,Non,45711.845,Non
4411,15594762,Pisani,827,Espagne,Homme,46.0,1,91638.16,1,Oui,Oui,6730.135,Non
4412,15746490,Wollstonecraft,648,Espagne,Femme,53.0,6,55600.705,1,Oui,Oui,60771.145,Non
4413,15738662,Daluchi,652,Allemagne,Homme,41.0,9,79717.015,1,Oui,Non,89186.965,Non
4414,15658211,Morrison,559,Espagne,Femme,39.0,2,0.0,2,Oui,Oui,60575.55,Non
4415,15680895,Sal,627,Espagne,Femme,35.0,7,0.0,1,Oui,Non,93859.13,Non
4416,15657771,Ts'ui,537,France,Homme,37.0,6,0.0,1,Oui,Oui,8901.21,Non
4417,15756743,Howells,625,,Femme,37.0,7,57947.71,1,Oui,Non,24243.125,Non
4418,15791040,Vasilyeva,801,Espagne,Homme,58.0,1,39977.305,2,Oui,Oui,15242.095,Non
4419,15589221,Kennedy,657,Allemagne,Homme,30.0,1,69881.065,2,Oui,Oui,11658.94,Non
4420,15594915,Crist,649,,Femme,36.0,8,0.0,2,Non,Oui,,Non
4421,15797736,Smith,658,France,Homme,29.0,4,40131.3,1,Oui,Oui,10306.41,Non
4422,15667215,Chandler,678,France,Homme,31.0,2,0.0,2,Oui,Oui,29401.64,Non
4423,15723028,Smith,778,France,Homme,33.0,1,0.0,2,Oui,Non,42719.865,Non
4424,15627971,Coates,504,France,Femme,32.0,8,103331.875,1,Non,Non,8140.97,Non
4425,15741693,Barnard,693,France,Homme,40.0,4,65330.98,1,Oui,Oui,50959.48,Non
4426,15684801,Abbott,689,France,Homme,47.0,1,46935.975,3,Oui,Non,78439.21,Oui
4427,15585241,Butcher,756,Espagne,Homme,29.0,2,58706.095,2,Oui,Non,2444.455,Non
4428,15685109,Teng,689,France,Homme,39.0,7,0.0,2,Non,Non,7458.545,Non
4429,15616172,Ubanwa,838,France,Homme,31.0,2,0.0,2,Oui,Non,4111.48,Non
4430,15671610,Hooper,740,France,Homme,36.0,7,0.0,1,Oui,Oui,6588.7,Non
4431,15635277,Coates,605,Espagne,Homme,47.0,7,71321.77,1,Oui,Non,94655.135,Non
4432,15701081,Jarvis,785,France,Homme,36.0,2,0.0,1,Non,Oui,30905.55,Non
4433,15681180,Barese,771,France,Femme,23.0,7,78061.865,1,Oui,Non,36495.31,Non
4434,15705379,Upjohn,678,France,Homme,38.0,3,0.0,2,Oui,Non,33280.8,Non
4435,15575676,Chung,638,France,Homme,24.0,1,0.0,2,Non,Oui,81298.575,Non
4436,15794472,Brookes,553,France,Femme,27.0,3,0.0,2,Non,Non,79900.08,Non
4437,15719606,Rivers,657,France,Homme,50.0,9,0.0,2,Non,Non,18585.73,Non
4438,15693947,Tokareva,614,France,Femme,19.0,5,48722.745,2,Oui,Non,61411.67,Non
4439,15813894,Bogle,620,Espagne,Homme,21.0,9,0.0,2,Non,Non,77441.395,Non
4440,15614635,Kepley,582,France,Homme,52.0,2,75728.94,1,Non,Oui,20446.805,Non
4441,15782210,K'ung,714,France,Homme,46.0,1,0.0,1,Oui,Non,76083.895,Oui
4442,15628697,Tung,631,Espagne,Homme,,9,80368.315,1,Non,Oui,46751.51,Non
4443,15750731,Trevisani,736,Allemagne,Homme,50.0,9,58154.505,1,Oui,Non,92680.2,Oui
4444,15786237,Pickworth,651,France,Homme,28.0,7,0.0,2,Oui,Non,411.98,Non
4445,15744614,Feng,541,France,Homme,37.0,9,59318.46,1,Oui,Oui,36775.72,Non
4446,15637354,Yobachukwu,623,France,Femme,24.0,7,74083.915,2,Oui,Oui,54735.17,Non
4447,15743714,Ch'ien,468,France,Homme,46.0,7,45721.875,1,Oui,Non,5479.09,Non
4448,15743893,Alexeyeva,471,France,Homme,42.0,3,82475.78,1,Oui,Non,95265.885,Non
4449,15583552,Donaldson,674,Allemagne,Homme,44.0,3,44451.105,1,Oui,Non,36865.66,Non
4450,15761340,Bullen,521,France,Homme,22.0,5,0.0,2,Oui,Oui,49914.225,Non
4451,15608408,Lazareva,598,Espagne,Homme,39.0,1,0.0,2,Oui,Non,79565.16,Non
4452,15661830,Lucciano,750,Espagne,Femme,36.0,6,0.0,2,Oui,Oui,29908.205,Non
4453,15677387,Folliero,749,Allemagne,Femme,33.0,10,38346.11,1,Non,Oui,15198.215,Non
4454,15702788,Gadsdon,775,France,Homme,40.0,9,63106.32,1,Oui,Non,35098.285,Non
4455,15779743,Onwuamaeze,633,France,Femme,44.0,7,0.0,2,Oui,Non,14880.645,Non
4456,15720814,Warren,670,Allemagne,Femme,36.0,2,42133.22,2,Non,Non,19307.345,Non
4457,15764237,Manfrin,663,Espagne,Homme,33.0,9,0.0,2,Non,Non,45757.31,Non
4458,15710138,Sun,718,Espagne,Homme,39.0,6,0.0,2,Non,Oui,31944.55,Non
4459,15796496,Trevisani,631,France,Femme,31.0,8,68843.86,1,Oui,Non,95033.56,Non
4460,15719377,Cocci,804,France,Femme,50.0,4,0.0,1,Oui,Oui,4273.435,Oui
4461,15679810,Chapman,690,France,Homme,,6,0.0,2,Oui,Non,,Non
4462,15642997,Uspenskaya,655,France,Femme,36.0,2,73574.795,1,Oui,Oui,43908.43,Non
4463,15646764,Lorenzo,617,Allemagne,Femme,58.0,3,59512.375,2,Oui,Non,17599.62,Oui
4464,15709324,Bruce,417,France,Homme,34.0,7,0.0,2,Oui,Non,27501.895,Non
4465,15754796,Byrne,487,Allemagne,Femme,46.0,4,67535.29,2,Oui,Oui,22122.245,Oui
4466,15690647,Rogers,582,Espagne,Femme,46.0,8,33781.655,1,Oui,Non,22253.045,Oui
4467,15665579,Cartwright,597,France,Femme,,0,71352.975,1,Oui,Non,63616.695,Non
4468,15812611,Lorimer,690,Espagne,Femme,30.0,5,0.0,2,Non,Oui,39350.015,Non
4469,15684173,Chang,687,Espagne,Femme,44.0,7,0.0,3,Oui,Non,77926.76,Oui
4470,15732628,Ugoji,745,France,Homme,46.0,2,61110.095,1,Oui,Oui,59012.05,Non
4471,15796111,Smith,708,Allemagne,Femme,54.0,8,72575.7,1,Non,Oui,62655.585,Oui
4472,15744843,K'ung,569,Espagne,Femme,34.0,6,72427.67,1,Non,Non,98277.66,Non
4473,15735784,Gardner,583,France,Homme,38.0,8,0.0,1,Oui,Non,23924.28,Non
4474,15756125,Booth,757,Espagne,Homme,44.0,5,70428.08,2,Oui,Non,79367.55,Non
4475,15785782,Ugonna,513,Espagne,Homme,48.0,2,0.0,1,Oui,Oui,57354.565,Oui
4476,15723706,Abbott,573,France,Femme,33.0,0,45062.32,1,Oui,Non,68738.355,Non
4477,15708904,Yermakova,850,France,Femme,37.0,9,0.0,1,Non,Non,50050.53,Non
4478,15632051,Douglas,550,Allemagne,Femme,42.0,10,64353.655,1,Oui,Non,31546.325,Oui
4479,15764927,Rogova,753,France,Homme,92.0,3,60756.655,1,Non,Oui,97781.995,Non
4480,15648881,Tsai,581,Allemagne,Homme,40.0,0,50508.265,1,Non,Oui,3963.175,Oui
4481,15660646,Fanucci,528,France,Homme,35.0,3,78343.55,1,Oui,Non,99660.385,Non
4482,15704629,Wright,582,France,Femme,32.0,1,58204.775,1,Non,Oui,,Non
4483,15733974,Mao,500,Espagne,Homme,37.0,9,62911.105,1,Oui,Non,55849.0,Non
4484,15588587,Stetson,752,France,Femme,36.0,1,43418.975,1,Oui,Oui,52640.275,Non
4485,15810834,Gordon,525,Espagne,Femme,57.0,2,72982.665,1,Oui,Oui,32224.18,Non
4486,15792722,Omeokachie,611,France,Femme,43.0,8,32448.875,1,Oui,Non,57498.165,Non
4487,15567328,Ch'en,738,Espagne,Homme,38.0,5,88998.535,1,Non,Oui,9616.705,Non
4488,15604138,Iheanacho,749,Espagne,Homme,34.0,2,0.0,1,Non,Non,87094.52,Oui
4489,15680597,Cover,784,Allemagne,Homme,38.0,1,69257.51,1,Oui,Oui,85884.38,Non
4490,15724848,Oluchukwu,516,France,Femme,46.0,1,52473.86,1,Oui,Non,57894.625,Oui
4491,15675518,Charlton,499,Espagne,Femme,53.0,1,37612.765,2,Non,Non,72424.55,Oui
4492,15602841,Lockett,794,Espagne,Femme,28.0,5,0.0,2,Non,Oui,43349.99,Non
4493,15653065,Nwabugwu,530,Espagne,Femme,22.0,7,0.0,2,Oui,Non,52085.24,Non
4494,15779620,Sinclair,575,France,Homme,36.0,1,0.0,1,Non,Oui,,Non
4495,15615473,Sabbatini,646,France,Femme,33.0,2,0.0,2,Non,Non,99104.0,Non
4496,15795881,Alexander,776,Espagne,Homme,35.0,8,53182.645,1,Oui,Oui,74263.78,Non
4497,15628963,Frolova,601,Allemagne,Homme,43.0,3,70929.56,2,Oui,Oui,55624.81,Non
4498,15583736,Shih,829,Allemagne,Homme,36.0,4,40897.87,2,Oui,Non,45053.47,Non
4499,15628303,Thurgood,738,Espagne,Homme,,3,0.0,1,Oui,Oui,7825.365,Non
4500,15654096,Johnston,779,Allemagne,Femme,24.0,10,61100.155,2,Oui,Non,21852.78,Non
4501,15643966,Goforth,616,Allemagne,Homme,45.0,3,71564.705,2,Non,Oui,32163.63,Non
4502,15713483,Greeves,793,Espagne,Homme,52.0,2,0.0,1,Oui,Non,79561.91,Oui
4503,15644005,Holman,571,France,Femme,,9,0.0,2,Non,Oui,38759.81,Non
4504,15591607,Fernie,770,France,Homme,24.0,9,50913.535,1,Oui,Non,83628.175,Non
4505,15781802,Abramov,755,France,Homme,41.0,6,52408.705,1,Oui,Non,63006.79,Oui
4506,15752578,Yefimova,626,France,Femme,37.0,2,66984.48,2,Oui,Non,74344.825,Non
4507,15727605,Shih,533,Allemagne,Homme,43.0,4,40221.03,2,Non,Oui,6268.71,Non
4508,15656293,Davey,786,France,Homme,35.0,3,0.0,2,Oui,Non,46356.485,Non
4509,15737133,P'eng,706,Espagne,Homme,68.0,4,57193.425,1,Oui,Oui,14300.84,Non
4510,15688395,Lane,582,,Homme,29.0,4,0.0,2,Non,Non,78076.635,Non
4511,15664754,Steele,640,Allemagne,Homme,39.0,9,65803.64,4,Non,Oui,3490.715,Oui
4512,15571148,Baranov,645,Espagne,Femme,21.0,1,0.0,2,Non,Non,14363.035,Non
4513,15641490,Windsor,850,Allemagne,Femme,,8,34692.585,2,Oui,Non,43917.12,Non
4514,15641773,Browne,580,Allemagne,Homme,45.0,2,89667.415,2,Oui,Oui,84651.825,Non
4515,15755638,Mancini,673,France,Femme,43.0,5,84034.865,1,Oui,Oui,73496.12,Oui
4516,15624611,Marsden,497,Espagne,Homme,37.0,8,64325.055,2,Oui,Oui,81820.765,Non
4517,15588904,Balashova,692,France,Homme,33.0,9,0.0,1,Oui,Non,56752.965,Oui
4518,15590820,Ecuyer,699,Espagne,Homme,26.0,6,39966.205,1,Non,Non,75121.22,Non
4519,15724889,Chinweuba,665,Espagne,Homme,38.0,9,0.0,1,Non,Oui,43706.37,Non
4520,15625175,Palerma,742,Allemagne,Femme,43.0,6,48533.845,1,Non,Oui,30460.015,Oui
4521,15627439,Pickering,624,Espagne,Femme,36.0,10,0.0,2,Non,Oui,93090.21,Non
4522,15681956,Bailey,684,France,Homme,,9,0.0,2,Oui,Oui,32628.785,Non
4523,15759991,Hunter,748,Espagne,Homme,36.0,4,70786.775,1,Oui,Non,41079.07,Non
4524,15622033,Rapuluchukwu,847,Allemagne,Femme,41.0,3,50771.755,4,Oui,Non,8012.585,Oui
4525,15763898,Toscani,568,Espagne,Femme,46.0,3,0.0,2,Oui,Oui,14686.31,Non
4526,15811742,Jen,553,Espagne,Homme,42.0,7,0.0,2,Oui,Non,,Non
4527,15783225,Cocci,737,France,Homme,54.0,9,0.0,1,Oui,Non,41735.2,Oui
4528,15719541,Flannagan,675,Espagne,Homme,31.0,2,45413.135,2,Oui,Non,30135.435,Non
4529,15582033,Manfrin,753,Allemagne,Homme,44.0,3,69038.235,1,Oui,Non,7761.545,Oui
4530,15593715,Castiglione,634,Allemagne,Homme,27.0,3,53513.76,1,Oui,Non,86712.84,Non
4531,15776433,Greco,730,Espagne,Homme,62.0,2,0.0,2,Oui,Oui,93244.975,Non
4532,15750547,Bair,738,France,Homme,26.0,9,0.0,2,Oui,Oui,24322.47,Non
4533,15750243,Genovese,830,Espagne,Homme,40.0,4,0.0,2,Non,Oui,40811.26,Non
4534,15596379,Wallace,743,Allemagne,Homme,39.0,3,59847.875,1,Non,Oui,13068.065,Non
4535,15651075,Ibrahimova,562,Allemagne,Homme,35.0,3,71148.065,1,Non,Oui,88556.35,Non
4536,15700476,Azubuike,564,Allemagne,Homme,41.0,9,51761.375,2,Oui,Oui,17169.105,Non
4537,15592091,Belbin,620,Espagne,Homme,31.0,2,83416.93,2,Oui,Oui,67585.8,Non
4538,15688251,Mamelu,767,France,Homme,43.0,1,38204.425,2,Oui,Non,38918.815,Non
4539,15794187,Young,695,France,Homme,36.0,6,57003.75,2,Oui,Non,59060.44,Non
4540,15777873,Downer,628,France,Femme,31.0,5,0.0,1,Non,Non,73981.535,Oui
4541,15639788,Yuan,577,France,Femme,39.0,10,0.0,2,Oui,Non,5276.655,Non
4542,15694253,Palerma,686,France,Femme,41.0,7,76052.785,2,Non,Oui,66187.205,Non
4543,15809143,White,456,Allemagne,Homme,32.0,9,66530.315,1,Oui,Oui,62583.96,Non
4544,15584156,Siciliani,593,Espagne,Homme,27.0,10,0.0,3,Non,Non,47310.0,Oui
4545,15684171,Bianchi,660,Espagne,Femme,61.0,5,77965.555,1,Oui,Oui,79169.195,Non
4546,15654611,Parry,736,Allemagne,Femme,25.0,9,40866.44,2,Oui,Non,68248.64,Non
4547,15628600,Lee,807,Allemagne,Femme,31.0,1,70534.59,3,Oui,Oui,97128.555,Non
4548,15591428,Myers,781,France,Homme,29.0,9,0.0,2,Non,Non,86048.7,Non
4549,15759456,Lupton,609,Espagne,Homme,34.0,7,70347.39,2,Oui,Non,23133.315,Non
4550,15654574,Onyekachi,499,Allemagne,Homme,36.0,5,65571.265,2,Oui,Non,87459.23,Non
4551,15743673,Wood,551,,Homme,27.0,2,56936.61,1,Oui,Oui,42564.885,Oui
4552,15719302,Brennan,765,France,Femme,50.0,9,63273.9,1,Oui,Oui,39789.97,Oui
4553,15708608,Wallwork,799,France,Femme,22.0,8,87092.99,2,Non,Oui,96316.925,Non
4554,15810839,Rogers,610,France,Homme,34.0,0,51554.085,1,Non,Non,62823.41,Non
4555,15732268,Cook,751,,Homme,29.0,3,79798.725,1,Oui,Non,19967.205,Non
4556,15689751,Jones,666,,Femme,31.0,2,39794.715,1,Non,Non,,Non
4557,15796231,Nwankwo,681,France,Femme,18.0,1,49447.195,1,Oui,Oui,4798.2,Non
4558,15589666,Sorokina,595,France,Femme,39.0,9,68211.205,1,Oui,Oui,75878.905,Non
4559,15579566,Li Fonti,616,Espagne,Femme,43.0,3,60433.59,1,Oui,Non,9380.96,Oui
4560,15625584,Martin,786,France,Homme,32.0,2,60226.2,2,Non,Non,39801.43,Non
4561,15752139,Salter,682,Allemagne,Homme,36.0,5,36186.81,2,Oui,Non,18447.995,Non
4562,15763544,Thompson,673,France,Homme,47.0,1,0.0,2,Non,Non,54381.08,Non
4563,15571873,Sung,655,France,Homme,24.0,9,53532.655,1,Oui,Oui,25979.91,Non
4564,15705298,L?,697,Allemagne,Homme,29.0,0,86346.77,1,Non,Non,70899.49,Non
4565,15699047,Chukwuemeka,674,France,Femme,21.0,9,60075.195,2,Oui,Oui,16982.015,Non
4566,15605926,Sinclair,649,Allemagne,Homme,70.0,9,58427.355,2,Non,Oui,53562.895,Non
4567,15679733,Haugh,796,Allemagne,Homme,40.0,2,56614.19,2,Oui,Oui,23207.545,Non
4568,15636731,Ts'ai,714,Allemagne,Femme,36.0,1,50804.505,2,Oui,Oui,223.865,Non
4569,15756992,Chukwukere,701,France,Homme,37.0,1,0.0,2,Oui,Non,81728.775,Non
4570,15722583,Benjamin,636,Espagne,Femme,29.0,6,78788.235,2,Oui,Oui,50551.195,Non
4571,15630466,Maclean,797,France,Homme,45.0,8,0.0,1,Non,Non,62555.01,Non
4572,15776454,Hamilton,603,France,Femme,48.0,5,0.0,1,Oui,Non,50239.3,Oui
4573,15799720,Coburn,569,Espagne,Homme,43.0,8,80773.34,2,Non,Oui,89093.64,Non
4574,15766810,Onyemauchechi,699,Allemagne,Femme,51.0,2,46123.07,2,Non,Oui,45673.015,Non
4575,15739042,Bogolyubov,767,France,Femme,35.0,9,0.0,2,Oui,Non,19755.805,Non
4576,15771059,Welch,756,Allemagne,Femme,34.0,2,74100.36,1,Non,Non,97292.24,Non
4577,15642824,Onyekaozulu,826,Espagne,Femme,56.0,8,87253.05,2,Non,Oui,80901.41,Oui
4578,15579559,Chienezie,544,Espagne,Homme,30.0,8,72620.815,1,Oui,Oui,40338.415,Non
4579,15579387,Ni,635,,Femme,44.0,2,39532.425,2,Non,Oui,56645.875,Non
4580,15618437,Singleton,567,Espagne,Homme,34.0,10,0.0,2,Non,Oui,80785.895,Non
4581,15634968,Hsueh,789,Allemagne,Femme,37.0,6,55344.535,1,Oui,Oui,35560.52,Oui
4582,15773017,Todd,763,Espagne,Femme,37.0,6,0.0,2,Oui,Oui,74852.625,Non
4583,15770711,Lu,766,Allemagne,Femme,28.0,4,45348.39,1,Non,Oui,10798.6,Non
4584,15668081,Capon,581,Espagne,Femme,50.0,4,0.0,2,Oui,Oui,40350.86,Non
4585,15653776,Salier,720,Allemagne,Femme,57.0,1,81041.155,4,Non,Non,13572.865,Oui
4586,15622017,Bruno,773,Espagne,Femme,33.0,10,0.0,1,Oui,Oui,49410.045,Non
4587,15628893,Power,681,France,Homme,29.0,8,0.0,1,Oui,Non,33183.665,Non
4588,15618363,Muomelu,659,Allemagne,Homme,29.0,9,41458.24,1,Oui,Oui,42066.74,Non
4589,15780961,Cavenagh,735,France,Femme,21.0,1,89359.095,2,Oui,Non,11194.0,Non
4590,15641250,Calabresi,794,Espagne,Homme,38.0,9,89790.655,1,Oui,Non,11798.12,Non
4591,15595842,Paramor,748,Allemagne,Homme,45.0,2,59926.005,1,Non,Non,36926.97,Oui
4592,15597602,Nwachinemelu,619,Allemagne,Homme,57.0,3,68973.195,1,Oui,Oui,36233.995,Oui
4593,15664895,Onuchukwu,602,France,Femme,25.0,0,0.0,2,Oui,Oui,50637.085,Non
4594,15661656,Onwumelu,633,France,Homme,38.0,2,45951.28,2,Oui,Oui,53836.675,Non
4595,15749688,Lu,541,France,Homme,32.0,8,0.0,2,Non,Non,20444.57,Non
4596,15785576,Mayrhofer,434,Allemagne,Homme,71.0,9,59748.435,1,Oui,Non,62924.44,Non
4597,15647807,Wyckoff,642,France,Homme,40.0,8,54609.915,1,Oui,Non,,Non
4598,15568106,L?,592,France,Femme,38.0,8,59639.005,2,Non,Oui,9685.365,Non
4599,15812009,Grant,662,Espagne,Homme,38.0,4,0.0,2,Oui,Non,68129.825,Non
4600,15745196,Verco,571,France,Femme,35.0,8,0.0,2,Non,Non,42284.565,Non
4601,15789815,Fallaci,503,France,Femme,28.0,5,0.0,2,Oui,Non,62959.085,Non
4602,15582616,Y?an,520,France,Femme,38.0,4,0.0,2,Oui,Non,28194.315,Non
4603,15792008,Zetticci,555,Espagne,Femme,26.0,9,0.0,2,Non,Oui,79459.015,Non
4604,15672437,Buccho,642,France,Homme,72.0,1,80270.5,2,Oui,Oui,71111.97,Non
4605,15576550,Ugochukwu,619,Espagne,Femme,38.0,1,0.0,1,Oui,Non,56221.315,Oui
4606,15657386,Fiorentini,712,Allemagne,Homme,43.0,1,70874.87,2,Non,Oui,45452.63,Non
4607,15594349,Streeten,850,France,Homme,49.0,5,61243.235,1,Non,Oui,29874.095,Non
4608,15774931,She,452,France,Homme,30.0,7,56467.935,1,Oui,Oui,49508.67,Non
4609,15673578,Page,611,Allemagne,Femme,40.0,7,64243.455,2,Oui,Non,5054.735,Non
4610,15802570,Dyer,811,France,Femme,45.0,5,0.0,2,Oui,Oui,73061.595,Non
4611,15588517,Sun,717,France,Homme,38.0,7,0.0,2,Oui,Oui,79290.025,Non
4612,15746326,Fields,591,France,Homme,43.0,3,0.0,2,Non,Oui,99463.18,Non
4613,15663888,Connor,549,Allemagne,Homme,34.0,6,102008.7,2,Oui,Non,54769.175,Non
4614,15626414,Russell,703,France,Homme,44.0,6,49431.27,1,Oui,Non,75758.35,Non
4615,15637690,Houghton,622,Allemagne,Femme,34.0,7,49337.87,1,Oui,Non,69453.425,Oui
4616,15782404,Hughes,487,France,Femme,34.0,2,48009.75,1,Non,Non,4542.5,Non
4617,15647800,Greco,850,France,Femme,34.0,6,50633.255,1,Oui,Non,16750.99,Non
4618,15646262,Ross,622,France,Homme,31.0,7,0.0,1,Oui,Non,17704.385,Non
4619,15652048,Thompson,563,Allemagne,Homme,44.0,7,52503.655,2,Oui,Oui,98906.08,Non
4620,15750248,Wright,619,France,Femme,35.0,8,66146.315,1,Oui,Non,32841.465,Non
4621,15745083,Lei,613,Allemagne,Homme,,8,45707.88,1,Non,Non,13982.5,Oui
4622,15771323,Panicucci,480,Espagne,Homme,39.0,5,60813.45,1,Oui,Oui,41219.065,Non
4623,15574886,Palerma,706,France,Homme,32.0,6,47243.235,1,Oui,Oui,73474.87,Non
4624,15602929,Wilson,728,Espagne,Femme,37.0,4,0.0,1,Non,Non,2269.69,Non
4625,15697480,Menkens,731,France,Homme,30.0,7,0.0,2,Non,Oui,71543.045,Non
4626,15633378,Davidson,692,Espagne,Femme,49.0,9,0.0,2,Oui,Non,89171.315,Non
4627,15744295,Hao,756,France,Homme,40.0,1,47386.555,1,Oui,Non,57139.815,Non
4628,15579212,Chuang,638,France,Homme,57.0,6,0.0,1,Oui,Non,16838.24,Oui
4629,15779659,Zetticci,625,France,Femme,28.0,3,0.0,1,Non,Non,91823.205,Non
4630,15566894,Gray,793,France,Homme,39.0,3,68908.76,1,Non,Non,41998.895,Non
4631,15735439,P'an,449,Espagne,Femme,31.0,1,56846.5,1,Non,Non,41398.145,Non
4632,15667934,Moretti,512,France,Homme,36.0,0,64902.085,1,Oui,Non,26510.45,Non
4633,15778915,Harris,737,France,Femme,32.0,7,64275.68,2,Non,Oui,94701.355,Non
4634,15640866,Peng,718,France,Femme,29.0,3,0.0,1,Non,Oui,67231.145,Non
4635,15637476,Alexandrova,683,Allemagne,Femme,57.0,5,81224.345,1,Non,Non,4610.89,Oui
4636,15723320,Azubuike,651,Allemagne,Femme,25.0,2,54587.57,2,Oui,Non,57283.235,Non
4637,15701932,Millar,586,France,Femme,52.0,6,70450.485,1,Oui,Oui,33644.445,Non
4638,15769980,Singleton,705,Allemagne,Femme,40.0,3,46444.955,1,Oui,Oui,54748.345,Non
4639,15597709,Hornung,602,France,Femme,,6,77060.66,2,Oui,Non,88307.43,Oui
4640,15742019,Benford,675,France,Femme,39.0,6,0.0,2,Non,Non,41709.575,Non
4641,15670753,Uvarova,614,Espagne,Homme,35.0,2,63641.89,1,Oui,Oui,15651.175,Non
4642,15725639,Ignatyev,793,France,Femme,63.0,9,58135.36,1,Oui,Oui,92121.625,Non
4643,15773013,Uvarov,633,France,Femme,47.0,0,0.0,1,Oui,Oui,3171.42,Oui
4644,15652192,Traeger,759,France,Femme,33.0,9,80270.68,2,Non,Non,46770.57,Non
4645,15779103,Cantamessa,527,Allemagne,Femme,39.0,9,48374.445,2,Oui,Non,47355.715,Non
4646,15672692,Yin,787,France,Femme,42.0,10,72994.325,2,Oui,Oui,39755.185,Non
4647,15806913,Bishop,670,France,Femme,54.0,2,47753.56,1,Oui,Oui,31606.655,Non
4648,15799515,Wei,652,France,Femme,48.0,8,66648.62,1,Oui,Non,38882.185,Non
4649,15708917,Martin,598,Allemagne,Homme,53.0,10,83886.48,1,Oui,Oui,68443.43,Non
4650,15698927,Ritchie,675,France,Homme,39.0,7,0.0,2,Non,Oui,18133.605,Non
4651,15745080,Griffiths,634,France,Homme,26.0,8,0.0,1,Oui,Non,10880.48,Non
4652,15778089,Stevenson,544,Espagne,Homme,37.0,2,0.0,2,Non,Non,67533.51,Non
4653,15603378,Padovano,768,France,Femme,36.0,3,70667.475,1,Non,Oui,62935.25,Non
4654,15679394,Owen,651,France,Femme,41.0,4,19308.6,1,Oui,Oui,52438.4,Non
4655,15600911,Mbadiwe,712,France,Homme,33.0,2,91444.04,1,Oui,Non,1530.5,Non
4656,15595037,Palermo,772,France,Homme,47.0,9,76173.505,1,Non,Oui,8835.89,Non
4657,15627999,Kung,590,Espagne,Homme,30.0,3,0.0,2,Oui,Non,41545.175,Non
4658,15600700,Pan,523,Allemagne,Homme,63.0,6,58113.635,1,Oui,Oui,59702.315,Non
4659,15733387,Pham,707,Espagne,Femme,53.0,6,54831.735,1,Oui,Oui,26055.225,Non
4660,15808868,Nwokeocha,652,France,Femme,31.0,3,51848.485,3,Non,Non,,Oui
4661,15584580,Fyodorova,443,France,Homme,35.0,6,80555.725,1,Non,Non,6973.33,Non
4662,15689526,Shih,542,Allemagne,Femme,35.0,9,63771.555,2,Oui,Non,234.47,Oui
4663,15793585,Anderson,675,France,Homme,35.0,8,0.0,2,Oui,Oui,28321.485,Non
4664,15667392,L?,652,Espagne,Femme,38.0,6,61540.92,2,Oui,Oui,94328.985,Non
4665,15623502,Morrison,598,Espagne,Femme,56.0,4,49182.665,1,Oui,Oui,22125.665,Non
4666,15790678,Davidson,475,France,Femme,32.0,8,59511.64,1,Oui,Non,50408.145,Non
4667,15615254,Clark,555,France,Homme,40.0,10,21514.385,1,Oui,Non,85257.105,Non
4668,15577178,Genovese,511,France,Homme,45.0,5,34187.635,1,Oui,Non,96580.125,Oui
4669,15721592,Barton,665,France,Femme,38.0,5,0.0,2,Oui,Non,78219.78,Non
4670,15579892,Doyle,708,Espagne,Homme,19.0,7,56307.93,1,Oui,Oui,2245.885,Non
4671,15768233,Chukwuebuka,435,Allemagne,Homme,37.0,8,57173.15,1,Non,Oui,490.465,Oui
4672,15752342,Bradley,704,Allemagne,Femme,54.0,6,66828.455,3,Oui,Non,72535.665,Oui
4673,15591386,Golubova,622,France,Femme,35.0,5,0.0,2,Oui,Non,25556.4,Non
4674,15747724,Briggs,671,Espagne,Femme,34.0,10,0.0,1,Oui,Non,11617.69,Non
4675,15710825,Ch'en,592,Espagne,Homme,31.0,7,55035.55,1,Non,Non,21960.68,Non
4676,15578141,Chien,592,Espagne,Homme,38.0,3,0.0,1,Oui,Oui,6452.945,Oui
4677,15699467,Connor,631,Espagne,Femme,41.0,0,0.0,1,Non,Non,43979.915,Non
4678,15666270,Omeokachie,676,France,Femme,40.0,2,73901.74,1,Oui,Non,47590.53,Oui
4679,15674551,Fitch,535,Allemagne,Homme,40.0,7,55878.25,1,Oui,Non,4064.16,Oui
4680,15712536,Fallaci,625,France,Femme,36.0,3,0.0,2,Oui,Non,20647.55,Oui
4681,15698474,Sagese,601,Allemagne,Femme,54.0,1,65519.985,2,Oui,Oui,99830.75,Non
4682,15658195,Efremova,653,France,Homme,34.0,5,59419.375,1,Oui,Oui,26410.065,Non
4683,15602845,Udinesi,466,Allemagne,Homme,41.0,2,76051.09,2,Oui,Non,90939.78,Non
4684,15812513,Nnaife,599,Allemagne,Homme,45.0,10,51791.525,1,Oui,Non,,Oui
4685,15742879,Boni,668,Espagne,Homme,38.0,1,73952.155,1,Oui,Oui,34685.025,Non
4686,15645820,Folliero,698,France,Homme,27.0,7,0.0,2,Oui,Non,55735.775,Non
4687,15592089,Larsen,788,France,Femme,43.0,10,0.0,2,Oui,Oui,58055.755,Non
4688,15565706,Akobundu,612,Espagne,Homme,35.0,1,0.0,1,Oui,Oui,41628.13,Oui
4689,15603914,Arcuri,614,France,Homme,40.0,6,0.0,1,Oui,Oui,10169.895,Oui
4690,15750104,Chan,718,Allemagne,Homme,43.0,5,66307.865,2,Oui,Non,16499.55,Non
4691,15801431,Rowe,682,Espagne,Femme,48.0,9,50599.005,1,Oui,Oui,24866.45,Non
4692,15667889,Akobundu,611,France,Femme,37.0,6,0.0,2,Oui,Non,55391.44,Non
4693,15582797,Ch'iu,685,Espagne,Homme,35.0,4,68974.255,1,Oui,Non,56819.82,Non
4694,15793881,Mitchell,721,France,Femme,35.0,6,59136.915,1,Non,Oui,1543.445,Non
4695,15784761,Ballard,554,,Femme,,7,43801.675,3,Non,Oui,48464.62,Oui
4696,15597901,Chidozie,609,France,Homme,34.0,1,0.0,1,Oui,Oui,90588.95,Non
4697,15648136,Green,658,Allemagne,Femme,28.0,9,76406.29,1,Oui,Non,83341.285,Non
4698,15627027,Shih,738,France,Homme,39.0,5,0.0,2,Oui,Oui,57194.49,Non
4699,15778947,Sullivan,628,France,Homme,36.0,3,0.0,2,Oui,Oui,4371.455,Non
4700,15815364,Ashley,736,Espagne,Femme,28.0,2,0.0,2,Oui,Oui,58715.55,Non
4701,15766765,Obiuto,664,Allemagne,Homme,39.0,7,30131.615,1,Oui,Non,85417.66,Non
4702,15766185,She,850,Allemagne,Homme,31.0,4,73293.65,1,Oui,Oui,44937.41,Non
4703,15740072,Padovesi,720,France,Femme,37.0,2,60164.44,2,Oui,Oui,69235.105,Non
4704,15650266,Medvedeva,679,Allemagne,Homme,39.0,2,73093.14,2,Oui,Oui,96987.235,Non
4705,15798906,Cox,628,France,Homme,69.0,5,0.0,2,Oui,Oui,90982.3,Non
4706,15651883,Genovesi,794,Allemagne,Femme,55.0,6,57898.35,1,Oui,Non,80263.18,Oui
4707,15775433,Tang,666,Allemagne,Homme,71.0,1,26506.645,2,Oui,Oui,56111.32,Non
4708,15605286,Moyes,565,,Homme,55.0,4,59401.675,2,Oui,Oui,64062.35,Oui
4709,15654409,Unwin,665,France,Femme,34.0,5,33908.36,1,Oui,Oui,14820.79,Non
4710,15578307,Lucchese,512,France,Femme,33.0,6,60842.655,2,Oui,Oui,41840.985,Non
4711,15572050,Yefimov,768,Allemagne,Homme,48.0,3,61415.79,1,Oui,Oui,12266.945,Oui
4712,15717984,Longo,477,France,Homme,47.0,9,72450.29,1,Oui,Non,30657.685,Oui
4713,15646539,Liao,531,France,Homme,31.0,3,48144.13,1,Oui,Non,28397.365,Non
4714,15790497,Ross,503,Espagne,Homme,37.0,6,0.0,2,Non,Non,68253.43,Non
4715,15707242,Ibeamaka,504,,Homme,40.0,5,0.0,2,Non,Non,73351.68,Non
4716,15736730,Soto,634,France,Femme,45.0,2,0.0,1,Oui,Oui,,Non
4717,15750728,Kaur,586,Espagne,Femme,42.0,2,0.0,1,Oui,Non,51444.67,Non
4718,15672945,Parkes,661,France,Femme,37.0,5,68212.59,1,Oui,Non,40551.405,Non
4719,15593900,Belousov,705,France,Homme,38.0,1,94721.86,1,Non,Oui,53324.29,Non
4720,15671014,Zhdanova,573,Espagne,Femme,72.0,8,49382.92,1,Oui,Oui,48007.765,Non
4721,15713347,Reynolds,577,Espagne,Homme,48.0,6,89926.13,1,Oui,Non,96790.16,Non
4722,15753550,Levien,684,France,Femme,43.0,7,0.0,2,Oui,Non,65546.995,Non
4723,15746258,Wright,622,France,Homme,29.0,7,50743.48,1,Oui,Oui,4394.175,Non
4724,15775678,Uspensky,716,France,Femme,44.0,1,0.0,1,Oui,Oui,76054.235,Non
4725,15591344,Donnelly,715,Espagne,Homme,42.0,6,0.0,2,Oui,Oui,64372.845,Non
4726,15701301,Murphy,646,France,Femme,42.0,3,87579.95,2,Non,Non,33562.24,Oui
4727,15768881,Saunders,738,France,Homme,29.0,2,0.0,2,Oui,Oui,85210.565,Non
4728,15797475,Brennan,720,France,Homme,44.0,3,43051.135,1,Oui,Non,90067.44,Oui
4729,15798385,Grave,512,Espagne,Femme,46.0,3,0.0,2,Oui,Oui,28204.07,Non
4730,15579996,Iroawuchi,524,Allemagne,Femme,25.0,7,65701.105,1,Non,Non,96834.245,Non
4731,15794939,Chiu,783,France,Femme,72.0,5,60607.95,2,Oui,Oui,52603.24,Non
4732,15700212,Shih,475,France,Femme,46.0,10,0.0,2,Non,Non,61476.5,Oui
4733,15638751,Ashton,838,Espagne,Femme,41.0,5,0.0,2,Oui,Non,40656.755,Non
4734,15693904,Chiang,685,Allemagne,Femme,30.0,4,42479.3,2,Non,Oui,97171.86,Non
4735,15741403,Amechi,698,Espagne,Femme,38.0,1,85924.19,1,Non,Non,8478.725,Non
4736,15734886,Mazzi,686,France,Femme,34.0,3,61985.755,2,Oui,Non,73897.315,Non
4737,15648272,Medvedeva,658,Espagne,Homme,35.0,9,35914.67,1,Oui,Oui,34070.96,Non
4738,15785352,Chang,606,France,Homme,37.0,6,41186.97,1,Non,Non,86263.45,Oui
4739,15690153,Sun,639,France,Femme,37.0,4,58060.92,2,Non,Oui,90925.37,Non
4740,15584114,Ogbonnaya,678,Allemagne,Femme,,2,76696.59,2,Oui,Oui,96914.135,Non
4741,15734177,Donahue,643,France,Homme,33.0,4,0.0,2,Oui,Oui,76496.02,Non
4742,15589544,Wallis,673,Espagne,Femme,57.0,4,0.0,2,Oui,Oui,24842.045,Non
4743,15721460,Lorenzo,678,France,Homme,60.0,8,92824.28,1,Non,Non,96078.27,Oui
4744,15675422,Conway,544,France,Femme,32.0,9,55364.195,1,Oui,Oui,7279.81,Non
4745,15606944,Fleming,645,Allemagne,Homme,43.0,9,70060.585,1,Oui,Non,5651.35,Oui
4746,15617078,Ewing,658,France,Femme,44.0,6,74240.545,1,Oui,Non,65264.565,Non
4747,15704442,Fleming,672,France,Femme,53.0,9,84703.165,4,Oui,Oui,73655.735,Oui
4748,15795540,Reye,556,France,Femme,36.0,2,67104.11,1,Non,Oui,88835.285,Non
4749,15717398,Fielding,549,Espagne,Femme,39.0,7,0.0,1,Non,Non,,Oui
4750,15634359,Dyer,639,Allemagne,Femme,41.0,5,49317.885,1,Oui,Non,99985.37,Non
4751,15567246,Selwyn,684,Allemagne,Homme,32.0,3,51315.065,2,Oui,Oui,63716.735,Non
4752,15793825,Ikechukwu,536,France,Homme,39.0,4,0.0,2,Oui,Non,13575.175,Non
4753,15751185,Aparicio,699,Espagne,Femme,50.0,0,79316.805,1,Oui,Non,96892.935,Non
4754,15655213,Udinese,591,Allemagne,Femme,51.0,8,66254.15,1,Oui,Oui,80652.34,Oui
4755,15626385,George,714,Espagne,Femme,33.0,10,51560.665,2,Oui,Oui,24836.005,Non
4756,15607395,Holt,679,France,Femme,33.0,9,56264.325,2,Oui,Non,88681.225,Non
4757,15591047,Ma,519,Espagne,Femme,47.0,6,78648.01,2,Non,Non,73639.215,Oui
4758,15649024,Trujillo,748,France,Femme,39.0,9,66432.78,1,Oui,Oui,29818.215,Oui
4759,15746664,Ts'ui,463,Espagne,Homme,20.0,8,102111.515,1,Oui,Non,64134.195,Non
4760,15623346,Czajkowski,820,France,Homme,36.0,4,0.0,2,Oui,Non,15711.345,Non
4761,15575146,Jamieson,492,Allemagne,Homme,51.0,8,58904.37,2,Oui,Oui,33655.56,Non
4762,15703394,Hawes,633,Espagne,Homme,27.0,3,0.0,2,Oui,Non,22004.455,Non
4763,15649086,Patterson,596,,Homme,42.0,7,0.0,2,Oui,Oui,60784.185,Non
4764,15713250,Izmailova,502,France,Homme,33.0,8,0.0,2,Oui,Oui,61754.505,Non
4765,15635939,Fenton,458,France,Femme,39.0,9,0.0,2,Oui,Non,58171.545,Non
4766,15589739,North,698,France,Homme,41.0,3,45302.645,1,Oui,Oui,7178.5,Non
4767,15715142,Repina,739,Allemagne,Homme,45.0,7,51351.81,1,Non,Oui,73901.47,Oui
4768,15700965,Toscano,724,France,Femme,32.0,6,0.0,2,Oui,Oui,75013.395,Non
4769,15607537,Crawford,587,Allemagne,Homme,46.0,9,53925.41,1,Oui,Non,69715.5,Oui
4770,15702462,Fiorentini,619,Espagne,Femme,44.0,6,26415.565,1,Oui,Oui,56324.61,Oui
4771,15815040,Ma,552,Allemagne,Femme,42.0,8,51681.07,1,Non,Oui,93434.79,Oui
4772,15627741,Heath,631,Allemagne,Femme,29.0,2,48431.76,2,Oui,Oui,15806.675,Non
4773,15798256,Takasuka,558,France,Femme,45.0,1,76848.765,2,Non,Non,44945.7,Oui
4774,15769064,Marshall,537,Allemagne,Homme,,3,67654.68,1,Oui,Non,15864.43,Oui
4775,15768340,Beavers,642,Allemagne,Femme,19.0,3,56952.74,1,Oui,Oui,88068.6,Non
4776,15764293,Konovalova,490,France,Homme,33.0,1,0.0,2,Oui,Oui,40396.415,Non
4777,15568849,Bryan,540,Espagne,Femme,31.0,10,59079.37,1,Oui,Oui,79013.785,Non
4778,15655952,Burke,550,France,Homme,47.0,2,0.0,2,Oui,Oui,48528.64,Non
4779,15733119,Mistry,718,France,Homme,35.0,8,0.0,2,Oui,Non,47410.425,Non
4780,15781553,Chung,760,Allemagne,Femme,49.0,9,45751.495,1,Oui,Non,58616.45,Oui
4781,15626143,Talbot,695,France,Homme,37.0,2,0.0,2,Oui,Oui,49846.325,Non
4782,15701738,Arcuri,612,Allemagne,Homme,44.0,2,57581.69,1,Oui,Oui,48838.76,Oui
4783,15622083,Paterson,647,Allemagne,Homme,30.0,6,71569.455,2,Oui,Non,1477.73,Non
4784,15740383,Jimenez,594,Espagne,Femme,38.0,10,0.0,2,Oui,Non,29166.455,Non
4785,15709643,Gray,675,France,Homme,32.0,1,0.0,3,Oui,Non,42950.545,Non
4786,15571586,Briggs,524,Espagne,Homme,29.0,3,79517.725,1,Oui,Non,1352.655,Oui
4787,15629787,Tu,652,France,Homme,27.0,10,53651.86,2,Non,Non,22217.88,Non
4788,15610781,Watt,702,France,Femme,29.0,10,44189.3,1,Oui,Non,44275.14,Non
4789,15662245,Pomeroy,588,France,Homme,32.0,1,0.0,2,Oui,Oui,4381.935,Non
4790,15768104,Wright,788,,Homme,37.0,8,70770.625,1,Non,Non,33006.635,Non
4791,15710408,Cunningham,584,Espagne,Femme,38.0,3,0.0,2,Oui,Oui,2262.7,Non
4792,15700300,Okoli,674,Allemagne,Femme,44.0,4,65796.925,1,Non,Oui,85672.51,Oui
4793,15727138,Kulikova,774,Espagne,Homme,46.0,9,0.0,2,Oui,Oui,17387.13,Non
4794,15742442,Udegbulam,705,Espagne,Femme,46.0,5,44682.455,1,Non,Oui,69581.075,Non
4795,15570970,Han,647,France,Femme,42.0,9,0.0,2,Oui,Oui,25681.41,Non
4796,15583692,Chan,591,Allemagne,Femme,35.0,2,45097.17,2,Oui,Non,28532.285,Non
4797,15775662,McKay,760,France,Homme,43.0,8,60955.795,1,Oui,Non,96656.165,Non
4798,15803689,Begum,647,Allemagne,Femme,51.0,1,59870.885,2,Non,Non,27477.255,Oui
4799,15611430,Abramowitz,690,France,Homme,54.0,5,0.0,1,Oui,Non,6423.805,Oui
4800,15763798,McMillan,680,France,Homme,23.0,5,70003.595,1,Non,Oui,,Non
4801,15743532,Ball,704,Allemagne,Homme,27.0,5,73502.17,1,Oui,Non,32190.665,Oui
4802,15616221,Wilson,497,France,Femme,29.0,4,42823.405,1,Non,Non,31616.51,Oui
4803,15712287,Pokrovskii,652,France,Femme,80.0,4,0.0,2,Oui,Oui,94301.535,Non
4804,15621466,Waters,606,Allemagne,Homme,38.0,3,49948.765,1,Non,Non,18527.325,Non
4805,15783526,Le Hunte,589,France,Homme,36.0,1,50447.77,1,Oui,Oui,34037.57,Non
4806,15776124,Mann,802,Espagne,Homme,51.0,7,0.0,1,Non,Oui,20427.895,Non
4807,15772650,Longo,732,France,Homme,55.0,9,68288.01,1,Non,Oui,1634.085,Oui
4808,15780770,Kerr,445,France,Homme,31.0,7,72528.295,1,Oui,Oui,,Non
4809,15680001,McDonald,602,,Homme,38.0,7,55917.97,2,Oui,Non,62194.805,Non
4810,15599860,Warner,647,Espagne,Femme,26.0,8,54979.075,1,Oui,Oui,68296.12,Oui
4811,15569050,Farrell,444,France,Homme,45.0,6,0.0,1,Oui,Non,65004.925,Oui
4812,15669994,Greece,556,Allemagne,Femme,31.0,1,64331.905,2,Oui,Non,62541.645,Non
4813,15730397,Narelle,739,Espagne,Homme,40.0,1,54840.805,1,Oui,Oui,96660.65,Non
4814,15627162,Blesing,695,Allemagne,Homme,27.0,6,62776.48,1,Oui,Non,52645.63,Non
4815,15631685,Lambert,523,Allemagne,Homme,60.0,1,81947.175,1,Non,Oui,28530.855,Non
4816,15751203,Cattaneo,702,France,Homme,26.0,5,28369.235,2,Oui,Oui,50221.11,Oui
4817,15784148,Beneventi,643,France,Homme,62.0,9,0.0,2,Non,Non,77935.41,Non
4818,15806796,Higgins,516,Allemagne,Femme,33.0,10,69423.95,1,Oui,Oui,63628.35,Non
4819,15687913,Mai,501,Allemagne,Femme,34.0,7,46622.21,1,Non,Oui,99902.815,Non
4820,15778005,Kemp,785,France,Femme,39.0,1,65073.99,1,Oui,Non,,Oui
4821,15672397,Smith,598,France,Homme,38.0,0,62743.945,1,Non,Non,79055.855,Non
4822,15757535,Heap,647,Espagne,Femme,44.0,5,0.0,3,Oui,Oui,87102.61,Oui
4823,15809279,Wallace,773,France,Homme,45.0,8,48438.605,1,Oui,Oui,56975.255,Non
4824,15801924,Browne,754,Espagne,Femme,27.0,8,0.0,2,Non,Non,60910.58,Non
4825,15611365,Fanucci,730,France,Femme,32.0,9,63830.845,1,Non,Non,30452.755,Non
4826,15756167,Doyne,762,Espagne,Femme,43.0,5,67102.335,1,Oui,Oui,69985.505,Non
4827,15652540,Garnsey,683,France,Homme,31.0,2,0.0,2,Non,Oui,38663.39,Non
4828,15782806,Watson,718,Espagne,Homme,28.0,6,0.0,2,Oui,Non,73437.93,Non
4829,15797787,Denisov,614,France,Homme,,1,59155.88,1,Oui,Non,73067.34,Non
4830,15807008,McGregor,614,Allemagne,Femme,35.0,6,64050.14,1,Non,Non,34727.12,Oui
4831,15571081,Hansen,773,France,Femme,41.0,7,95119.465,1,Oui,Oui,28774.825,Non
4832,15586914,Nepean,659,France,Homme,36.0,6,61920.745,2,Oui,Non,48416.5,Non
4833,15633531,Lavrov,717,France,Femme,76.0,9,69244.83,1,Oui,Oui,34200.07,Non
4834,15758023,Grigoryeva,544,Allemagne,Homme,47.0,5,52622.605,1,Non,Non,,Oui
4835,15667417,Tao,572,France,Homme,33.0,9,34096.86,1,Oui,Non,9999.155,Non
4836,15614834,Long,619,Espagne,Femme,31.0,3,70875.91,1,Non,Oui,30765.93,Non
4837,15587066,Kovaleva,535,France,Homme,,2,59636.145,1,Non,Non,97948.295,Oui
4838,15668679,Ozerova,630,France,Homme,31.0,0,0.0,2,Oui,Oui,17237.57,Non
4839,15765287,Grant,850,France,Femme,38.0,2,0.0,2,Oui,Non,4507.535,Non
4840,15605447,Palermo,752,France,Homme,49.0,2,39326.92,1,Oui,Non,3849.3,Non
4841,15587210,McCartney,591,Allemagne,Femme,44.0,10,56790.99,1,Oui,Non,992.705,Non
4842,15656086,Bovee,542,Espagne,Homme,,8,52885.07,1,Non,Oui,70464.99,Oui
4843,15755863,Milano,630,,Femme,49.0,1,0.0,2,Non,Oui,81429.145,Non
4844,15609058,Wan,676,France,Homme,23.0,1,53893.735,1,Non,Oui,58189.41,Non
4845,15619898,Chiefo,785,France,Homme,55.0,5,0.0,2,Oui,Oui,3504.325,Non
4846,15723339,Chin,554,France,Femme,38.0,4,68827.025,2,Oui,Oui,86314.835,Non
4847,15575492,Kennedy,828,France,Femme,41.0,7,0.0,2,Oui,Non,,Non
4848,15654372,Pearce,462,Allemagne,Homme,34.0,1,47341.28,2,Oui,Non,69239.1,Non
4849,15617603,Mackay,850,Allemagne,Homme,30.0,5,61605.28,2,Oui,Oui,51090.135,Non
4850,15811343,Cattaneo,644,Allemagne,Homme,35.0,5,80795.555,3,Oui,Oui,31897.81,Non
4851,15609299,Chamberlain,595,France,Homme,29.0,6,75342.895,1,Oui,Non,43885.53,Non
4852,15607884,Wallace,663,France,Femme,39.0,8,0.0,2,Oui,Oui,50584.45,Non
4853,15633877,Morrison,706,Espagne,Femme,42.0,8,47693.41,1,Oui,Oui,37866.125,Non
4854,15638803,Donaldson,733,Espagne,Femme,32.0,5,0.0,2,Oui,Non,65812.57,Non
4855,15643392,Woods,742,France,Homme,31.0,4,52619.55,1,Oui,Oui,9850.12,Non
4856,15611786,Tsui,668,Espagne,Femme,69.0,9,0.0,1,Non,Oui,67241.535,Non
4857,15589257,Grant,670,France,Femme,35.0,3,51732.51,2,Oui,Oui,87313.53,Non
4858,15609899,Obiora,548,Espagne,Homme,37.0,4,0.0,1,Oui,Non,60881.84,Non
4859,15772363,Hilton,772,Allemagne,Femme,42.0,0,50989.58,1,Oui,Non,45464.24,Non
4860,15747323,Vasilyeva,535,Espagne,Homme,48.0,9,54736.235,1,Oui,Non,78679.215,Oui
4861,15585901,Johnson,717,Espagne,Homme,35.0,1,0.0,3,Non,Non,87385.07,Oui
4862,15646310,Mao,684,Espagne,Homme,24.0,8,71791.445,1,Oui,Oui,11263.635,Non
4863,15677906,Owens,637,Espagne,Femme,54.0,5,0.0,1,Non,Oui,75418.49,Non
4864,15699294,Pope,555,France,Homme,30.0,1,0.0,2,Non,Non,,Non
4865,15775625,McKenzie,596,France,Homme,47.0,6,0.0,1,Oui,Non,,Non
4866,15800434,Burgess,811,Allemagne,Homme,52.0,10,38457.7,1,Non,Non,73179.905,Oui
4867,15726855,Oliver,805,Allemagne,Femme,45.0,9,58292.985,1,Oui,Non,94714.375,Oui
4868,15576219,Cameron,615,France,Homme,32.0,4,0.0,2,Oui,Oui,3112.815,Non
4869,15660636,Carpenter,540,Espagne,Femme,40.0,8,0.0,2,Oui,Non,1780.0,Non
4870,15612064,Tsou,474,France,Homme,33.0,5,0.0,2,Oui,Non,90972.76,Oui
4871,15659807,Nwachinemelu,657,Espagne,Homme,41.0,8,54701.065,1,Oui,Oui,33231.81,Non
4872,15770719,Duncan,697,France,Femme,39.0,6,75776.595,1,Oui,Oui,22473.145,Non
4873,15628947,Praed,693,France,Femme,38.0,3,0.0,2,Non,Non,39066.74,Oui
4874,15750638,Obiajulu,705,Allemagne,Femme,33.0,5,58382.85,1,Non,Non,95329.585,Oui
4875,15810845,T'ang,636,France,Homme,42.0,2,0.0,2,Oui,Oui,27735.39,Non
4876,15575619,Teakle,656,Espagne,Femme,32.0,1,52127.135,1,Oui,Oui,8517.185,Non
4877,15773591,Jobson,787,France,Homme,46.0,7,58842.655,2,Oui,Oui,46680.175,Non
4878,15589361,Chikwendu,716,Espagne,Homme,34.0,9,0.0,1,Oui,Oui,33347.855,Non
4879,15665158,Chukwuemeka,813,Espagne,Homme,27.0,1,68637.68,1,Non,Oui,,Non
4880,15611157,McElhone,709,France,Femme,32.0,2,43907.445,1,Oui,Non,69289.185,Non
4881,15577170,Manfrin,532,France,Homme,60.0,5,38352.935,2,Non,Oui,6944.865,Non
4882,15768530,Emery,554,Espagne,Femme,27.0,4,0.0,2,Oui,Oui,67541.865,Non
4883,15641319,Afanasyeva,518,Espagne,Homme,50.0,4,0.0,1,Non,Non,53556.125,Oui
4884,15713267,Zimmer,779,Espagne,Femme,,5,0.0,2,Non,Oui,55838.315,Non
4885,15599976,Bellasis,749,France,Femme,27.0,9,0.0,2,Oui,Non,66367.435,Non
4886,15629299,Yang,546,Allemagne,Femme,52.0,1,53037.445,1,Oui,Oui,11774.225,Oui
4887,15668472,Ritchie,705,Espagne,Femme,24.0,5,88899.915,2,Non,Non,39943.03,Non
4888,15812040,Lorenzo,594,France,Homme,36.0,6,76940.075,1,Non,Non,67715.86,Non
4889,15800031,Laura,681,France,Homme,43.0,3,33169.34,1,Oui,Oui,9386.25,Oui
4890,15806455,Miller,611,France,Homme,27.0,7,0.0,2,Oui,Oui,78737.05,Non
4891,15814930,McGregor,588,Allemagne,Femme,40.0,10,62767.255,1,Oui,Non,60752.09,Oui
4892,15613014,Hs?,722,Allemagne,Homme,29.0,1,53616.925,2,Oui,Non,12462.46,Non
4893,15641860,Bradley,764,Allemagne,Homme,34.0,6,54380.135,2,Oui,Non,,Oui
4894,15626795,Gorman,672,France,Femme,40.0,3,0.0,1,Oui,Non,56585.805,Oui
4895,15572374,Hopetoun,733,Espagne,Homme,36.0,1,0.0,2,Non,Oui,54188.91,Non
4896,15749328,Johnson,697,France,Femme,45.0,1,0.0,2,Oui,Non,23403.81,Oui
4897,15592570,Marino,773,Espagne,Femme,23.0,8,0.0,2,Oui,Non,28379.895,Non
4898,15600510,Hsueh,680,Espagne,Femme,37.0,6,62070.285,2,Oui,Non,46413.175,Non
4899,15570289,Benson,697,Allemagne,Homme,43.0,8,51704.58,1,Oui,Non,33446.64,Oui
4900,15705506,Perry,751,,Homme,38.0,7,0.0,2,Non,Non,45419.805,Non
4901,15814940,Lawrence,642,Espagne,Femme,33.0,9,0.0,2,Oui,Oui,75237.57,Non
4902,15662641,Amadi,850,France,Homme,19.0,8,0.0,1,Oui,Oui,34284.945,Non
4903,15715003,Ko,625,Espagne,Femme,49.0,2,40408.225,1,Oui,Oui,10009.395,Non
4904,15656613,McGregor,646,France,Femme,34.0,3,65641.555,1,Non,Non,65250.325,Non
4905,15805690,Chin,694,Espagne,Femme,35.0,7,0.0,1,Oui,Non,66785.215,Oui
4906,15651315,Dilke,627,France,Homme,41.0,3,0.0,2,Oui,Non,66359.9,Non
4907,15796505,Boyle,811,Allemagne,Femme,34.0,1,74648.595,2,Oui,Oui,93169.87,Non
4908,15635459,Shih,667,Allemagne,Femme,27.0,3,53058.25,2,Oui,Non,1837.355,Non
4909,15696564,Nweke,752,France,Homme,38.0,0,72987.395,2,Oui,Oui,68847.115,Non
4910,15631063,Trentino,710,France,Femme,33.0,2,0.0,2,Oui,Non,36472.66,Non
4911,15704231,Barrett,430,France,Femme,33.0,8,0.0,1,Oui,Oui,34879.955,Non
4912,15609804,Hyde,688,France,Homme,29.0,1,0.0,2,Oui,Non,77347.785,Non
4913,15708063,Walker,712,France,Homme,36.0,2,50374.75,3,Non,Non,35379.185,Oui
4914,15785167,Padovano,795,Espagne,Homme,29.0,4,0.0,2,Non,Non,77855.82,Non
4915,15765846,Chuang,820,Espagne,Femme,31.0,2,47111.265,1,Oui,Non,51785.4,Non
4916,15764841,Vidler,623,France,Femme,35.0,0,65278.62,1,Oui,Oui,23940.355,Non
4917,15632472,Scott,472,Espagne,Femme,32.0,1,79698.875,1,Non,Oui,28661.59,Non
4918,15681697,Rueda,508,France,Homme,31.0,8,36270.74,1,Oui,Non,64901.54,Non
4919,15612043,Hammonds,418,France,Homme,36.0,7,45072.52,1,Oui,Oui,34578.965,Non
4920,15628308,Akubundu,850,France,Femme,24.0,6,0.0,2,Oui,Oui,6579.95,Non
4921,15652700,Ritchie,539,France,Homme,39.0,6,0.0,2,Oui,Oui,43383.74,Non
4922,15578375,Farrell,628,France,Homme,39.0,6,0.0,2,Non,Non,67220.8,Non
4923,15754929,Douglas,757,,Homme,31.0,10,19769.695,2,Non,Non,96259.695,Non
4924,15759741,Knepper,591,Allemagne,Femme,34.0,4,75317.65,1,Oui,Oui,36137.42,Non
4925,15713505,Harriman,554,France,Homme,31.0,1,0.0,2,Non,Oui,96330.275,Non
4926,15715988,Cockett,793,France,Homme,35.0,2,0.0,2,Oui,Oui,39852.06,Non
4927,15579714,Pan,542,France,Femme,29.0,7,0.0,2,Non,Oui,98325.86,Non
4928,15570912,Ogbonnaya,728,Allemagne,Femme,32.0,9,63886.05,2,Oui,Oui,76321.74,Non
4929,15736990,Chuang,537,France,Homme,28.0,3,78921.035,1,Oui,Non,43455.745,Non
4930,15648367,Lo,600,Allemagne,Femme,29.0,6,37215.05,2,Oui,Oui,48025.55,Non
4931,15732334,Black,653,France,Femme,40.0,0,0.0,2,Oui,Non,17897.925,Non
4932,15568963,Naquin,674,Allemagne,Homme,34.0,2,76398.95,1,Oui,Non,87854.7,Oui
4933,15723873,Ponomarev,657,Espagne,Homme,31.0,3,62583.51,1,Non,Non,49410.195,Non
4934,15732270,Hung,727,Espagne,Homme,71.0,8,0.0,1,Oui,Oui,99223.455,Oui
4935,15789055,Watt,635,Espagne,Homme,35.0,2,56817.58,1,Oui,Non,45441.56,Non
4936,15643158,Chiganu,598,France,Femme,40.0,9,0.0,1,Oui,Non,34231.295,Oui
4937,15742272,Ozerova,669,France,Femme,44.0,8,48209.045,1,Non,Non,65804.74,Oui
4938,15752915,Hsueh,488,France,Femme,34.0,2,0.0,2,Oui,Oui,90635.42,Non
4939,15701522,Yermolayeva,711,France,Femme,29.0,9,0.0,2,Non,Oui,1617.4,Non
4940,15779529,Grant,620,France,Homme,32.0,7,0.0,2,Oui,Oui,17332.895,Non
4941,15784320,Lenhardt,632,France,Femme,44.0,3,66896.945,1,Oui,Oui,17303.57,Oui
4942,15691104,Kennedy,460,Allemagne,Femme,40.0,6,59753.79,2,Oui,Non,45780.315,Oui
4943,15758836,Godfrey,675,Espagne,Homme,36.0,3,27049.09,2,Non,Oui,27239.26,Non
4944,15632789,Maclean,794,France,Homme,30.0,8,0.0,2,Oui,Oui,12056.955,Non
4945,15702561,Dale,782,France,Homme,32.0,9,0.0,1,Oui,Oui,43783.485,Non
4946,15733014,Nolan,813,France,Femme,62.0,10,32333.975,2,Non,Oui,70227.07,Non
4947,15791302,Swift,741,France,Homme,32.0,8,0.0,2,Oui,Non,71799.35,Non
4948,15683471,Hansen,691,France,Homme,38.0,7,0.0,2,Non,Non,40808.7,Non
4949,15799534,McClaran,720,France,Homme,71.0,5,91567.695,2,Oui,Oui,98844.25,Non
4950,15674541,Robinson,575,Espagne,Homme,52.0,8,61962.615,1,Non,Non,55671.33,Oui
4951,15795151,Hartzler,705,France,Femme,38.0,3,61947.215,1,Oui,Non,10588.55,Non
4952,15673180,Onyekaozulu,727,Allemagne,Femme,18.0,2,46908.35,2,Oui,Non,63086.055,Non
4953,15648876,Sandover,501,France,Femme,34.0,5,0.0,1,Oui,Non,13690.495,Non
4954,15713043,Siciliani,691,France,Femme,33.0,6,0.0,2,Oui,Oui,50204.155,Non
4955,15615477,Ignatyeva,529,Espagne,Femme,44.0,1,0.0,2,Non,Non,7080.65,Non
4956,15622729,Sun,649,,Femme,,2,0.0,2,Oui,Oui,33301.35,Non
4957,15685844,White,518,Allemagne,Femme,35.0,8,70832.815,1,Non,Oui,96388.32,Non
4958,15751748,Trevisani,666,France,Homme,51.0,2,74111.325,1,Non,Non,78476.77,Oui
4959,15782247,Yeh,540,France,Homme,22.0,4,0.0,3,Oui,Oui,93116.63,Oui
4960,15724632,Madukaego,537,France,Femme,41.0,0,0.0,2,Non,Oui,87631.245,Non
4961,15815125,Michael,668,Espagne,Homme,45.0,4,51243.105,2,Oui,Oui,79189.625,Non
4962,15768270,DeRose,579,Espagne,Femme,31.0,9,0.0,2,Oui,Non,56197.99,Non
4963,15628145,Forwood,682,France,Femme,43.0,5,62925.965,1,Oui,Oui,96659.165,Non
4964,15727819,Hartley,677,,Femme,34.0,10,85835.95,1,Oui,Oui,25388.885,Non
4965,15605531,Daly,457,Espagne,Femme,38.0,6,0.0,2,Oui,Non,86609.545,Non
4966,15691817,Iloerika,547,Espagne,Femme,44.0,5,0.0,3,Non,Non,2729.535,Oui
4967,15593736,Cook,598,Allemagne,Femme,46.0,7,65884.52,1,Non,Non,92490.115,Oui
4968,15592583,Colman,731,France,Femme,47.0,1,57707.095,3,Non,Non,95867.335,Oui
4969,15670702,Smith,618,France,Homme,37.0,2,84089.105,2,Non,Oui,50636.615,Non
4970,15733616,Sopuluchukwu,806,France,Homme,40.0,5,40306.965,1,Oui,Oui,,Non
4971,15595874,Gorbunova,666,Espagne,Femme,36.0,6,0.0,2,Oui,Non,88346.435,Non
4972,15799422,Evans,535,France,Femme,40.0,8,0.0,1,Oui,Oui,13844.885,Non
4973,15670668,Webb,658,Allemagne,Homme,29.0,5,37697.765,2,Non,Oui,27457.46,Non
4974,15566091,Thomsen,545,Espagne,Femme,32.0,4,0.0,1,Oui,Non,47369.6,Non
4975,15578761,Cunningham,459,Espagne,Femme,42.0,6,64817.125,2,Oui,Oui,88841.51,Oui
4976,15618936,MacDonald,688,France,Femme,51.0,5,0.0,1,Oui,Non,45812.055,Oui
4977,15659495,Fu,784,Espagne,Homme,23.0,2,0.0,1,Oui,Oui,3423.865,Non
4978,15591711,Sleeman,739,Espagne,Homme,38.0,0,64183.22,1,Oui,Non,6398.215,Non
4979,15766066,Nikitina,668,Allemagne,Femme,28.0,1,62255.505,1,Non,Non,57129.09,Non
4980,15705313,Stange,707,France,Femme,33.0,2,29018.165,1,Oui,Oui,41667.89,Non
4981,15631217,Young,663,France,Homme,40.0,6,78109.095,1,Non,Oui,16803.86,Non
4982,15786800,Gould,723,Allemagne,Homme,52.0,5,65847.485,1,Non,Oui,46436.75,Oui
4983,15684769,Whitson,542,France,Homme,67.0,10,64715.68,1,Non,Oui,10671.87,Non
4984,15655794,Hanna,620,France,Homme,36.0,8,0.0,2,Oui,Oui,72968.995,Non
4985,15681115,Iroawuchi,787,Espagne,Homme,39.0,10,54467.695,1,Oui,Oui,50584.15,Non
4986,15717527,Ifeanacho,619,France,Femme,49.0,9,72679.995,1,Oui,Non,19093.425,Non
4987,15631868,Robertson,744,Espagne,Homme,36.0,2,76902.22,1,Oui,Oui,43606.665,Non
4988,15612776,McKay,850,Espagne,Femme,,10,0.0,2,Oui,Oui,71515.045,Non
4989,15736008,Hunter,644,France,Femme,46.0,9,47720.635,1,Oui,Non,54380.525,Oui
4990,15737778,Dickson,782,Espagne,Femme,41.0,4,0.0,1,Oui,Non,66471.94,Non
4991,15567557,Chien,573,France,Homme,,2,64121.515,1,Oui,Oui,5815.67,Non
4992,15694453,Walker,631,Allemagne,Homme,37.0,9,65759.745,2,Oui,Oui,25876.09,Non
4993,15785654,Ofodile,727,Allemagne,Homme,,6,57211.425,2,Oui,Oui,52339.39,Oui
4994,15784124,Emenike,645,Allemagne,Homme,41.0,2,46962.65,1,Oui,Non,61991.07,Oui
4995,15595657,Hannam,649,Allemagne,Homme,40.0,4,47500.665,1,Non,Oui,61601.495,Non
4996,15571476,Kelly,635,Espagne,Homme,38.0,0,51628.57,1,Non,Non,79172.315,Non
4997,15792305,Mountgarrett,762,,Homme,46.0,6,61785.885,3,Non,Oui,28507.085,Oui
4998,15635728,P'an,693,France,Homme,41.0,4,0.0,2,Non,Non,78190.735,Non
4999,15740476,Tsao,659,,Femme,32.0,3,75461.87,2,Non,Oui,87326.255,Non
5000,15597265,Mao,660,France,Homme,38.0,7,0.0,2,Non,Oui,,Non
5001,15665014,Middleton,458,Espagne,Homme,36.0,5,0.0,2,Oui,Non,39861.89,Non
5002,15758685,Dubinina,706,Espagne,Femme,37.0,7,0.0,2,Oui,Oui,,Non
5003,15631912,T'ao,840,France,Homme,30.0,8,68145.855,1,Oui,Non,27056.69,Non
5004,15756272,James,526,Allemagne,Femme,35.0,9,59268.2,1,Oui,Non,20490.435,Oui
5005,15608873,Smith,665,France,Homme,51.0,2,0.0,1,Non,Non,26676.68,Non
5006,15701908,Nina,623,Espagne,Femme,40.0,7,0.0,1,Oui,Oui,12952.06,Non
5007,15642098,Cox,622,Espagne,Femme,36.0,0,54480.0,2,Oui,Non,55590.15,Oui
5008,15786392,Chen,765,France,Homme,41.0,4,62091.105,1,Non,Non,50076.715,Non
5009,15757001,Mai,624,France,Femme,32.0,2,39684.435,2,Oui,Oui,72735.97,Non
5010,15760662,Francis,521,Allemagne,Femme,29.0,2,43606.4,1,Oui,Oui,497.43,Non
5011,15790204,Myers,663,Espagne,Femme,22.0,9,0.0,1,Oui,Non,14567.945,Oui
5012,15699515,Manfrin,643,Allemagne,Homme,33.0,7,49315.155,2,Oui,Oui,20125.41,Non
5013,15565806,Toosey,532,France,Homme,38.0,9,0.0,2,Non,Non,15291.975,Non
5014,15660211,Shih,629,Allemagne,Homme,35.0,7,78423.645,2,Oui,Non,15912.145,Non
5015,15599004,Tsao,655,Espagne,Homme,37.0,1,0.0,1,Oui,Oui,53020.485,Non
5016,15735203,Seleznyov,654,Allemagne,Femme,32.0,1,57255.425,1,Oui,Oui,63071.615,Non
5017,15660535,Avent,680,France,Femme,47.0,5,0.0,2,Oui,Oui,89921.665,Non
5018,15634146,Hou,835,Allemagne,Homme,18.0,2,71436.18,1,Oui,Oui,58816.315,Non
5019,15811970,Kang,653,France,Femme,42.0,1,0.0,2,Oui,Oui,2884.16,Non
5020,15808905,Levan,823,France,Homme,37.0,5,82429.09,1,Oui,Oui,86758.355,Non
5021,15572626,Mackenzie,620,Espagne,Homme,44.0,8,0.0,2,Oui,Oui,7813.755,Non
5022,15585379,Humphries,704,France,Homme,39.0,2,55762.51,1,Oui,Non,99742.48,Non
5023,15660608,Chimaraoke,699,France,Homme,44.0,8,79348.805,1,Oui,Non,53590.61,Non
5024,15610686,Melton,850,France,Homme,63.0,8,84916.285,1,Non,Non,92053.63,Oui
5025,15620344,McKee,813,France,Homme,29.0,6,0.0,1,Oui,Non,16976.935,Non
5026,15575759,Bentley,583,Espagne,Femme,40.0,3,27214.185,1,Oui,Non,54819.39,Oui
5027,15796071,Loane,657,Espagne,Homme,29.0,7,41944.515,1,Oui,Non,76529.81,Non
5028,15729377,Ku,798,France,Homme,36.0,1,0.0,2,Oui,Oui,79522.05,Non
5029,15750970,Davidson,500,Espagne,Homme,40.0,1,49502.12,1,Oui,Oui,76422.995,Non
5030,15579706,Curtis,611,France,Femme,46.0,5,0.0,1,Oui,Non,38838.57,Oui
5031,15589948,Disher,607,Espagne,Homme,28.0,1,67968.05,2,Oui,Oui,55280.07,Non
5032,15747762,Chigozie,609,France,Homme,32.0,7,59260.205,1,Non,Non,1907.74,Non
5033,15682021,Lai,471,Allemagne,Homme,23.0,6,52296.275,2,Oui,Non,65868.115,Non
5034,15646302,Shao,705,France,Femme,24.0,7,50084.755,1,Oui,Non,60704.275,Non
5035,15725767,Milani,701,France,Homme,23.0,3,0.0,2,Oui,Non,19480.295,Non
5036,15685096,Trevisani,753,France,Femme,50.0,4,0.0,2,Oui,Oui,430.7,Non
5037,15704250,Akabueze,506,France,Homme,34.0,7,0.0,2,Non,Non,57921.05,Non
5038,15701291,Chidubem,601,France,Homme,44.0,3,0.0,2,Oui,Non,15303.555,Non
5039,15693018,Ermakova,678,Allemagne,Homme,23.0,10,57781.855,1,Oui,Oui,45816.765,Non
5040,15787550,Chao,719,France,Homme,69.0,3,0.0,2,Oui,Oui,29160.03,Non
5041,15617655,Holt,564,Espagne,Femme,35.0,9,0.0,2,Oui,Oui,52918.69,Non
5042,15634950,Obiajulu,657,Allemagne,Homme,57.0,8,53587.29,1,Oui,Oui,63184.775,Oui
5043,15650437,Shen,522,,Homme,32.0,8,62225.18,2,Oui,Oui,82893.05,Non
5044,15669922,Conti,530,Espagne,Femme,36.0,2,0.0,2,Oui,Oui,7360.9,Non
5045,15619953,Efremov,662,Espagne,Femme,42.0,6,52510.64,1,Oui,Non,24121.19,Non
5046,15637411,Tochukwu,749,France,Homme,30.0,1,0.0,2,Non,Oui,63275.825,Non
5047,15646558,Clamp,611,Espagne,Homme,51.0,1,61437.37,1,Oui,Oui,74824.225,Non
5048,15786789,Ni,725,France,Femme,29.0,6,0.0,2,Oui,Oui,95388.415,Non
5049,15609558,McDonald,835,Allemagne,Femme,47.0,5,54144.64,2,Oui,Oui,22929.775,Oui
5050,15734461,Brooks,562,Allemagne,Homme,31.0,2,56354.1,1,Non,Oui,93185.15,Non
5051,15617866,Calabrese,657,Espagne,Homme,67.0,5,59892.735,2,Oui,Oui,,Non
5052,15771977,T'ao,730,France,Femme,39.0,1,49505.335,1,Oui,Non,97472.9,Non
5053,15694160,Sagese,624,France,Homme,37.0,0,0.0,2,Non,Non,56052.275,Non
5054,15572467,Chandler,506,France,Homme,37.0,5,0.0,2,Oui,Oui,,Non
5055,15682489,Crumbley,605,France,Homme,27.0,9,0.0,2,Oui,Non,99045.905,Non
5056,15775627,Gordon,509,France,Homme,35.0,8,0.0,2,Non,Oui,33715.64,Non
5057,15768763,Bogdanov,562,France,Homme,37.0,2,0.0,1,Non,Oui,26262.575,Oui
5058,15684865,Lucchesi,771,France,Femme,66.0,7,71886.535,1,Oui,Oui,65413.94,Non
5059,15569249,Howarth,576,France,Femme,55.0,6,22291.035,3,Non,Oui,33769.925,Oui
5060,15672246,Jefferies,686,Allemagne,Homme,43.0,2,67448.015,1,Oui,Oui,48923.525,Non
5061,15730460,Oleary,722,France,Homme,37.0,2,0.0,1,Non,Non,60453.415,Non
5062,15806983,Moss,640,France,Homme,44.0,3,68574.34,1,Oui,Non,46190.505,Non
5063,15812607,Wilson,663,Allemagne,Femme,46.0,6,47719.7,1,Oui,Oui,10519.29,Oui
5064,15745624,McKenzie,828,France,Homme,37.0,4,0.0,2,Oui,Non,47422.725,Non
5065,15790659,Sheets,701,Espagne,Homme,59.0,7,0.0,2,Non,Oui,13798.795,Non
5066,15766609,Jowers,655,France,Femme,,10,0.0,2,Oui,Non,83889.31,Non
5067,15737047,Weatherford,754,France,Femme,45.0,6,0.0,1,Oui,Non,36940.84,Oui
5068,15599591,Martin,600,Allemagne,Femme,39.0,7,44238.68,2,Oui,Non,29316.185,Non
5069,15644882,Watson,616,Allemagne,Femme,36.0,10,39124.765,1,Oui,Non,68467.455,Non
5070,15584363,Longstaff,824,France,Homme,30.0,0,66817.01,1,Oui,Oui,81026.96,Non
5071,15692406,Gow,427,France,Homme,37.0,5,0.0,2,Oui,Oui,60742.55,Non
5072,15570271,Wan,577,Espagne,Homme,31.0,6,0.0,1,Oui,Oui,98197.625,Non
5073,15602282,Kao,587,Allemagne,Femme,45.0,8,67490.37,1,Oui,Oui,61654.785,Oui
5074,15784130,He,850,Allemagne,Femme,30.0,8,77435.14,1,Oui,Oui,27095.69,Non
5075,15580043,Murray,575,Espagne,Femme,22.0,8,52614.67,1,Oui,Oui,17198.54,Non
5076,15671582,John,660,Espagne,Homme,38.0,6,54934.66,1,Oui,Oui,77320.955,Non
5077,15605134,Bond,617,France,Femme,34.0,0,65622.325,2,Oui,Non,91614.51,Non
5078,15712551,Shen,622,Allemagne,Femme,58.0,7,58461.125,1,Oui,Non,,Oui
5079,15706458,Pan,812,Allemagne,Homme,39.0,5,57865.355,3,Oui,Oui,92799.67,Oui
5080,15694200,Gardner,693,France,Homme,36.0,8,89055.91,1,Non,Non,29359.815,Oui
5081,15615016,Maurer,515,France,Homme,33.0,2,0.0,2,Oui,Oui,68014.485,Non
5082,15661349,Perkins,633,,Homme,35.0,10,0.0,2,Oui,Non,32837.735,Non
5083,15768495,Chidimma,700,France,Femme,32.0,8,55461.575,2,Oui,Oui,80922.905,Oui
5084,15765532,Horton,612,Allemagne,Homme,76.0,6,48083.44,1,Oui,Oui,95696.63,Non
5085,15719479,Chukwuhaenye,619,Espagne,Femme,56.0,7,0.0,2,Oui,Oui,21221.105,Non
5086,15582519,Seleznyov,479,France,Homme,47.0,6,60898.545,1,Non,Oui,2905.95,Oui
5087,15734161,Nnonso,636,France,Homme,43.0,6,0.0,2,Oui,Non,21564.475,Non
5088,15776096,Halpern,606,Espagne,Homme,34.0,3,80786.12,1,Non,Oui,95538.11,Non
5089,15678201,Robertson,548,France,Femme,46.0,1,0.0,1,Oui,Oui,52234.53,Oui
5090,15795458,McMillan,718,Espagne,Femme,39.0,2,0.0,1,Oui,Oui,26069.245,Non
5091,15688880,Amechi,672,Allemagne,Homme,40.0,10,51490.22,1,Oui,Non,642.905,Oui
5092,15746127,Hort,572,France,Femme,47.0,2,0.0,2,Oui,Non,18049.85,Non
5093,15731781,Onyemachukwu,551,France,Homme,43.0,7,0.0,2,Oui,Non,89196.84,Non
5094,15585066,Chimaraoke,660,France,Femme,43.0,1,0.0,1,Non,Oui,56013.05,Oui
5095,15699340,Okorie,680,France,Homme,37.0,4,0.0,2,Oui,Non,30620.435,Non
5096,15596405,Udinese,546,,Homme,25.0,7,63864.12,2,Oui,Oui,52639.87,Non
5097,15741092,Ingram,671,Espagne,Homme,34.0,10,76680.01,1,Oui,Non,70254.93,Non
5098,15664759,Lamb,675,Espagne,Homme,32.0,10,0.0,2,Oui,Non,,Non
5099,15802625,Hardy,733,Allemagne,Homme,48.0,7,42957.76,1,Oui,Oui,11930.25,Non
5100,15782778,Ewers,815,France,Homme,35.0,4,0.0,2,Non,Oui,,Non
5101,15768095,Yeh,579,France,Homme,31.0,9,0.0,1,Non,Oui,69524.0,Non
5102,15705735,Onyekachi,577,Espagne,Homme,43.0,3,0.0,2,Oui,Oui,67504.46,Non
5103,15766826,North,824,France,Homme,26.0,7,73133.0,1,Oui,Non,10951.81,Oui
5104,15707505,Taylor,699,Espagne,Homme,31.0,8,62963.755,2,Oui,Non,,Non
5105,15599410,Stanley,721,France,Homme,41.0,2,0.0,2,Oui,Non,84109.875,Non
5106,15717700,McIntyre,683,Espagne,Homme,34.0,9,57304.775,2,Non,Oui,12669.645,Non
5107,15729435,McKenzie,623,,Homme,40.0,6,0.0,2,Oui,Oui,33059.535,Non
5108,15791877,Gallagher,706,Allemagne,Homme,34.0,0,70320.63,2,Oui,Oui,38635.955,Non
5109,15738634,Yuan,533,France,Homme,47.0,9,41673.625,1,Oui,Oui,68848.125,Non
5110,15668958,Chatfield,521,France,Homme,30.0,2,53658.045,1,Oui,Non,32149.91,Non
5111,15603323,Bell,660,Espagne,Femme,33.0,1,0.0,2,Non,Non,58917.455,Non
5112,15619537,Lavrentiev,550,France,Homme,31.0,5,71100.095,2,Oui,Oui,61110.855,Non
5113,15684147,Palerma,678,France,Homme,43.0,5,51169.095,1,Oui,Oui,39824.81,Non
5114,15784000,Pope,715,Allemagne,Femme,34.0,9,51138.76,1,Non,Non,88926.285,Oui
5115,15692583,Udobata,678,France,Femme,32.0,5,0.0,2,Oui,Non,45142.235,Non
5116,15809100,Nucci,548,France,Femme,32.0,2,86224.385,1,Oui,Non,94041.885,Oui
5117,15786014,Ku,568,France,Homme,28.0,5,72552.82,2,Oui,Non,92744.555,Non
5118,15771086,Graham,512,France,Femme,36.0,3,42163.885,2,Oui,Non,8837.68,Non
5119,15744689,T'ang,479,Allemagne,Homme,35.0,9,46416.945,1,Oui,Non,49724.93,Oui
5120,15782531,Chou,684,Espagne,Femme,31.0,8,0.0,2,Oui,Non,94318.525,Non
5121,15651713,King,684,France,Homme,45.0,6,74035.695,1,Oui,Non,,Non
5122,15750671,Egobudike,512,Espagne,Homme,31.0,6,0.0,2,Oui,Non,,Non
5123,15789714,Semmens,691,Espagne,Homme,21.0,3,51500.47,1,Oui,Oui,52324.29,Non
5124,15724181,Hudson,647,Espagne,Homme,47.0,5,52801.605,2,Oui,Oui,78680.45,Non
5125,15626684,Huang,547,France,Femme,38.0,5,83769.985,1,Non,Oui,,Non
5126,15773869,Onwudiwe,797,Espagne,Homme,59.0,4,64660.72,1,Oui,Oui,46812.275,Non
5127,15734008,Bartlett,727,Allemagne,Homme,59.0,5,76290.53,1,Oui,Non,35915.05,Oui
5128,15699225,Pirozzi,757,France,Homme,46.0,0,0.0,2,Oui,Non,18730.025,Non
5129,15572762,Matveyeva,410,Allemagne,Femme,50.0,2,51139.395,2,Oui,Non,44911.24,Non
5130,15583067,McMillan,687,France,Femme,36.0,4,48578.98,1,Non,Oui,31592.525,Non
5131,15782468,Hart,850,Espagne,Homme,51.0,3,54899.775,2,Oui,Oui,6228.88,Oui
5132,15729018,Alexander,666,France,Femme,,2,73614.825,1,Oui,Oui,28205.085,Non
5133,15784676,Fanucci,583,France,Homme,51.0,6,62634.015,2,Oui,Non,82541.125,Non
5134,15637876,Burns,663,Allemagne,Femme,36.0,6,38626.75,1,Non,Non,17908.985,Oui
5135,15602735,Kuo,692,Allemagne,Homme,45.0,6,76148.415,4,Non,Oui,54020.43,Oui
5136,15739502,Amaechi,549,Allemagne,Femme,31.0,9,67510.105,2,Oui,Oui,11671.59,Non
5137,15621687,Mackay,813,France,Homme,34.0,0,0.0,2,Oui,Non,21584.575,Non
5138,15580560,Harris,769,France,Femme,73.0,1,0.0,1,Oui,Oui,14896.055,Non
5139,15757467,Feng,563,Espagne,Homme,57.0,6,0.0,2,Oui,Oui,19648.74,Non
5140,15583138,Persse,739,France,Homme,42.0,2,70821.46,2,Oui,Non,86074.88,Non
5141,15753874,Kent,694,,Homme,37.0,10,71917.735,1,Non,Oui,16663.355,Non
5142,15675963,Padovano,627,France,Femme,57.0,9,0.0,2,Oui,Oui,53856.21,Non
5143,15749727,Chukwufumnanya,829,Espagne,Homme,50.0,7,0.0,2,Non,Oui,89229.43,Non
5144,15597394,Rhodes,668,Espagne,Homme,34.0,0,0.0,1,Non,Non,49992.43,Non
5145,15777211,Herrera,515,France,Homme,65.0,7,46056.805,1,Oui,Oui,71274.165,Non
5146,15759874,Chamberlain,532,France,Homme,44.0,3,74297.775,1,Oui,Non,37419.32,Oui
5147,15627203,Hsu,508,Espagne,Homme,54.0,10,0.0,1,Oui,Oui,87874.68,Non
5148,15751412,Harvey,704,France,Homme,36.0,3,57185.205,1,Non,Oui,33405.24,Non
5149,15656286,Sims,794,France,Homme,33.0,0,0.0,2,Non,Non,89061.355,Non
5150,15783463,Read,678,France,Femme,26.0,1,0.0,2,Oui,Non,22721.84,Non
5151,15779586,Olisaemeka,822,,Femme,46.0,3,57537.01,2,Oui,Non,13124.93,Non
5152,15803947,Teng,757,Allemagne,Femme,30.0,6,80689.01,1,Non,Non,35963.14,Oui
5153,15663942,Hsiung,639,France,Femme,38.0,5,0.0,2,Non,Non,46858.19,Non
5154,15708362,Watson,793,France,Homme,63.0,4,51864.895,2,Oui,Oui,,Non
5155,15751788,Johnson,850,Espagne,Homme,28.0,9,48704.015,1,Oui,Oui,87926.82,Non
5156,15737910,Houghton,703,Allemagne,Homme,35.0,5,70345.54,2,Oui,Non,83905.13,Non
5157,15695103,Carr,790,Espagne,Homme,37.0,6,0.0,2,Oui,Oui,59742.005,Non
5158,15747591,Chung,665,Espagne,Femme,40.0,1,86716.275,1,Non,Oui,58383.395,Non
5159,15745266,Norman,434,Espagne,Homme,55.0,6,0.0,1,Non,Oui,36781.025,Oui
5160,15685357,Wright,750,Espagne,Femme,36.0,8,56470.035,1,Non,Oui,4927.905,Non
5161,15771270,North,635,France,Femme,27.0,8,63735.78,1,Oui,Oui,,Oui
5162,15790282,Trentino,817,Allemagne,Homme,58.0,3,57163.795,2,Oui,Oui,21415.555,Non
5163,15676521,Y?an,696,France,Femme,31.0,8,0.0,2,Non,Non,95537.055,Non
5164,15790658,Iqbal,621,Espagne,Homme,42.0,8,34341.84,1,Oui,Oui,37078.855,Non
5165,15595588,Chukwunonso,773,Espagne,Femme,39.0,4,0.0,2,Non,Oui,91040.725,Non
5166,15764916,Rowley,616,Allemagne,Femme,43.0,7,47992.105,1,Non,Oui,57631.27,Oui
5167,15632793,Wilkinson,638,France,Femme,29.0,9,51708.87,1,Oui,Oui,7668.2,Non
5168,15742404,McGregor,718,France,Homme,38.0,7,0.0,2,Oui,Non,19154.17,Non
5169,15812767,Harvey,731,Espagne,Homme,70.0,3,0.0,2,Oui,Oui,70590.33,Non
5170,15619465,Cameron,555,Espagne,Femme,24.0,2,0.0,2,Non,Oui,98933.275,Non
5171,15568328,Black,488,France,Femme,22.0,6,0.0,2,Oui,Oui,33196.945,Non
5172,15641175,Munro,701,Allemagne,Homme,63.0,3,60458.26,3,Non,Non,72363.725,Oui
5173,15811036,Ferri,565,France,Homme,46.0,7,67684.855,1,Non,Oui,70065.11,Non
5174,15742609,Lombardo,600,Allemagne,Homme,28.0,2,58311.655,1,Non,Oui,29952.645,Non
5175,15747503,Hayward,705,Espagne,Homme,44.0,0,92276.06,1,Oui,Non,34430.15,Oui
5176,15729362,Lombardi,745,France,Homme,36.0,8,33613.185,1,Oui,Non,65394.8,Non
5177,15656522,Sutherland,593,Espagne,Homme,32.0,10,79268.71,1,Oui,Non,83425.285,Non
5178,15709338,T'ao,544,France,Femme,29.0,1,59280.275,1,Oui,Oui,82068.68,Non
5179,15620443,Fiorentino,711,France,Femme,81.0,6,0.0,2,Oui,Oui,36138.12,Non
5180,15769389,Wan,709,Allemagne,Femme,39.0,9,62361.96,1,Oui,Non,36820.93,Non
5181,15740602,Boyle,674,Allemagne,Femme,27.0,4,55784.005,1,Non,Oui,11013.09,Non
5182,15671387,Fetherstonhaugh,507,France,Femme,29.0,4,44674.735,2,Non,Non,90313.34,Non
5183,15754261,Ho,648,Espagne,Homme,42.0,2,49397.805,2,Oui,Non,44561.995,Non
5184,15618155,Ts'ui,663,France,Homme,45.0,5,41597.56,1,Oui,Oui,24341.05,Non
5185,15581968,Reid,745,France,Femme,33.0,1,0.0,2,Oui,Oui,87215.505,Non
5186,15763612,T'an,756,Allemagne,Homme,41.0,2,62219.745,2,Non,Oui,,Non
5187,15614643,Chifo,731,Espagne,Femme,39.0,2,0.0,2,Oui,Non,68368.565,Non
5188,15777054,Thorpe,584,Allemagne,Homme,42.0,3,68739.565,1,Oui,Non,12834.55,Non
5189,15763922,Alexandrov,608,France,Homme,31.0,7,39981.46,2,Oui,Non,30450.86,Non
5190,15794266,Cross,559,France,Homme,32.0,9,72651.76,1,Oui,Non,51780.49,Non
5191,15608209,Currey,622,Allemagne,Homme,33.0,3,48463.06,2,Oui,Non,24276.885,Non
5192,15741719,DeRose,540,France,Femme,40.0,3,82649.06,1,Non,Oui,99931.375,Non
5193,15774285,Kentish,649,Espagne,Femme,,8,55391.64,1,Oui,Oui,35710.08,Non
5194,15770554,Fraser,769,France,Homme,31.0,4,30648.525,2,Oui,Oui,3559.01,Non
5195,15742834,Liao,640,France,Homme,45.0,1,0.0,1,Oui,Oui,5454.165,Non
5196,15683027,Chang,570,Allemagne,Homme,29.0,4,61014.325,2,Oui,Oui,86896.385,Non
5197,15760294,Endrizzi,512,France,Femme,41.0,8,72575.14,1,Oui,Non,32434.66,Oui
5198,15655171,Yermakova,624,France,Homme,80.0,3,0.0,1,Oui,Oui,32900.72,Non
5199,15792934,Carruthers,661,France,Homme,26.0,8,0.0,2,Non,Non,98437.935,Non
5200,15604536,Vachon,850,Allemagne,Femme,31.0,4,82336.33,1,Non,Oui,30968.05,Non
5201,15748532,Dale,828,Espagne,Homme,42.0,10,0.0,1,Oui,Oui,93035.57,Non
5202,15566269,Chialuka,787,France,Homme,25.0,5,0.0,2,Oui,Non,,Non
5203,15726179,Ferrari,757,Allemagne,Femme,43.0,5,65716.665,2,Oui,Oui,1748.715,Oui
5204,15572390,Huang,850,Espagne,Femme,39.0,6,0.0,2,Oui,Non,51960.715,Non
5205,15590268,Chu,529,Espagne,Homme,35.0,5,47886.485,1,Oui,Oui,56390.75,Non
5206,15783875,Li Fonti,500,France,Femme,34.0,4,0.0,2,Oui,Non,6416.98,Non
5207,15607230,Michel,588,Allemagne,Homme,33.0,9,75093.11,2,Oui,Oui,32805.505,Non
5208,15758692,Kao,669,France,Femme,29.0,7,73005.7,1,Non,Non,25124.58,Non
5209,15598044,Debellis,715,France,Femme,35.0,3,0.0,1,Oui,Oui,76006.18,Non
5210,15728505,Ts'ao,601,France,Homme,44.0,1,50243.09,2,Oui,Oui,31339.265,Non
5211,15585367,Diribe,555,Allemagne,Femme,46.0,4,60196.495,1,Oui,Non,88859.94,Oui
5212,15802220,Ikenna,599,Espagne,Homme,35.0,6,68551.325,1,Non,Non,38435.405,Non
5213,15673333,Wilson,698,Allemagne,Homme,52.0,8,48390.695,1,Oui,Oui,76686.855,Non
5214,15754820,Bergamaschi,637,Allemagne,Homme,35.0,8,73563.905,2,Oui,Oui,42380.35,Non
5215,15732791,Davide,641,Allemagne,Homme,32.0,5,61473.96,1,Oui,Oui,49577.43,Non
5216,15649508,Chin,643,Espagne,Homme,48.0,8,0.0,2,Oui,Non,87364.65,Non
5217,15796351,Yao,603,Allemagne,Homme,35.0,1,52673.015,2,Oui,Oui,65189.75,Non
5218,15785358,Gresswell,586,Allemagne,Homme,46.0,8,53484.48,1,Oui,Oui,39683.49,Oui
5219,15669490,Ifeanacho,837,Allemagne,Homme,37.0,6,47000.805,2,Oui,Non,70361.525,Non
5220,15800784,Bruce,645,France,Homme,42.0,4,49149.09,1,Oui,Oui,338.03,Non
5221,15598521,Ma,580,Allemagne,Femme,33.0,7,65823.505,2,Non,Non,39887.595,Non
5222,15761453,Kovalev,667,France,Homme,,6,0.0,1,Oui,Non,44445.025,Non
5223,15759290,Coleman,620,Espagne,Homme,29.0,9,0.0,2,Oui,Non,6566.94,Non
5224,15584190,Esposito,704,France,Homme,36.0,7,60013.49,2,Non,Oui,50300.865,Non
5225,15666297,Abramova,706,Espagne,Femme,53.0,3,0.0,3,Non,Non,44239.51,Oui
5226,15620341,Nwebube,500,Allemagne,Homme,44.0,9,80419.065,2,Oui,Non,98130.82,Non
5227,15612108,Norman,625,France,Homme,,5,82489.005,1,Oui,Oui,33894.245,Non
5228,15654456,Napolitano,511,Allemagne,Homme,48.0,6,74863.04,1,Non,Non,44153.935,Oui
5229,15584090,Jen,621,Espagne,Femme,40.0,7,0.0,2,Non,Oui,65641.8,Oui
5230,15644699,Crawford,850,,Femme,40.0,0,0.0,2,Oui,Non,549.975,Non
5231,15730447,Anderson,629,France,Femme,49.0,4,0.0,2,Oui,Oui,98167.74,Non
5232,15804002,Kovalev,691,France,Femme,33.0,1,64153.415,1,Oui,Oui,56790.395,Non
5233,15776631,Ma,466,France,Femme,36.0,5,59770.075,1,Non,Oui,40301.995,Non
5234,15632010,Chia,647,Espagne,Homme,33.0,7,60630.095,2,Oui,Non,38608.24,Non
5235,15812706,Mazure,627,Espagne,Homme,49.0,4,55543.75,1,Non,Oui,73340.125,Non
5236,15730339,Bell,670,Espagne,Homme,30.0,3,66723.17,1,Non,Non,1577.475,Non
5237,15642515,Arcuri,620,France,Femme,42.0,1,0.0,2,Non,Oui,32782.96,Non
5238,15622443,Marshall,549,France,Homme,31.0,4,0.0,2,Non,Oui,12842.425,Non
5239,15765520,Stevenson,769,Allemagne,Homme,27.0,7,94307.035,1,Oui,Non,85672.045,Non
5240,15680643,Lo,729,Espagne,Femme,42.0,1,0.0,2,Oui,Oui,74767.985,Non
5241,15754537,Ko,748,France,Homme,40.0,0,0.0,1,Non,Non,30208.38,Non
5242,15602979,Lin,751,France,Homme,29.0,1,67768.25,1,Oui,Non,,Non
5243,15675791,Williams,610,France,Homme,36.0,4,64720.15,2,Oui,Non,51319.175,Non
5244,15567778,Genovese,690,Allemagne,Femme,54.0,1,72013.9,1,Oui,Oui,54365.51,Oui
5245,15805261,Balashov,700,Espagne,Homme,29.0,8,0.0,2,Non,Oui,76048.51,Non
5246,15602500,Maslova,850,Espagne,Homme,38.0,1,73171.99,1,Non,Oui,51951.055,Non
5247,15740494,Cameron,633,France,Femme,33.0,3,0.0,2,Oui,Non,95555.51,Non
5248,15589924,Rapuluolisa,577,Espagne,Femme,40.0,1,0.0,2,Oui,Oui,54393.5,Non
5249,15806926,Watson,615,France,Femme,35.0,2,48720.01,2,Oui,Oui,69908.05,Non
5250,15700710,Chiebuka,490,France,Femme,37.0,3,58232.765,1,Non,Oui,12217.885,Non
5251,15591100,Chiemela,675,Espagne,Homme,36.0,9,53095.275,1,Non,Oui,11497.16,Non
5252,15733114,Hay,552,Espagne,Homme,,9,0.0,2,Oui,Non,13376.28,Non
5253,15689341,Gibbs,655,France,Femme,50.0,10,0.0,4,Oui,Non,89633.97,Oui
5254,15792232,Moss,595,Espagne,Femme,,5,0.0,2,Non,Non,52574.9,Non
5255,15585388,Sherman,660,Allemagne,Homme,31.0,9,62594.875,2,Oui,Oui,69937.215,Non
5256,15745030,Trevisano,809,Allemagne,Homme,41.0,1,39853.125,2,Oui,Non,82837.505,Non
5257,15671172,Swain,623,France,Homme,23.0,1,53006.1,2,Non,Oui,95707.97,Non
5258,15620981,Wickham,684,France,Femme,48.0,3,36654.69,1,Non,Non,10614.17,Oui
5259,15661532,Butusov,650,France,Femme,31.0,1,80283.055,2,Non,Non,13536.905,Non
5260,15704168,Ting,535,Allemagne,Homme,38.0,8,63737.62,1,Non,Non,30387.88,Oui
5261,15568953,Alexeieva,477,France,Homme,27.0,1,64277.49,1,Oui,Oui,66586.595,Non
5262,15679642,Feng,695,Espagne,Homme,44.0,8,0.0,2,Oui,Oui,35487.065,Non
5263,15584776,Shen,847,Espagne,Femme,37.0,9,56356.085,1,Oui,Non,58048.63,Non
5264,15610426,Tien,764,France,Femme,39.0,5,40521.21,1,Non,Oui,54902.585,Non
5265,15635197,Glover,640,Allemagne,Homme,26.0,5,45201.385,1,Oui,Oui,1649.325,Non
5266,15779985,Lo,750,Allemagne,Femme,37.0,1,66599.855,2,Oui,Oui,13683.385,Non
5267,15715519,McDavid,614,Espagne,Homme,36.0,5,0.0,2,Oui,Non,65305.39,Non
5268,15634815,Hunt,701,France,Femme,37.0,3,0.0,2,Oui,Oui,82134.14,Non
5269,15637678,Ma,661,France,Homme,35.0,5,0.0,1,Oui,Non,77697.26,Non
5270,15566378,Tillman,515,France,Homme,48.0,5,64693.97,1,Non,Oui,73977.955,Oui
5271,15720284,Crawford,607,Allemagne,Femme,37.0,4,67963.53,1,Non,Non,90445.2,Non
5272,15626147,Maclean,608,France,Femme,62.0,8,72488.25,1,Non,Non,87918.015,Oui
5273,15720155,Tao,630,Allemagne,Homme,29.0,6,65677.195,1,Non,Oui,4662.155,Oui
5274,15650068,Johnson,511,France,Homme,58.0,0,74558.655,1,Oui,Oui,81299.755,Non
5275,15658459,Bates,784,Espagne,Homme,33.0,10,0.0,2,Oui,Non,81011.235,Non
5276,15694510,Ifeanyichukwu,725,France,Homme,45.0,1,64927.66,1,Non,Non,12109.325,Non
5277,15791131,Chimaijem,551,Allemagne,Femme,30.0,2,71670.22,1,Oui,Non,72898.245,Non
5278,15600792,Swayne,613,Espagne,Homme,29.0,0,0.0,2,Non,Oui,66948.66,Non
5279,15775067,Fang,606,France,Homme,47.0,3,46789.34,2,Non,Oui,,Oui
5280,15704795,Vagin,521,France,Femme,77.0,6,0.0,2,Oui,Oui,24527.05,Non
5281,15656865,Gray,613,Allemagne,Homme,69.0,9,39389.245,1,Non,Oui,4375.795,Non
5282,15727489,Madueke,567,Espagne,Femme,45.0,1,78660.255,1,Oui,Non,31096.96,Non
5283,15776629,Christie,650,France,Femme,39.0,4,0.0,2,Non,Non,93137.85,Non
5284,15770968,Leason,741,Allemagne,Femme,19.0,8,54355.785,2,Oui,Non,12428.625,Non
5285,15803415,Samsonova,579,France,Femme,39.0,3,83250.585,2,Oui,Non,46917.82,Non
5286,15611223,Ko,752,Allemagne,Femme,38.0,10,50824.25,2,Oui,Non,86000.72,Non
5287,15769915,Charlton,643,Espagne,Femme,20.0,0,66656.67,1,Oui,Oui,1982.845,Non
5288,15630241,Tretyakova,594,France,Homme,61.0,3,31195.61,1,Oui,Oui,96217.055,Non
5289,15763515,Shih,513,France,Homme,30.0,5,0.0,2,Oui,Non,,Non
5290,15683339,P'eng,656,Espagne,Femme,34.0,6,29938.665,1,Oui,Non,7016.31,Oui
5291,15702571,Wright,778,Allemagne,Femme,35.0,1,75979.095,3,Oui,Oui,65619.185,Oui
5292,15619343,Mahmood,561,France,Homme,56.0,7,76379.5,2,Oui,Non,66583.555,Oui
5293,15613962,Kenechi,499,France,Femme,38.0,9,0.0,2,Non,Oui,91521.1,Non
5294,15765402,H?,520,France,Femme,39.0,6,72822.025,1,Non,Non,52059.465,Non
5295,15803202,Onyekachi,350,France,Homme,51.0,10,0.0,1,Oui,Oui,62911.895,Oui
5296,15629117,Harper,584,France,Homme,28.0,10,0.0,2,Oui,Non,9917.16,Non
5297,15646720,Tsui,628,Espagne,Femme,55.0,7,0.0,3,Oui,Non,42945.375,Oui
5298,15624347,Fokine,651,France,Homme,40.0,4,0.0,2,Oui,Oui,73857.915,Non
5299,15810807,Alekseeva,513,France,Femme,43.0,9,0.0,2,Oui,Non,76249.9,Non
5300,15761053,Lock,596,Allemagne,Homme,48.0,2,65663.235,1,Non,Non,570.01,Oui
5301,15649858,Simpson,469,Espagne,Homme,37.0,9,48388.245,1,Oui,Oui,59945.43,Non
5302,15614365,Lombardi,696,Allemagne,Homme,31.0,3,75302.26,1,Non,Non,2783.3,Non
5303,15692132,Wilkinson,717,Espagne,Femme,22.0,6,50530.125,1,Non,Oui,42349.78,Non
5304,15727868,Onuora,711,France,Femme,38.0,2,64511.03,2,Oui,Oui,7187.43,Oui
5305,15655658,Bulgakov,678,France,Femme,48.0,2,0.0,2,Oui,Oui,16150.94,Non
5306,15641004,Doyne,605,Espagne,Femme,48.0,10,75157.96,1,Non,Oui,66743.18,Non
5307,15787597,Hsu,420,Allemagne,Femme,31.0,1,54188.875,2,Oui,Oui,4952.315,Non
5308,15690188,Maclean,631,France,Homme,33.0,7,0.0,1,Oui,Oui,29021.51,Oui
5309,15721507,Pagan,713,France,Femme,32.0,1,58547.01,1,Non,Non,74779.415,Oui
5310,15661734,Taylor,608,Allemagne,Homme,42.0,8,65695.375,2,Oui,Non,35589.045,Non
5311,15742480,Igwebuike,775,Allemagne,Homme,36.0,2,54974.525,2,Non,Oui,35841.27,Non
5312,15639265,Isaacs,714,France,Homme,54.0,7,63056.64,1,Oui,Non,56388.69,Non
5313,15779862,Lyons,658,Allemagne,Femme,31.0,3,66501.515,1,Non,Oui,73169.635,Oui
5314,15773098,Ch'in,834,Espagne,Homme,34.0,5,0.0,2,Non,Non,26718.55,Non
5315,15775809,Holloway,677,Allemagne,Femme,26.0,6,49361.835,1,Non,Oui,,Non
5316,15813192,Chukwuemeka,494,France,Homme,25.0,6,0.0,2,Non,Oui,54994.045,Non
5317,15657829,Fanucci,806,Allemagne,Homme,30.0,8,84039.415,1,Oui,Non,42514.18,Oui
5318,15720847,Sheffield,601,France,Homme,35.0,2,0.0,2,Oui,Oui,59491.59,Non
5319,15726087,Ch'in,592,,Femme,62.0,5,0.0,1,Oui,Oui,50470.785,Non
5320,15691863,Cody,751,France,Femme,39.0,3,0.0,2,Oui,Oui,,Non
5321,15800736,Kirwan,601,Espagne,Femme,42.0,4,48381.945,1,Oui,Oui,99621.325,Non
5322,15623966,Yermakov,578,France,Femme,35.0,2,0.0,2,Non,Oui,13194.96,Non
5323,15598884,Kent,650,Espagne,Femme,23.0,5,0.0,1,Oui,Oui,90311.215,Non
5324,15754649,Fang,705,Espagne,Femme,57.0,3,0.0,2,Oui,Oui,17067.07,Non
5325,15566988,Iqbal,656,Allemagne,Femme,46.0,7,70767.76,1,Oui,Non,25297.575,Oui
5326,15753847,Hawkins,645,Espagne,Homme,45.0,4,0.0,1,Non,Oui,87458.425,Oui
5327,15623082,Ch'ang,507,France,Femme,35.0,2,0.0,2,Oui,Non,48816.965,Non
5328,15623053,Muir,454,Espagne,Homme,40.0,2,61588.505,1,Oui,Non,74154.99,Non
5329,15657468,Simmons,711,Allemagne,Femme,53.0,5,61902.515,1,Oui,Non,51214.255,Non
5330,15760550,Duncan,741,Espagne,Homme,39.0,7,71818.79,2,Non,Oui,87113.83,Non
5331,15589019,Morant,633,Espagne,Femme,33.0,4,46427.51,1,Oui,Oui,79906.59,Non
5332,15658614,H?,565,Allemagne,Femme,38.0,7,72700.345,2,Oui,Oui,,Non
5333,15729763,Nelson,655,Espagne,Homme,34.0,1,58057.465,1,Oui,Oui,24746.075,Non
5334,15653997,Haynes,699,Espagne,Homme,31.0,6,57246.84,1,Non,Non,69198.16,Non
5335,15622117,Fries,625,Espagne,Femme,31.0,8,0.0,2,Oui,Non,75921.77,Non
5336,15607634,Cobb,606,Allemagne,Homme,40.0,9,47646.93,2,Non,Oui,48492.79,Non
5337,15792646,Trentino,647,Espagne,Femme,64.0,1,45608.0,1,Oui,Oui,20900.09,Non
5338,15746708,Ritchie,589,Allemagne,Homme,55.0,7,59980.74,1,Oui,Non,32578.415,Oui
5339,15703119,Liang,652,France,Homme,38.0,6,0.0,2,Oui,Oui,72850.11,Non
5340,15641416,Shaffer,732,Allemagne,Femme,61.0,9,47433.59,2,Oui,Oui,78763.8,Oui
5341,15800620,Fitzgerald,691,France,Femme,29.0,9,0.0,2,Non,Non,99817.965,Non
5342,15702601,Wyatt,680,Allemagne,Homme,30.0,4,54150.135,2,Non,Oui,22192.285,Oui
5343,15757829,Timperley,609,Allemagne,Femme,40.0,10,68694.885,2,Oui,Non,85061.11,Non
5344,15574369,Bianchi,415,Espagne,Homme,53.0,5,83629.72,1,Oui,Oui,11178.625,Non
5345,15745295,Gether,727,Espagne,Femme,31.0,0,0.0,1,Oui,Non,60875.52,Oui
5346,15717191,Ferri,508,France,Homme,49.0,1,46908.705,2,Oui,Oui,66234.38,Oui
5347,15592736,Lucchese,551,Allemagne,Homme,54.0,5,51497.02,1,Oui,Non,88340.08,Oui
5348,15702298,Parkhill,655,Allemagne,Homme,41.0,8,62780.985,1,Non,Non,82020.47,Oui
5349,15809263,Y?,729,Allemagne,Homme,29.0,5,54838.26,1,Oui,Oui,12774.235,Non
5350,15789611,Lin,568,Allemagne,Homme,46.0,8,75418.46,1,Non,Non,32258.4,Oui
5351,15612771,Bell,452,France,Homme,35.0,4,74086.22,1,Oui,Oui,2087.84,Non
5352,15770474,Myers,685,France,Femme,33.0,1,0.0,3,Non,Oui,35110.565,Oui
5353,15610090,Han,667,France,Homme,40.0,8,36472.645,2,Oui,Non,49465.75,Non
5354,15686963,Hardiman,680,Espagne,Femme,30.0,3,0.0,1,Oui,Non,80065.79,Non
5355,15814664,Scott,740,Allemagne,Homme,33.0,2,63262.055,1,Oui,Non,68434.655,Non
5356,15591091,Goering,644,France,Homme,44.0,5,36674.28,1,Oui,Non,78583.395,Oui
5357,15712825,Howells,511,Espagne,Femme,29.0,9,0.0,2,Non,Oui,70338.49,Non
5358,15684516,Plascencia,629,Espagne,Homme,34.0,1,60575.525,1,Non,Non,59678.965,Non
5359,15679961,Davidson,708,Espagne,Homme,46.0,7,34399.86,1,Oui,Oui,19852.07,Non
5360,15590434,Alexander,577,Espagne,Homme,41.0,4,44507.805,1,Non,Oui,,Non
5361,15745527,Burke,655,France,Homme,37.0,5,46573.5,2,Oui,Non,33107.065,Non
5362,15650034,Kudryashova,564,France,Femme,28.0,1,0.0,1,Oui,Oui,81214.025,Non
5363,15602456,Afanasyev,850,Allemagne,Femme,47.0,4,49609.735,2,Oui,Oui,61070.565,Non
5364,15767804,Feng,729,France,Homme,44.0,6,0.0,2,Oui,Non,75866.715,Non
5365,15801395,Warren,790,France,Femme,33.0,10,67560.36,1,Non,Non,97602.495,Non
5366,15774336,Jamieson,648,Allemagne,Homme,44.0,9,55684.895,2,Oui,Oui,45973.87,Non
5367,15632069,Kazantsev,776,France,Homme,39.0,8,62605.775,2,Oui,Non,72248.035,Non
5368,15774854,Fuller,592,France,Homme,54.0,8,0.0,1,Oui,Oui,14368.855,Oui
5369,15687413,Sunderland,619,Espagne,Femme,38.0,6,0.0,2,Oui,Oui,58808.145,Non
5370,15597239,Ku,548,Espagne,Homme,39.0,7,65734.22,1,Oui,Non,82487.91,Non
5371,15801336,Ch'ang,649,Allemagne,Femme,37.0,8,57368.63,1,Oui,Oui,53327.94,Oui
5372,15589147,Frolov,580,Espagne,Homme,61.0,8,62960.685,1,Oui,Oui,47338.915,Non
5373,15724834,Wilson,498,France,Femme,30.0,1,0.0,2,Non,Non,67897.765,Non
5374,15792151,Hamilton,635,Espagne,Femme,37.0,3,0.0,2,Oui,Non,45543.365,Non
5375,15755196,Lavine,834,France,Femme,49.0,2,65697.28,1,Non,Non,97182.88,Oui
5376,15597957,Rahman,614,Espagne,Homme,66.0,2,0.0,2,Non,Oui,90041.35,Non
5377,15811958,Medland,850,Allemagne,Homme,44.0,2,56377.67,2,Non,Non,79085.68,Non
5378,15632859,Chukwudi,444,France,Homme,36.0,7,0.0,2,Non,Oui,69371.93,Non
5379,15790336,Tokareva,664,Allemagne,Homme,36.0,6,35571.385,2,Oui,Non,61216.545,Non
5380,15719276,T'ao,741,Espagne,Homme,35.0,6,37185.745,1,Non,Non,49797.835,Non
5381,15762277,Jamieson,710,France,Homme,47.0,5,79311.57,1,Non,Non,41749.945,Oui
5382,15707962,Gunson,606,,Homme,40.0,6,59750.94,2,Oui,Non,23387.47,Non
5383,15738224,Lin,593,France,Homme,32.0,6,49581.145,1,Oui,Non,64192.055,Non
5384,15662063,McIver,746,France,Homme,36.0,7,71200.385,1,Oui,Oui,96719.345,Non
5385,15773487,Conway,634,Allemagne,Femme,31.0,8,38399.46,1,Non,Non,98010.865,Non
5386,15815316,Kennedy,644,France,Homme,,9,38408.5,4,Oui,Non,98185.565,Oui
5387,15745533,Sargent,799,France,Femme,63.0,1,55157.105,2,Oui,Non,18732.0,Oui
5388,15779176,Dike,565,Allemagne,Femme,58.0,3,54444.12,3,Non,Oui,67937.755,Oui
5389,15587174,Kerr,726,France,Homme,29.0,7,0.0,2,Oui,Oui,45922.07,Oui
5390,15615896,Chienezie,621,Espagne,Homme,39.0,8,0.0,2,Oui,Non,18061.48,Non
5391,15708610,Costa,690,Allemagne,Homme,44.0,9,50184.315,2,Non,Non,,Non
5392,15798975,Doherty,606,Allemagne,Homme,48.0,4,66201.78,1,Non,Non,18045.955,Oui
5393,15576368,Bledsoe,624,Allemagne,Femme,48.0,3,61194.19,2,Non,Non,15010.045,Non
5394,15710671,Gordon,786,France,Homme,34.0,3,68680.98,1,Non,Non,91841.045,Non
5395,15621546,Yuriev,620,France,Femme,33.0,9,63819.175,1,Oui,Oui,96358.785,Non
5396,15782390,T'ien,621,France,Femme,40.0,6,0.0,1,Oui,Non,77577.625,Non
5397,15746986,Howe,850,Allemagne,Femme,40.0,4,48995.245,2,Non,Non,53345.51,Non
5398,15576723,Ts'ai,740,France,Femme,37.0,7,0.0,2,Oui,Oui,97135.455,Non
5399,15725794,Winters,659,France,Femme,49.0,1,0.0,1,Oui,Non,58124.86,Oui
5400,15689616,Ward,586,,Homme,34.0,5,84047.005,1,Non,Non,10029.305,Non
5401,15679818,Yuan,636,Allemagne,Homme,67.0,7,68354.675,1,Non,Oui,33376.55,Oui
5402,15760102,Yeh,551,France,Femme,36.0,5,0.0,1,Oui,Non,91739.56,Non
5403,15700937,Romano,767,Espagne,Femme,,5,0.0,2,Oui,Oui,33722.925,Non
5404,15594928,Pagnotto,798,Allemagne,Femme,38.0,4,64527.565,1,Oui,Non,78573.795,Non
5405,15619304,Onio,502,France,Femme,42.0,8,79830.4,3,Oui,Non,56965.785,Oui
5406,15650258,Sinclair,479,France,Femme,35.0,2,56545.2,1,Oui,Non,97824.895,Non
5407,15777179,Ellis,687,France,Homme,35.0,9,0.0,2,Non,Oui,36566.91,Non
5408,15684267,Davila,607,Allemagne,Homme,39.0,2,42234.335,2,Oui,Oui,60972.71,Non
5409,15605215,Stevenson,767,France,Homme,,9,0.0,2,Non,Oui,87729.105,Non
5410,15709917,Ni,601,France,Femme,46.0,3,49101.38,1,Non,Non,68881.965,Non
5411,15749851,Brookes,702,Espagne,Femme,26.0,4,67609.785,1,Non,Oui,29873.815,Non
5412,15593683,Solomina,668,Espagne,Femme,30.0,8,0.0,2,Oui,Non,69232.85,Non
5413,15632736,Liang,850,Allemagne,Femme,30.0,3,52455.675,2,Oui,Oui,21466.63,Non
5414,15750441,Lavarack,782,France,Homme,36.0,5,40605.36,2,Non,Oui,54001.69,Non
5415,15788723,McIntyre,599,Allemagne,Femme,49.0,10,71944.11,2,Oui,Oui,83118.19,Oui
5416,15694879,Reeves,590,Espagne,Femme,23.0,7,0.0,2,Oui,Non,98394.95,Non
5417,15694995,O'Sullivan,712,France,Homme,23.0,2,0.0,2,Non,Oui,33397.89,Non
5418,15790757,Cody,769,France,Femme,25.0,10,0.0,2,Non,Non,93962.875,Non
5419,15581252,Dolgorukova,632,Espagne,Femme,29.0,7,40461.375,1,Oui,Non,3910.39,Non
5420,15647975,Vida,651,Allemagne,Homme,26.0,5,73518.66,1,Non,Non,70881.63,Non
5421,15797919,Ting,773,Espagne,Homme,37.0,2,51597.6,2,Oui,Non,89134.18,Non
5422,15673074,Obidimkpa,527,Allemagne,Femme,30.0,6,63331.755,1,Oui,Oui,81133.955,Non
5423,15596088,Fanucci,705,France,Femme,50.0,4,38532.95,2,Non,Oui,72579.63,Non
5424,15757617,Lewis,735,France,Homme,55.0,6,67070.34,1,Oui,Non,1133.94,Non
5425,15576131,Phillips,666,France,Homme,40.0,5,0.0,2,Oui,Non,73939.025,Non
5426,15666711,Ukaegbulam,586,France,Femme,46.0,0,0.0,3,Non,Oui,65776.91,Oui
5427,15696826,James,633,France,Femme,32.0,1,52000.69,1,Non,Oui,18321.325,Non
5428,15617206,Trentino,431,Allemagne,Homme,42.0,8,60411.43,2,Oui,Non,63076.62,Non
5429,15714883,Genovese,508,France,Femme,25.0,2,55697.765,1,Non,Oui,24098.53,Non
5430,15763415,Gray,567,Allemagne,Homme,41.0,0,67189.445,1,Oui,Oui,52873.47,Non
5431,15615032,Peng,624,Espagne,Homme,46.0,3,0.0,2,Oui,Oui,31412.515,Non
5432,15719561,Lin,768,France,Homme,42.0,5,0.0,3,Non,Non,,Non
5433,15723318,Mactier,619,France,Femme,55.0,0,0.0,3,Non,Non,30405.32,Oui
5434,15623143,Lung,732,France,Femme,43.0,9,0.0,2,Oui,Non,,Non
5435,15616122,Nwokike,777,France,Homme,39.0,8,0.0,2,Oui,Oui,9306.76,Non
5436,15602030,Ramirez,717,France,Homme,28.0,4,64103.395,1,Oui,Oui,27136.06,Non
5437,15585580,Chang,796,Allemagne,Femme,52.0,9,83597.18,1,Oui,Oui,31404.465,Oui
5438,15622461,Ndubuagha,562,,Femme,51.0,7,61411.0,2,Non,Non,16313.105,Non
5439,15768282,Perez,724,Allemagne,Homme,36.0,6,47307.555,2,Oui,Oui,5313.605,Non
5440,15606386,Wang,753,Allemagne,Femme,46.0,3,55756.375,3,Oui,Non,79788.375,Oui
5441,15569945,Horsley,509,Espagne,Homme,29.0,1,0.0,2,Oui,Non,34556.57,Non
5442,15568429,Mitchell,633,Espagne,Femme,46.0,3,0.0,2,Oui,Non,60125.29,Non
5443,15643679,Goliwe,784,Allemagne,Homme,,2,35116.87,2,Oui,Oui,89626.365,Non
5444,15617657,Ts'ai,664,France,Femme,36.0,0,51751.11,1,Oui,Oui,73095.91,Non
5445,15708046,Knowles,744,Espagne,Homme,31.0,0,58775.615,1,Oui,Non,79479.45,Non
5446,15602554,Vorobyova,664,France,Femme,31.0,9,57259.785,2,Non,Oui,39611.01,Non
5447,15633729,Wang,488,France,Homme,43.0,10,56375.565,1,Oui,Oui,14166.0,Non
5448,15790019,Onwughara,520,France,Homme,35.0,9,52693.945,1,Oui,Oui,12529.53,Non
5449,15611756,Chapman,537,Allemagne,Femme,47.0,4,62096.14,2,Oui,Oui,25440.755,Non
5450,15711489,Azikiwe,760,Espagne,Femme,32.0,2,0.0,1,Oui,Oui,57282.675,Non
5451,15777797,Kovalyova,689,Espagne,Homme,38.0,5,37537.57,1,Oui,Oui,4325.96,Oui
5452,15757385,Milne,578,,Femme,28.0,8,80796.38,1,Oui,Non,88917.395,Non
5453,15598510,Colombo,583,Allemagne,Homme,27.0,4,52953.71,2,Oui,Oui,97866.02,Non
5454,15783589,Toscano,616,France,Homme,40.0,9,0.0,2,Non,Non,46858.775,Non
5455,15671973,Chukwuemeka,467,Espagne,Homme,,5,0.0,2,Oui,Oui,3707.98,Non
5456,15813168,Maslova,756,Allemagne,Femme,39.0,3,50358.925,3,Oui,Oui,36703.02,Oui
5457,15620836,Lo Duca,816,Allemagne,Femme,34.0,2,54205.435,2,Oui,Non,51454.455,Non
5458,15613787,Chidubem,505,Espagne,Homme,35.0,8,58466.295,1,Oui,Non,45546.42,Non
5459,15641136,Davison,629,France,Homme,32.0,2,0.0,2,Non,Oui,38982.72,Non
5460,15625023,Onochie,682,France,Homme,,4,0.0,1,Non,Oui,52676.275,Non
5461,15725355,Morey,439,France,Femme,43.0,8,0.0,1,Non,Oui,52444.65,Non
5462,15628112,Hughes,771,Allemagne,Femme,36.0,5,38923.45,1,Non,Non,49902.995,Non
5463,15603674,Knight,803,France,Homme,36.0,1,0.0,2,Oui,Oui,74685.465,Non
5464,15747000,Shih,592,France,Homme,27.0,3,0.0,2,Oui,Oui,9822.825,Non
5465,15646168,Ifeatu,834,Espagne,Homme,33.0,5,0.0,2,Oui,Non,33142.59,Non
5466,15756850,Golovanov,479,France,Homme,40.0,1,0.0,2,Non,Non,57498.215,Non
5467,15596939,Calabresi,659,Allemagne,Homme,36.0,4,66289.46,2,Oui,Non,42160.47,Non
5468,15689322,Bevan,641,Espagne,Homme,31.0,3,76658.07,1,Oui,Non,29963.995,Non
5469,15604158,Smith,554,France,Femme,39.0,10,0.0,2,Oui,Oui,9195.965,Non
5470,15708714,Santiago,675,France,Femme,33.0,6,0.0,2,Oui,Non,17022.805,Non
5471,15657396,Marshall,806,France,Homme,31.0,9,0.0,2,Non,Oui,70084.18,Non
5472,15567063,Manna,766,Allemagne,Femme,34.0,6,53217.47,1,Non,Oui,68997.83,Oui
5473,15634591,Saunders,850,France,Homme,33.0,8,36529.69,1,Oui,Oui,93140.5,Non
5474,15669664,Thompson,574,Allemagne,Homme,54.0,1,49887.25,1,Non,Non,2448.055,Oui
5475,15654562,Ma,850,Espagne,Femme,45.0,5,87044.15,4,Oui,Non,,Oui
5476,15649793,Lovely,658,France,Homme,20.0,7,0.0,2,Non,Non,93819.17,Non
5477,15679148,Oliver,508,France,Homme,44.0,3,57725.525,2,Non,Non,33617.165,Non
5478,15674328,Moreno,670,France,Femme,40.0,3,23682.225,1,Oui,Oui,74289.715,Oui
5479,15723818,Carpenter,453,France,Femme,37.0,4,65917.38,2,Oui,Non,4474.6,Non
5480,15801296,Farber,634,Allemagne,Femme,37.0,7,71629.425,2,Oui,Non,96360.99,Non
5481,15803456,Yen,641,France,Femme,40.0,9,0.0,1,Non,Non,75824.33,Oui
5482,15717328,Hsueh,842,France,Femme,37.0,4,66223.04,2,Oui,Non,43535.59,Oui
5483,15814209,Capon,814,France,Homme,31.0,1,59435.46,1,Oui,Non,50852.095,Non
5484,15586174,Brodney,700,Allemagne,Femme,30.0,4,58188.74,1,Oui,Oui,67208.655,Non
5485,15794056,Johnston,668,France,Femme,46.0,2,0.0,3,Oui,Non,44524.23,Oui
5486,15631603,Ponomaryova,813,France,Homme,32.0,1,61444.94,1,Oui,Oui,13238.09,Non
5487,15751445,Chikwado,734,Allemagne,Femme,,6,35641.545,2,Non,Oui,19492.185,Non
5488,15655123,Dumetolisa,505,Espagne,Femme,,9,65677.65,3,Oui,Non,97697.665,Oui
5489,15572038,Chijindum,660,Allemagne,Homme,35.0,9,56974.29,1,Oui,Non,94445.98,Oui
5490,15687329,Hope,763,Allemagne,Femme,32.0,1,54232.825,2,Oui,Non,30276.22,Oui
5491,15596863,Chidumaga,787,Allemagne,Femme,38.0,3,79186.615,1,Oui,Oui,14114.175,Non
5492,15709295,Wall,697,Espagne,Femme,25.0,5,41465.925,2,Oui,Oui,64186.94,Non
5493,15751032,Enemuo,629,Allemagne,Femme,37.0,1,17774.905,2,Non,Non,24838.165,Non
5494,15633608,Black,641,France,Homme,,2,73096.8,2,Oui,Oui,27898.415,Oui
5495,15568238,Diaz,650,Espagne,Homme,20.0,8,0.0,2,Oui,Oui,56734.825,Non
5496,15577988,Skinner,614,France,Femme,35.0,1,0.0,2,Oui,Oui,1671.31,Non
5497,15672053,Mistry,526,Espagne,Homme,38.0,2,0.0,2,Non,Non,29005.49,Non
5498,15730161,Marcelo,833,France,Femme,39.0,3,0.0,2,Oui,Non,855.445,Non
5499,15806360,Hou,609,France,Homme,41.0,6,0.0,1,Non,Oui,56292.595,Non
5500,15726796,Brabyn,844,France,Homme,38.0,7,55750.83,1,Oui,Oui,59666.69,Non
5501,15727421,Anayolisa,586,France,Femme,38.0,6,0.0,2,Oui,Oui,18967.915,Non
5502,15613326,Gow,596,France,Femme,33.0,1,69081.405,1,Oui,Non,42706.27,Non
5503,15587690,Madueke,592,France,Homme,28.0,2,58249.11,1,Oui,Non,72145.125,Non
5504,15778481,Chigbogu,817,France,Homme,59.0,1,59481.29,1,Oui,Oui,60409.79,Non
5505,15627665,Sung,614,France,Homme,46.0,4,0.0,1,Oui,Non,37189.785,Oui
5506,15705707,Bennelong,635,Espagne,Femme,29.0,8,69148.47,2,Oui,Non,70537.755,Non
5507,15731751,Osinachi,437,France,Femme,26.0,1,60461.76,1,Non,Oui,39427.285,Non
5508,15589204,Farrar,591,France,Homme,33.0,9,65882.86,1,Oui,Non,59391.03,Non
5509,15589643,Ngozichukwuka,684,Espagne,Femme,,7,0.0,1,Oui,Oui,69197.185,Non
5510,15734246,She,746,France,Femme,21.0,8,83441.535,2,Non,Oui,97281.825,Non
5511,15782181,Greco,592,Espagne,Homme,35.0,6,40142.58,1,Oui,Non,36339.375,Oui
5512,15663489,Onio,633,Allemagne,Femme,29.0,0,69288.67,1,Oui,Non,96681.495,Non
5513,15803538,Douglas,695,Espagne,Homme,56.0,1,0.0,3,Oui,Non,93867.245,Oui
5514,15598586,Wetherspoon,680,France,Homme,31.0,10,56646.085,1,Oui,Oui,61319.865,Non
5515,15609618,Fanucci,721,Allemagne,Homme,28.0,9,77237.77,2,Non,Oui,50650.47,Oui
5516,15725762,Kemp,808,France,Homme,24.0,4,61084.325,1,Oui,Non,87053.52,Non
5517,15752956,Stanley,629,Espagne,Homme,29.0,6,0.0,2,Oui,Oui,44421.4,Non
5518,15588456,Hsieh,658,France,Femme,40.0,5,71783.06,1,Oui,Oui,94803.855,Non
5519,15591995,Barry,757,Allemagne,Homme,26.0,8,60790.78,2,Oui,Oui,63529.52,Non
5520,15761018,Tan,581,Allemagne,Homme,50.0,2,71914.6,2,Oui,Non,90612.12,Oui
5521,15721658,Fleming,672,Espagne,Femme,56.0,2,104883.655,2,Oui,Oui,75347.21,Oui
5522,15747757,Trevascus,600,Allemagne,Femme,58.0,8,59361.555,1,Non,Non,3104.755,Oui
5523,15616270,Chao,620,Espagne,Homme,42.0,4,53460.455,1,Non,Oui,59873.54,Non
5524,15577683,Maclean,539,France,Femme,29.0,4,0.0,2,Oui,Oui,50459.595,Non
5525,15662067,Summers,743,France,Homme,40.0,8,34077.795,1,Oui,Non,47438.325,Non
5526,15614813,Cocci,777,Allemagne,Femme,46.0,0,53681.4,1,Oui,Non,243.65,Non
5527,15807546,Chinwendu,837,France,Femme,38.0,2,0.0,2,Oui,Oui,23197.605,Non
5528,15700801,Eipper,850,Allemagne,Homme,42.0,6,42222.84,3,Non,Oui,30010.67,Oui
5529,15697183,Uchenna,685,Espagne,Homme,43.0,9,0.0,2,Oui,Non,53905.64,Non
5530,15736250,Johnstone,781,France,Homme,38.0,2,58905.395,1,Non,Oui,32816.165,Oui
5531,15741652,McLean,600,Espagne,Homme,37.0,8,88828.675,1,Oui,Oui,38571.16,Non
5532,15677908,Gilbert,552,Espagne,Homme,42.0,4,0.0,2,Non,Non,97846.15,Non
5533,15624323,Atkins,642,France,Homme,36.0,4,0.0,2,Oui,Oui,97612.455,Non
5534,15777904,Nock,703,France,Femme,45.0,7,0.0,2,Oui,Oui,34415.86,Non
5535,15793135,Wang,713,Allemagne,Femme,24.0,7,73843.62,1,Oui,Oui,60796.25,Non
5536,15773394,Bergamaschi,644,France,Homme,38.0,3,0.0,2,Oui,Oui,39964.205,Non
5537,15786200,Brock,564,France,Homme,31.0,4,0.0,2,Oui,Non,26760.015,Non
5538,15588566,Wilkinson,778,Espagne,Homme,33.0,5,58237.14,2,Oui,Oui,16378.775,Non
5539,15642833,Akubundu,608,France,Femme,30.0,8,0.0,2,Oui,Non,64437.93,Non
5540,15727350,Pai,516,France,Femme,37.0,8,56571.56,1,Non,Non,1681.68,Non
5541,15801417,Iloerika,657,France,Homme,37.0,4,41250.14,1,Oui,Oui,,Non
5542,15761554,Blackburn,581,France,Homme,54.0,4,44649.905,1,Non,Non,2779.235,Oui
5543,15697844,Whitehouse,721,Espagne,Femme,32.0,10,0.0,1,Oui,Non,68059.98,Oui
5544,15715541,Yang,850,France,Femme,42.0,9,56655.555,1,Oui,Oui,99096.875,Non
5545,15683183,Volkova,766,Allemagne,Femme,45.0,6,48826.48,1,Oui,Non,63666.165,Non
5546,15762418,Gant,750,Espagne,Homme,22.0,3,60840.91,1,Oui,Non,64321.675,Oui
5547,15611029,Hsiung,488,,Femme,33.0,4,70001.175,1,Oui,Non,61806.905,Non
5548,15733297,Sinclair,518,France,Femme,38.0,10,42382.395,1,Oui,Oui,,Non
5549,15637717,Lockington,704,Allemagne,Homme,41.0,4,54513.4,2,Oui,Oui,21558.55,Non
5550,15681007,Yen,850,France,Femme,35.0,2,64274.245,4,Oui,Non,37739.475,Oui
5551,15787318,Holmwood,537,Allemagne,Femme,47.0,6,51581.675,1,Oui,Non,8129.82,Oui
5552,15706036,Lombardo,552,Allemagne,Homme,38.0,10,66135.56,2,Oui,Oui,,Non
5553,15688071,Collins,609,Espagne,Homme,53.0,10,0.0,1,Oui,Oui,77321.455,Non
5554,15802381,Li,461,Allemagne,Femme,34.0,5,31831.965,1,Non,Oui,83892.14,Non
5555,15696989,Chukwueloka,469,Allemagne,Femme,,8,69746.625,3,Non,Non,75046.66,Oui
5556,15598338,Mays,647,Allemagne,Femme,33.0,3,84280.23,2,Non,Non,45135.08,Non
5557,15646609,Chao,748,France,Homme,33.0,1,71322.715,1,Non,Non,34566.33,Non
5558,15781598,Middleton,756,Allemagne,Homme,41.0,6,74524.96,1,Non,Oui,25211.18,Oui
5559,15804602,Boyd,772,Allemagne,Homme,30.0,6,49892.64,2,Non,Non,98619.015,Non
5560,15580487,Martin,627,Allemagne,Homme,38.0,8,53461.46,2,Non,Oui,42135.045,Non
5561,15738042,Goliwe,543,Allemagne,Homme,37.0,8,70447.03,2,Oui,Oui,59029.595,Non
5562,15808544,Cameron,747,France,Femme,40.0,3,0.0,1,Non,Non,28908.92,Oui
5563,15651674,Billson,438,Espagne,Femme,54.0,2,0.0,1,Non,Non,95881.535,Oui
5564,15689786,Massie,850,Allemagne,Homme,56.0,1,84871.915,1,Non,Non,77925.2,Oui
5565,15746028,Chu,714,France,Femme,24.0,7,0.0,2,Oui,Non,83167.5,Non
5566,15651943,Richards,580,Espagne,Femme,65.0,1,0.0,2,Non,Oui,51591.23,Non
5567,15623972,Wisdom,479,Allemagne,Femme,23.0,9,61787.755,1,Non,Oui,47574.14,Non
5568,15620832,Dean,723,France,Femme,35.0,0,0.0,2,Non,Oui,30645.495,Non
5569,15815443,Lo,527,Espagne,Femme,46.0,10,65707.38,1,Oui,Non,27473.755,Non
5570,15574237,Hsueh,588,France,Femme,21.0,8,0.0,2,Oui,Oui,55057.095,Non
5571,15776985,Kung,652,France,Femme,36.0,6,56259.355,2,Non,Oui,55210.655,Non
5572,15717307,Read,496,France,Homme,31.0,5,0.0,2,Oui,Non,46856.565,Non
5573,15737489,Ramsden,610,Espagne,Femme,,5,58443.295,1,Non,Non,53986.72,Non
5574,15806332,Le Gallienne,484,Espagne,Femme,39.0,5,0.0,2,Oui,Oui,87612.06,Non
5575,15665340,Trevisano,584,Espagne,Femme,37.0,8,0.0,2,Non,Oui,50417.595,Non
5576,15589320,Sagese,699,Espagne,Homme,34.0,8,0.0,1,Oui,Oui,38255.23,Non
5577,15594815,Aleshire,807,France,Homme,35.0,3,87395.075,1,Oui,Oui,300.18,Non
5578,15648681,Voronoff,747,France,Femme,47.0,5,69957.3,4,Non,Oui,64982.28,Oui
5579,15649616,Otutodilichukwu,636,Espagne,Homme,60.0,7,62223.865,1,Oui,Oui,70682.31,Oui
5580,15579915,Glennon,707,France,Homme,29.0,4,0.0,2,Oui,Non,69976.97,Non
5581,15681554,Alley,614,Allemagne,Femme,31.0,7,60299.69,2,Oui,Oui,23081.72,Non
5582,15734714,Nash,559,France,Femme,29.0,3,39857.68,1,Oui,Non,41126.14,Non
5583,15686219,Wan,611,France,Homme,38.0,4,35509.3,2,Oui,Non,1222.145,Non
5584,15629338,Collingridge de Tourcey,658,Espagne,Femme,31.0,2,18283.48,1,Oui,Non,51822.49,Oui
5585,15753161,Dickson,768,France,Femme,36.0,5,90084.72,2,Oui,Non,8674.28,Non
5586,15691906,Esposito,664,Allemagne,Femme,49.0,5,63710.89,2,Oui,Non,54438.375,Oui
5587,15698786,Marcelo,819,France,Femme,39.0,9,66551.46,1,Oui,Non,13523.23,Oui
5588,15632538,Watson,658,Espagne,Femme,32.0,5,72776.535,1,Oui,Oui,15742.38,Non
5589,15808526,Cartwright,783,Allemagne,Femme,58.0,3,63769.65,1,Oui,Oui,48295.195,Oui
5590,15668894,Abramova,661,Allemagne,Homme,41.0,5,61276.24,2,Non,Oui,60323.2,Non
5591,15678626,Okonkwo,538,Espagne,Femme,31.0,0,0.0,2,Non,Non,89726.83,Non
5592,15682472,Culbreth,828,,Homme,34.0,8,64716.67,2,Non,Non,,Non
5593,15711218,Parry,616,Allemagne,Homme,39.0,2,60852.16,2,Oui,Non,27778.15,Non
5594,15740878,Yao,655,Espagne,Femme,29.0,9,0.0,2,Non,Oui,42868.13,Non
5595,15609653,Ifeatu,614,Allemagne,Femme,44.0,6,59357.93,1,Oui,Non,66795.555,Oui
5596,15801605,Rizzo,626,France,Femme,39.0,0,0.0,2,Oui,Oui,,Non
5597,15683758,Onyekachukwu,640,France,Homme,44.0,7,55916.735,1,Oui,Non,33601.37,Non
5598,15704284,Ekechukwu,736,Allemagne,Homme,57.0,9,47647.695,1,Oui,Non,14217.22,Oui
5599,15810660,Boyle,774,Allemagne,Homme,34.0,4,60437.615,2,Non,Oui,56703.63,Non
5600,15614893,Meng,689,Espagne,Homme,38.0,2,0.0,1,Oui,Oui,41354.9,Non
5601,15804950,Onyemauchechukwu,514,France,Femme,41.0,7,0.0,2,Oui,Oui,1878.325,Non
5602,15712543,Chinweike,789,Allemagne,Homme,39.0,7,62414.23,2,Oui,Oui,62205.54,Non
5603,15629273,Lin,638,Allemagne,Homme,42.0,8,72588.92,1,Oui,Non,96735.87,Oui
5604,15595158,Hsu,654,Allemagne,Homme,31.0,5,75296.795,2,Oui,Oui,52609.225,Non
5605,15647203,Gebhart,750,France,Femme,35.0,3,0.0,1,Oui,Non,95760.25,Non
5606,15706128,Zhdanov,632,France,Femme,21.0,1,0.0,2,Oui,Non,42004.33,Non
5607,15650670,Bateson,567,Allemagne,Femme,40.0,2,52611.43,2,Oui,Non,46897.93,Non
5608,15702014,Jeffrey,555,Espagne,Homme,33.0,1,28042.345,2,Non,Non,89399.065,Non
5609,15722364,Onwumelu,664,France,Homme,43.0,9,94513.265,2,Oui,Oui,28049.93,Non
5610,15639552,Mellor,603,Allemagne,Femme,40.0,8,74448.51,1,Non,Non,52526.45,Non
5611,15716518,Yuryeva,617,France,Femme,,4,0.0,2,Non,Non,95134.605,Non
5612,15668886,Blakey,684,Espagne,Femme,38.0,3,0.0,2,Oui,Non,22127.825,Non
5613,15811978,Trevisani,693,Allemagne,Homme,,2,52381.705,1,Oui,Oui,31184.165,Non
5614,15716835,Rossi,546,France,Homme,,8,78162.69,1,Oui,Oui,62690.51,Non
5615,15728706,Amaechi,534,France,Femme,49.0,7,0.0,1,Oui,Non,6783.24,Oui
5616,15667588,Arcuri,670,Espagne,Femme,40.0,3,0.0,1,Oui,Oui,91325.075,Non
5617,15613623,Tilley,640,Espagne,Homme,62.0,3,0.0,1,Oui,Oui,50831.735,Non
5618,15787470,Parkinson,553,Espagne,Homme,,3,58264.075,1,Non,Non,72852.095,Oui
5619,15572022,Han,605,France,Femme,36.0,6,0.0,1,Non,Oui,345.42,Non
5620,15577514,Mai,698,Allemagne,Femme,36.0,7,60631.81,1,Oui,Oui,6693.94,Non
5621,15578783,Mai,620,Allemagne,Homme,35.0,0,38494.985,1,Oui,Oui,8621.395,Non
5622,15766686,Nebechi,659,Allemagne,Femme,39.0,1,52251.055,1,Oui,Non,10326.345,Non
5623,15677324,Botts,683,Allemagne,Homme,73.0,9,62365.13,1,Oui,Oui,25999.75,Non
5624,15763665,Y?,833,,Femme,28.0,4,68337.255,2,Non,Non,2639.39,Non
5625,15684269,Gray,707,Espagne,Femme,35.0,3,28337.24,1,Oui,Non,8993.7,Oui
5626,15628972,Nebeolisa,699,Allemagne,Homme,32.0,1,61953.11,3,Oui,Oui,63721.91,Oui
5627,15693233,De Neeve,666,Allemagne,Homme,38.0,6,49906.44,2,Oui,Oui,79178.985,Non
5628,15718280,Luffman,662,Allemagne,Homme,39.0,5,69911.055,2,Oui,Oui,73109.95,Non
5629,15628155,Dike,410,France,Femme,35.0,7,58591.87,1,Oui,Oui,54866.865,Non
5630,15656141,Ts'ao,741,France,Homme,39.0,5,0.0,1,Non,Oui,20103.53,Non
5631,15573045,Earl,547,France,Homme,62.0,10,63869.375,2,Oui,Oui,42576.5,Non
5632,15635364,Gray,618,France,Femme,49.0,9,22150.715,3,Oui,Oui,,Oui
5633,15807709,Kirby,714,Allemagne,Femme,55.0,9,90037.61,1,Oui,Oui,50063.855,Non
5634,15725679,Hsia,531,France,Femme,47.0,6,0.0,1,Non,Non,97499.17,Oui
5635,15589493,Otitodilinna,716,Allemagne,Homme,27.0,1,61276.17,2,Oui,Non,33805.68,Non
5636,15685245,Jowett,608,Espagne,Femme,56.0,5,0.0,2,Non,Oui,76905.205,Non
5637,15782569,Stout,687,France,Femme,72.0,9,0.0,1,Non,Oui,34914.7,Non
5638,15590606,Saunders,595,France,Homme,41.0,9,0.0,2,Oui,Non,2983.545,Non
5639,15585961,Talbot,496,Espagne,Femme,43.0,3,0.0,2,Non,Oui,99752.765,Non
5640,15637235,Knight,794,Espagne,Homme,33.0,8,0.0,2,Non,Non,45670.01,Non
5641,15787189,Tai,824,Allemagne,Homme,60.0,8,67125.085,3,Non,Non,76523.08,Oui
5642,15611612,Priestley,570,France,Femme,,0,0.0,1,Oui,Non,18546.215,Non
5643,15679284,Aksenov,593,Espagne,Femme,45.0,6,39629.875,1,Oui,Non,27673.64,Non
5644,15623430,Hill,672,France,Homme,34.0,9,0.0,2,Oui,Non,80900.385,Non
5645,15799815,Bobrov,656,Allemagne,Femme,23.0,4,81774.815,1,Non,Oui,10542.56,Non
5646,15740470,Vinogradov,725,France,Homme,39.0,4,80326.225,2,Oui,Non,28821.775,Non
5647,15678460,Dodgshun,691,France,Homme,30.0,9,0.0,1,Oui,Non,24797.01,Non
5648,15609356,Chimaraoke,697,France,Femme,25.0,1,0.0,2,Non,Non,,Non
5649,15754068,Judd,578,France,Homme,32.0,4,0.0,2,Oui,Oui,70911.4,Non
5650,15758769,Coffey,625,France,Femme,44.0,7,0.0,1,Oui,Non,2395.9,Non
5651,15781210,Reid,711,France,Homme,34.0,8,0.0,2,Non,Non,24130.095,Non
5652,15688007,Liu,703,Espagne,Homme,20.0,3,82630.49,1,Oui,Oui,20813.39,Non
5653,15771749,Duncan,653,Allemagne,Femme,38.0,5,57134.11,2,Oui,Oui,44762.415,Non
5654,15742323,Barese,541,France,Homme,39.0,7,0.0,2,Oui,Non,9911.51,Non
5655,15749177,Maslow,730,Espagne,Femme,52.0,7,0.0,2,Non,Oui,61199.42,Non
5656,15757473,Chukwujamuike,766,France,Femme,27.0,7,79393.335,2,Non,Oui,23789.625,Non
5657,15721469,Mach,492,Allemagne,Homme,45.0,9,85147.52,2,Non,Non,82370.905,Non
5658,15650889,Golubev,710,Allemagne,Femme,30.0,10,66768.55,2,Oui,Non,77796.87,Non
5659,15714610,Alexeeva,575,Espagne,Homme,30.0,2,0.0,2,Oui,Oui,,Non
5660,15619653,Hannaford,666,France,Homme,47.0,2,0.0,1,Oui,Non,17523.485,Oui
5661,15619238,Allan,567,Espagne,Homme,29.0,8,0.0,2,Oui,Non,,Non
5662,15797081,Ajuluchukwu,611,Allemagne,Femme,49.0,9,57744.26,2,Oui,Oui,69328.405,Oui
5663,15739576,Bustard,706,Espagne,Homme,20.0,8,0.0,2,Oui,Oui,6184.055,Non
5664,15706269,Willis,489,France,Femme,47.0,8,51947.19,2,Oui,Oui,53812.73,Non
5665,15775490,Downie,660,,Femme,38.0,5,55285.39,2,Oui,Non,97953.295,Non
5666,15706163,Enyinnaya,518,Allemagne,Homme,,4,56812.965,1,Non,Non,46363.71,Oui
5667,15799435,Hayes,619,Espagne,Homme,34.0,1,0.0,1,Oui,Non,69959.69,Non
5668,15753837,Young,573,Espagne,Homme,38.0,4,0.0,2,Oui,Oui,98258.715,Non
5669,15642202,Whitfield,821,Allemagne,Femme,37.0,5,53226.765,2,Non,Oui,63706.5,Non
5670,15668142,Chang,700,France,Homme,37.0,3,38804.23,2,Oui,Oui,87686.73,Non
5671,15801817,Carpenter,688,France,Femme,38.0,7,61772.105,1,Oui,Oui,78832.01,Non
5672,15572398,Townsend,614,Espagne,Femme,39.0,6,0.0,2,Oui,Oui,82009.49,Non
5673,15635870,She,579,Allemagne,Femme,50.0,5,58860.51,1,Non,Oui,96073.315,Oui
5674,15748986,Bischof,705,Allemagne,Homme,42.0,8,83342.96,2,Oui,Oui,27656.755,Non
5675,15650237,Morgan,754,Espagne,Femme,32.0,7,0.0,2,Oui,Non,44760.375,Non
5676,15751175,Bess,648,France,Femme,44.0,2,0.0,2,Oui,Oui,29326.115,Non
5677,15693902,Hunt,597,France,Homme,19.0,2,0.0,2,Oui,Oui,45518.37,Non
5678,15578908,Todd,725,Espagne,Femme,32.0,0,0.0,2,Oui,Oui,69262.595,Non
5679,15630106,Lo,496,Espagne,Homme,29.0,2,0.0,2,Oui,Non,27694.795,Non
5680,15764072,Somerville,759,France,Femme,31.0,1,54924.3,1,Oui,Oui,21006.275,Non
5681,15762216,Barrera,686,France,Femme,41.0,4,64776.88,2,Oui,Non,93799.9,Non
5682,15678034,Grosse,811,,Homme,46.0,9,90113.12,1,Oui,Non,,Oui
5683,15585867,Rutledge,596,Espagne,Homme,36.0,2,0.0,2,Non,Oui,62778.975,Non
5684,15684868,Cameron,668,Allemagne,Homme,56.0,9,55496.895,1,Oui,Non,67198.32,Oui
5685,15782941,Chijindum,573,France,Homme,31.0,2,0.0,2,Oui,Oui,45978.695,Non
5686,15792489,Polyakova,622,Espagne,Homme,42.0,9,0.0,2,Oui,Non,59563.53,Non
5687,15653306,Ermakova,679,Allemagne,Femme,32.0,0,44167.525,1,Non,Non,79792.405,Non
5688,15809087,Landry,598,France,Homme,64.0,1,0.0,2,Oui,Non,97817.65,Oui
5689,15641366,Y?an,599,Allemagne,Homme,61.0,1,62368.98,1,Non,Oui,45194.805,Oui
5690,15748691,Lung,794,Espagne,Femme,30.0,1,77485.27,1,Non,Oui,78384.225,Non
5691,15706557,Ferguson,626,France,Femme,52.0,0,0.0,2,Oui,Non,16079.73,Oui
5692,15778142,Shih,850,,Femme,,1,65044.78,2,Oui,Oui,2233.105,Non
5693,15728838,Leach,578,France,Homme,45.0,1,74300.455,1,Oui,Non,71698.57,Oui
5694,15774536,He,607,France,Femme,32.0,6,0.0,2,Non,Non,98031.005,Non
5695,15672930,Palerma,722,Espagne,Homme,37.0,9,0.0,2,Oui,Non,15960.975,Non
5696,15676937,Nicholls,635,Espagne,Femme,32.0,8,0.0,2,Oui,Oui,9683.99,Oui
5697,15756155,Fu,645,France,Homme,32.0,4,0.0,2,Non,Oui,48814.04,Non
5698,15719958,Degtyarev,850,Allemagne,Homme,39.0,3,62274.495,2,Oui,Oui,60190.06,Non
5699,15673342,K'ung,703,France,Homme,36.0,2,0.0,2,Oui,Non,54395.475,Non
5700,15576216,Chienezie,655,Allemagne,Femme,,4,54431.38,1,Oui,Non,39777.54,Oui
5701,15702138,Swift,510,France,Femme,22.0,3,78417.17,1,Non,Non,22187.22,Non
5702,15611329,Findlay,608,Espagne,Femme,35.0,6,0.0,2,Oui,Oui,71731.64,Non
5703,15800517,Huang,633,Espagne,Homme,32.0,5,81670.06,2,Oui,Oui,37207.6,Non
5704,15619016,McMinn,660,Allemagne,Homme,46.0,5,54509.825,2,Oui,Oui,16840.28,Non
5705,15625632,Philip,577,France,Homme,36.0,3,60546.235,2,Non,Oui,71891.73,Non
5706,15622494,Mazzanti,718,France,Homme,27.0,2,0.0,2,Non,Non,,Non
5707,15732643,Pike,386,Espagne,Femme,53.0,1,65977.535,1,Oui,Oui,31257.325,Oui
5708,15755209,Fu,484,Espagne,Femme,35.0,7,66934.105,1,Oui,Oui,13643.05,Non
5709,15778589,Collier,626,France,Homme,34.0,7,56507.35,2,Oui,Oui,28323.14,Non
5710,15806132,Martin,555,France,Homme,55.0,4,73399.405,1,Oui,Oui,37074.885,Non
5711,15644849,Zikoranachidimma,655,France,Femme,32.0,2,0.0,1,Oui,Oui,35523.755,Non
5712,15751593,Fraser,570,Allemagne,Homme,35.0,6,42834.295,1,Oui,Non,52762.68,Non
5713,15723720,McKenzie,591,France,Femme,31.0,7,0.0,2,Non,Oui,24389.23,Non
5714,15641732,Mills,543,France,Femme,36.0,3,0.0,2,Non,Non,13009.795,Non
5715,15734565,Hughes,696,France,Homme,29.0,8,0.0,2,Oui,Non,,Non
5716,15647570,Chung,640,Allemagne,Homme,45.0,8,60295.595,1,Non,Non,97561.97,Non
5717,15757933,Hardy,733,Allemagne,Femme,30.0,1,51226.355,1,Oui,Non,10778.475,Non
5718,15691119,Martin,721,Allemagne,Homme,68.0,4,68262.995,1,Non,Non,87699.57,Non
5719,15655368,Wheeler,672,France,Homme,47.0,1,0.0,1,Non,Non,45787.46,Non
5720,15594270,Biryukov,693,France,Homme,38.0,7,99169.385,2,Oui,Oui,7139.09,Non
5721,15699389,Ch'ien,807,France,Homme,42.0,7,59137.355,1,Oui,Oui,12942.86,Non
5722,15610105,Shen,666,Allemagne,Femme,21.0,1,60913.715,2,Oui,Oui,49909.155,Non
5723,15812766,Golubeva,490,,Homme,40.0,6,78055.54,1,Non,Non,95444.565,Non
5724,15586585,Duncan,698,Allemagne,Femme,51.0,2,55509.49,1,Oui,Non,43205.14,Non
5725,15617482,Milanesi,489,Allemagne,Femme,52.0,1,65720.755,1,Oui,Non,18620.055,Oui
5726,15637131,Fallaci,829,France,Homme,38.0,9,0.0,2,Oui,Non,15264.94,Non
5727,15793854,Ahmed,723,France,Homme,42.0,2,49547.865,1,Oui,Oui,8756.265,Non
5728,15674368,Riley,738,France,Femme,39.0,1,47217.725,2,Non,Oui,94715.43,Non
5729,15724543,Mao,597,France,Homme,,5,0.0,2,Oui,Oui,40649.585,Non
5730,15710257,Matveyeva,625,France,Femme,39.0,3,65393.46,1,Non,Oui,60658.035,Non
5731,15688210,Sims,670,France,Femme,39.0,8,50964.255,1,Non,Non,44602.77,Non
5732,15577018,Tsao,684,Allemagne,Femme,26.0,2,57017.695,1,Non,Non,48442.595,Non
5733,15683993,Knight,493,France,Femme,37.0,8,71493.73,2,Oui,Non,79420.495,Non
5734,15581548,Kaodilinakachukwu,637,Espagne,Femme,22.0,5,49400.0,1,Oui,Non,61432.775,Non
5735,15607526,Lu,638,Allemagne,Homme,50.0,1,51322.74,1,Oui,Non,84179.99,Oui
5736,15627630,Chiagoziem,599,France,Femme,41.0,1,0.0,2,Oui,Non,,Non
5737,15576945,Clements,582,France,Homme,29.0,0,0.0,1,Oui,Non,71258.175,Non
5738,15590286,Fairley,611,France,Femme,40.0,2,62939.645,1,Oui,Non,46601.715,Non
5739,15672826,Chen,666,France,Femme,32.0,10,56268.285,2,Oui,Oui,17175.27,Non
5740,15747168,Sanders,626,Allemagne,Femme,47.0,2,51554.4,1,Non,Oui,83237.72,Oui
5741,15614361,Liao,620,Espagne,Homme,42.0,9,60745.025,1,Oui,Oui,14648.37,Non
5742,15691647,McGregor,411,France,Femme,35.0,2,0.0,2,Oui,Oui,46912.89,Non
5743,15716041,Chinomso,622,Espagne,Homme,39.0,9,0.0,2,Non,Oui,50431.18,Non
5744,15814675,Chien,642,Allemagne,Femme,39.0,8,64132.015,1,Oui,Non,30896.38,Oui
5745,15690796,Chambers,516,France,Homme,,8,0.0,1,Oui,Non,50917.29,Non
5746,15729836,Robinson,646,Espagne,Homme,32.0,1,0.0,2,Oui,Non,91644.61,Non
5747,15815097,Root,603,France,Femme,34.0,9,0.0,2,Oui,Non,83958.175,Non
5748,15663134,Uspenskaya,535,Espagne,Homme,58.0,1,0.0,2,Oui,Oui,,Oui
5749,15670496,Schwartz,655,Espagne,Femme,27.0,9,0.0,2,Non,Non,54004.025,Non
5750,15616530,Foran,638,France,Homme,36.0,6,94227.595,1,Non,Non,23515.7,Oui
5751,15674765,Mitchell,553,Espagne,Homme,44.0,4,0.0,1,Oui,Non,5394.65,Non
5752,15806027,Niu,556,France,Femme,52.0,9,0.0,1,Oui,Non,87574.6,Oui
5753,15662865,Storey,658,Espagne,Homme,,1,0.0,2,Non,Oui,42463.71,Non
5754,15758050,Madukwe,622,Espagne,Homme,37.0,4,0.0,2,Oui,Non,2229.75,Non
5755,15777759,Boucaut,570,France,Homme,30.0,2,65703.28,1,Oui,Oui,23976.225,Non
5756,15735246,Norman,798,Espagne,Femme,58.0,9,0.0,2,Non,Non,59535.78,Oui
5757,15744691,Tsai,755,France,Femme,29.0,3,0.0,3,Oui,Non,2366.97,Non
5758,15744582,Randall,680,France,Femme,24.0,10,0.0,3,Oui,Non,77485.815,Oui
5759,15634375,Duncan,710,Espagne,Femme,36.0,8,0.0,2,Non,Non,41603.095,Non
5760,15657637,Ts'ui,696,Espagne,Femme,36.0,3,0.0,3,Oui,Non,32519.95,Non
5761,15582276,Greco,638,France,Homme,34.0,5,66750.68,1,Non,Oui,77821.52,Non
5762,15684010,Tuan,640,Allemagne,Femme,74.0,2,58400.125,1,Oui,Oui,17065.215,Non
5763,15674720,Smith,691,Allemagne,Femme,37.0,7,61533.815,1,Oui,Oui,49081.22,Oui
5764,15785975,Mason,525,Espagne,Femme,60.0,7,0.0,2,Non,Oui,84017.45,Non
5765,15766776,Sal,576,France,Homme,41.0,1,0.0,1,Oui,Oui,94137.3,Non
5766,15646082,Harding,676,France,Femme,,8,41454.57,1,Oui,Non,45908.69,Oui
5767,15715877,Lo,821,France,Homme,28.0,2,0.0,2,Oui,Non,23036.26,Non
5768,15650018,Chen,681,France,Femme,43.0,8,77050.15,1,Non,Non,57329.905,Non
5769,15619116,Wallace,493,France,Femme,36.0,2,0.0,2,Non,Oui,49885.15,Non
5770,15613189,Browne,774,France,Femme,52.0,2,28290.465,1,Oui,Non,56633.14,Oui
5771,15765283,Wenz,624,Allemagne,Femme,40.0,3,74980.995,2,Oui,Non,52305.43,Non
5772,15624975,Angelo,693,Espagne,Homme,28.0,1,72559.415,1,Non,Oui,38871.19,Non
5773,15715199,Estrada,568,Espagne,Homme,27.0,5,63407.985,2,Non,Oui,59324.06,Non
5774,15605826,Korovina,652,Allemagne,Homme,46.0,10,60531.9,3,Oui,Non,75740.93,Oui
5775,15615004,Anderson,730,France,Femme,37.0,1,0.0,2,Oui,Oui,62182.315,Non
5776,15690130,Wyatt,468,France,Femme,32.0,8,68824.735,1,Non,Non,99357.145,Non
5777,15644132,Mancini,724,France,Femme,30.0,9,71237.935,1,Oui,Oui,53924.12,Non
5778,15682955,Capon,758,France,Femme,,2,42189.45,1,Oui,Oui,37698.215,Non
5779,15758546,Norton,850,Espagne,Homme,39.0,8,0.0,2,Oui,Oui,18545.22,Non
5780,15696744,Miller,705,France,Femme,31.0,3,59897.335,1,Non,Non,91264.22,Non
5781,15641794,Ridley,698,France,Homme,33.0,5,67829.365,2,Non,Oui,19877.5,Non
5782,15781307,Schneider,779,Allemagne,Homme,37.0,7,60046.26,2,Oui,Non,,Non
5783,15577402,Grant,593,France,Homme,31.0,9,0.0,2,Non,Oui,10246.08,Non
5784,15797381,DeRose,593,Allemagne,Femme,48.0,3,66951.56,2,Oui,Oui,42951.195,Oui
5785,15772479,Napolitano,673,France,Homme,37.0,4,0.0,2,Non,Non,81781.535,Non
5786,15685150,Evans,799,Allemagne,Homme,28.0,7,83829.165,2,Oui,Oui,55569.125,Non
5787,15580719,Davis,697,France,Femme,23.0,10,0.0,2,Oui,Oui,39867.115,Non
5788,15724428,Abel,544,France,Homme,40.0,8,0.0,2,Oui,Non,30790.6,Non
5789,15573280,Gallagher,646,Allemagne,Homme,50.0,6,72647.655,2,Oui,Oui,13907.37,Non
5790,15671148,Barry,490,Allemagne,Homme,33.0,5,48170.5,2,Non,Non,54156.67,Non
5791,15782688,Piccio,625,Allemagne,Homme,56.0,0,74253.62,1,Oui,Non,23412.04,Oui
5792,15778861,Wallace,720,Espagne,Homme,33.0,6,48594.31,1,Non,Non,45940.645,Non
5793,15652030,De Bernales,637,Allemagne,Homme,49.0,2,54102.26,1,Oui,Non,84518.92,Oui
5794,15657881,Onyemere,784,France,Homme,38.0,5,68356.455,1,Non,Oui,84960.46,Non
5795,15792525,Lei,628,Allemagne,Femme,61.0,1,48680.83,1,Oui,Oui,74961.19,Oui
5796,15730273,Parsons,841,France,Homme,27.0,8,0.0,1,Oui,Non,85961.36,Non
5797,15680421,Challis,591,France,Femme,42.0,10,0.0,2,Non,Non,85549.61,Non
5798,15645136,O'Donnell,744,Espagne,Homme,30.0,1,64032.56,1,Oui,Non,60762.74,Non
5799,15729574,Lu,616,Espagne,Homme,71.0,4,0.0,2,Oui,Oui,86799.69,Non
5800,15610226,Fenton,614,France,Femme,27.0,9,53207.285,2,Non,Non,38750.405,Non
5801,15659327,Moffitt,520,France,Homme,49.0,5,60598.82,1,Oui,Non,36288.665,Oui
5802,15594862,Aleksandrova,552,France,Homme,36.0,8,0.0,2,Non,Non,66273.51,Non
5803,15655875,Thao,511,France,Femme,33.0,3,0.0,2,Oui,Non,66218.355,Non
5804,15751549,H?,658,Allemagne,Homme,31.0,2,38541.325,2,Non,Non,6741.14,Non
5805,15733777,Evans,817,France,Homme,44.0,8,0.0,1,Non,Non,32750.955,Oui
5806,15619972,Akabueze,807,France,Femme,,9,83832.415,1,Non,Non,62720.055,Oui
5807,15771873,Buccho,776,Allemagne,Femme,37.0,2,51884.61,2,Oui,Non,,Non
5808,15733476,Gonzalez,543,Allemagne,Homme,30.0,6,36740.525,1,Oui,Oui,88346.325,Non
5809,15810563,Ho,678,Espagne,Femme,61.0,8,0.0,2,Oui,Oui,79969.41,Non
5810,15625021,Hung,585,France,Homme,42.0,2,0.0,2,Oui,Oui,9328.885,Non
5811,15658360,Gregory,762,Espagne,Homme,35.0,9,61464.71,2,Non,Non,,Non
5812,15752081,Vassiliev,468,France,Femme,,10,0.0,3,Non,Oui,31128.435,Oui
5813,15680752,Horrocks,675,France,Femme,49.0,0,0.0,1,Oui,Oui,40248.355,Oui
5814,15764195,Newsom,519,Espagne,Homme,39.0,4,55950.07,1,Oui,Oui,48788.585,Non
5815,15596671,Endrizzi,603,Espagne,Femme,42.0,8,45805.56,1,Non,Non,72337.65,Oui
5816,15640905,Vasin,579,Espagne,Femme,35.0,1,64745.18,2,Non,Oui,4295.415,Oui
5817,15586243,Yobachi,667,France,Homme,44.0,8,61138.935,1,Oui,Oui,45905.355,Non
5818,15606267,Wilson,622,,Femme,38.0,4,49320.37,1,Oui,Oui,55228.995,Non
5819,15747043,Giles,599,Espagne,Homme,36.0,4,0.0,2,Non,Non,6605.28,Non
5820,15707479,Fan,664,France,Homme,40.0,7,62804.36,1,Oui,Non,61036.74,Non
5821,15715951,Thorpe,562,France,Homme,42.0,2,50119.175,1,Non,Non,43398.705,Non
5822,15668248,Quinn,528,Allemagne,Femme,62.0,7,66600.585,1,Non,Non,84253.84,Oui
5823,15782360,Rogers,743,Allemagne,Homme,65.0,2,65967.755,1,Oui,Oui,48199.835,Oui
5824,15601719,Fiorentino,465,Allemagne,Homme,24.0,6,78003.545,1,Oui,Non,95684.185,Non
5825,15587419,Shipton,611,France,Homme,58.0,8,0.0,2,Non,Oui,53832.84,Oui
5826,15681990,Palmerston,497,Allemagne,Homme,24.0,6,55884.57,2,Oui,Non,27929.635,Non
5827,15700752,Pugliesi,545,France,Femme,32.0,6,0.0,2,Oui,Oui,26033.685,Non
5828,15748660,Ellis,561,Allemagne,Femme,49.0,1,51012.66,1,Oui,Non,66525.82,Oui
5829,15738248,Lo,662,France,Femme,37.0,5,0.0,2,Oui,Non,75935.92,Non
5830,15571415,Okwudiliolisa,805,,Homme,56.0,6,75901.145,1,Oui,Non,23395.545,Oui
5831,15749381,Yu,790,France,Femme,,2,63309.635,1,Oui,Non,99112.19,Non
5832,15768777,Wang,507,Espagne,Femme,34.0,4,0.0,2,Oui,Oui,30344.19,Non
5833,15581332,Pan,655,Allemagne,Femme,30.0,1,41586.99,2,Oui,Oui,92129.8,Non
5834,15704910,Rios,631,Espagne,Homme,23.0,3,0.0,2,Oui,Non,6906.62,Non
5835,15795963,Fiorentini,687,France,Homme,34.0,7,64947.595,1,Non,Oui,14349.085,Non
5836,15605673,Liang,716,Espagne,Femme,29.0,8,0.0,2,Non,Non,39308.46,Non
5837,15742809,Mironova,712,Espagne,Femme,29.0,7,38959.89,1,Oui,Non,61273.79,Non
5838,15589881,Rowe,634,France,Femme,41.0,7,0.0,2,Oui,Oui,,Non
5839,15575247,Cartwright,524,France,Homme,30.0,1,0.0,2,Oui,Non,63406.425,Non
5840,15768476,Chukwubuikem,703,Espagne,Homme,31.0,6,0.0,2,Oui,Oui,33833.595,Non
5841,15785798,Uchechukwu,850,France,Homme,,9,0.0,2,Non,Oui,59616.165,Non
5842,15568573,Graham,554,Allemagne,Femme,51.0,7,52850.955,1,Non,Oui,89898.895,Oui
5843,15592925,Giordano,711,Espagne,Homme,42.0,3,88813.385,3,Non,Oui,8196.36,Oui
5844,15582090,Iroawuchi,684,Espagne,Femme,36.0,4,0.0,1,Oui,Non,58519.48,Non
5845,15602731,Wong,724,France,Homme,31.0,5,0.0,1,Oui,Non,67444.975,Oui
5846,15654495,Potter,706,Allemagne,Femme,47.0,6,60310.945,1,Oui,Oui,,Non
5847,15568595,Fleming,544,France,Homme,64.0,9,56914.725,1,Oui,Oui,62170.745,Non
5848,15690169,Meng,645,France,Homme,31.0,7,80585.85,2,Oui,Non,6299.97,Oui
5849,15722535,Ireland,457,France,Femme,33.0,7,63918.77,1,Non,Oui,30006.585,Non
5850,15798960,Meng,680,France,Homme,,2,54196.675,1,Non,Oui,19528.835,Non
5851,15787772,Hansen,759,France,Femme,38.0,1,52045.645,1,Non,Non,45780.955,Non
5852,15717225,Ikemefuna,544,France,Femme,21.0,10,80762.98,2,Oui,Non,4631.385,Non
5853,15797760,Bogdanov,632,France,Homme,40.0,3,96677.43,2,Oui,Non,74594.205,Non
5854,15703399,McNeil,756,France,Femme,26.0,5,50820.57,2,Non,Oui,77230.34,Non
5855,15670345,Mazzi,785,Allemagne,Femme,33.0,6,63605.725,1,Non,Non,95980.915,Non
5856,15637240,Wei,541,France,Homme,46.0,4,62273.565,2,Oui,Non,47249.53,Non
5857,15779904,Yobanna,597,France,Femme,29.0,5,0.0,2,Oui,Oui,87412.785,Non
5858,15724563,Hawkins,752,Allemagne,Femme,42.0,3,32523.04,2,Non,Oui,70069.64,Non
5859,15613886,Trevisan,722,Espagne,Homme,43.0,1,0.0,1,Oui,Non,22280.085,Oui
5860,15614491,Lockyer,539,France,Homme,39.0,3,69576.84,2,Oui,Non,73831.165,Non
5861,15592877,Wright,641,Espagne,Homme,42.0,9,66328.775,1,Oui,Non,17683.595,Non
5862,15582016,Fiorentini,766,Espagne,Homme,41.0,6,49604.23,2,Oui,Non,31201.19,Non
5863,15632344,Jones,792,France,Femme,42.0,0,49522.965,2,Oui,Non,23580.005,Non
5864,15773146,Rubeo,652,France,Homme,26.0,3,68999.1,2,Non,Oui,84494.885,Non
5865,15770345,Kovaleva,559,Espagne,Femme,31.0,1,69591.53,1,Non,Oui,71680.28,Non
5866,15687752,Griffin,641,France,Homme,30.0,2,43752.735,2,Non,Oui,3639.285,Non
5867,15770498,Parker,798,France,Femme,37.0,4,55861.54,1,Oui,Oui,41739.06,Non
5868,15707189,Marshall,667,Allemagne,Femme,36.0,1,57195.81,1,Oui,Oui,26706.27,Non
5869,15747808,Ni,712,France,Homme,29.0,3,51270.305,1,Oui,Oui,94840.395,Non
5870,15578809,Hao,651,Allemagne,Homme,40.0,1,67380.105,2,Non,Non,87217.03,Oui
5871,15737194,Tu,635,France,Femme,33.0,5,0.0,2,Oui,Non,61474.855,Non
5872,15810786,O'Toole,620,,Femme,,3,0.0,2,Oui,Oui,21743.365,Non
5873,15687946,Osborne,556,France,Femme,61.0,2,58709.675,1,Oui,Oui,47076.915,Non
5874,15619674,White,649,France,Femme,,4,54153.22,1,Oui,Oui,96243.12,Non
5875,15684042,Blair,636,Allemagne,Homme,34.0,2,20052.755,2,Non,Oui,26756.08,Non
5876,15752463,Samuel,826,Espagne,Femme,29.0,4,64969.035,1,Non,Oui,95100.265,Non
5877,15775307,Sung,490,Espagne,Femme,38.0,3,48633.05,1,Oui,Oui,46398.615,Non
5878,15730418,Lucchesi,652,France,Femme,32.0,2,0.0,2,Oui,Non,27314.055,Non
5879,15715414,White,658,France,Femme,38.0,6,51447.55,1,Non,Non,77832.88,Non
5880,15764253,Ramsey,742,France,Homme,32.0,6,80242.58,1,Oui,Non,,Non
5881,15770406,Watson,580,Allemagne,Homme,35.0,9,60677.595,1,Non,Oui,17835.725,Non
5882,15722350,Udinesi,627,Allemagne,Femme,37.0,7,73680.785,1,Oui,Oui,66515.98,Non
5883,15657529,Chin,714,Allemagne,Homme,53.0,1,49570.93,1,Oui,Oui,36248.025,Oui
5884,15731246,Hobler,628,Espagne,Homme,40.0,10,0.0,2,Oui,Non,51916.29,Non
5885,15588933,Nwankwo,825,France,Femme,36.0,3,73026.83,1,Oui,Oui,,Non
5886,15625524,Rowe,512,,Homme,40.0,5,0.0,2,Oui,Oui,,Non
5887,15705885,Smeaton,752,Espagne,Homme,36.0,2,0.0,2,Oui,Oui,22785.42,Non
5888,15673055,Sung,494,Espagne,Homme,38.0,7,0.0,2,Oui,Oui,3101.83,Non
5889,15607269,Costa,492,Allemagne,Femme,49.0,2,75624.725,2,Oui,Oui,83618.97,Non
5890,15790564,She,832,Allemagne,Femme,40.0,9,53824.47,2,Oui,Oui,67319.485,Non
5891,15723411,Jamieson,607,Espagne,Femme,36.0,4,49133.15,1,Oui,Oui,23208.18,Non
5892,15779064,Chidiegwu,677,France,Homme,27.0,2,0.0,2,Oui,Oui,10046.445,Non
5893,15591628,Davies,701,Allemagne,Homme,41.0,9,82023.05,1,Oui,Non,24702.965,Non
5894,15789095,T'ang,775,Espagne,Homme,30.0,4,0.0,2,Non,Oui,28730.565,Non
5895,15711742,Mason,708,France,Femme,34.0,4,0.0,1,Oui,Oui,31434.165,Non
5896,15746199,Eluemuno,558,France,Femme,41.0,6,0.0,1,Oui,Oui,71792.645,Oui
5897,15731281,Ozuluonye,704,Allemagne,Femme,35.0,3,77103.035,2,Oui,Oui,20130.745,Non
5898,15795571,Patterson,606,Espagne,Homme,36.0,0,47076.78,1,Non,Oui,60069.135,Non
5899,15728605,Hung,697,France,Homme,40.0,4,0.0,2,Non,Oui,13271.64,Non
5900,15780804,Nucci,482,France,Homme,55.0,5,48659.125,1,Non,Oui,39208.07,Non
5901,15653110,Chan,694,France,Homme,42.0,8,66883.595,1,Oui,Non,18202.605,Non
5902,15648047,Williamson,742,Allemagne,Homme,27.0,5,95062.715,2,Non,Non,10896.795,Non
5903,15794137,Nevzorova,751,Allemagne,Femme,37.0,0,75609.49,1,Oui,Oui,54654.645,Non
5904,15806447,Mazzanti,690,Allemagne,Homme,32.0,0,53341.76,2,Oui,Oui,68958.245,Non
5905,15773890,Okechukwu,733,France,Homme,22.0,5,0.0,2,Oui,Oui,,Non
5906,15724623,Taubman,704,Allemagne,Femme,24.0,7,56517.11,1,Oui,Non,81251.74,Oui
5907,15710421,Baresi,774,Espagne,Femme,36.0,8,58576.15,1,Non,Non,50914.195,Non
5908,15792473,Reilly,598,Allemagne,Femme,50.0,5,44189.905,3,Non,Oui,32078.62,Oui
5909,15739189,Johnson,561,Espagne,Femme,33.0,6,0.0,2,Oui,Non,22630.735,Non
5910,15797293,Sopuluchukwu,677,France,Femme,25.0,3,0.0,2,Oui,Non,89804.48,Non
5911,15741554,Streeter,746,Espagne,Homme,31.0,2,56918.135,1,Oui,Oui,87407.77,Non
5912,15568120,Lacross,681,France,Femme,37.0,7,34804.925,1,Oui,Oui,36063.915,Non
5913,15668057,K?,669,France,Femme,,6,56500.33,1,Oui,Non,20233.91,Non
5914,15591985,Stewart,708,France,Femme,51.0,8,35377.09,1,Oui,Oui,46460.02,Oui
5915,15731412,Trevisano,693,Allemagne,Femme,37.0,6,47950.02,1,Oui,Oui,19098.12,Non
5916,15802857,Robson,659,Espagne,Femme,33.0,8,57704.8,1,Non,Oui,769.605,Non
5917,15752026,Hammer,691,France,Homme,58.0,3,0.0,1,Non,Oui,97465.15,Oui
5918,15590476,Onochie,589,France,Homme,28.0,7,0.0,2,Oui,Non,75822.98,Non
5919,15605036,Pisano,704,Espagne,Femme,37.0,9,77809.79,1,Oui,Oui,67544.29,Non
5920,15733602,Rubin,814,Espagne,Femme,72.0,2,0.0,2,Non,Oui,65426.515,Non
5921,15724466,Swearingen,744,Allemagne,Femme,41.0,2,42056.705,1,Oui,Non,98774.315,Non
5922,15624744,Tai,622,Allemagne,Homme,42.0,9,57883.13,1,Non,Non,36077.925,Oui
5923,15607988,Garland,663,Allemagne,Femme,37.0,8,77651.855,1,Oui,Non,59358.315,Non
5924,15704583,Chikwado,651,France,Homme,56.0,2,0.0,1,Oui,Non,57261.34,Oui
5925,15697129,Ulyanova,706,Espagne,Femme,43.0,1,0.0,2,Oui,Non,15981.385,Non
5926,15766378,Marsden,714,Allemagne,Femme,45.0,9,53215.985,2,Oui,Oui,82058.845,Non
5927,15811589,Metcalfe,716,Espagne,Homme,42.0,8,0.0,2,Oui,Non,,Non
5928,15692258,Thompson,569,Espagne,Homme,31.0,1,57703.485,1,Non,Non,72764.11,Non
5929,15621974,Davydova,778,Allemagne,Femme,33.0,4,55531.865,2,Oui,Non,41778.325,Non
5930,15658890,Belonwu,603,Allemagne,Homme,46.0,4,49449.88,2,Oui,Oui,43095.17,Non
5931,15664432,Chao,727,Espagne,Femme,49.0,7,48148.39,1,Oui,Non,95228.935,Oui
5932,15756560,Moran,599,Espagne,Femme,46.0,7,40871.42,2,Oui,Non,,Non
5933,15610765,Onwumelu,559,France,Homme,29.0,1,0.0,2,Non,Non,77819.88,Non
5934,15803005,Wallace,570,Allemagne,Femme,,5,43284.375,1,Non,Oui,51830.155,Non
5935,15580629,Blackwood,604,France,Homme,31.0,6,67418.79,1,Oui,Non,96014.595,Non
5936,15807961,Bruno,619,France,Homme,25.0,4,0.0,1,Oui,Non,72762.18,Non
5937,15580462,Corby,607,Espagne,Homme,40.0,1,56272.225,1,Oui,Oui,9921.11,Non
5938,15671256,Macartney,850,France,Femme,35.0,1,105887.155,1,Oui,Non,94287.06,Oui
5939,15576526,Steele,850,Espagne,Homme,36.0,6,0.0,2,Non,Oui,20645.525,Non
5940,15676835,Anayolisa,710,Espagne,Homme,33.0,1,0.0,2,Oui,Non,,Non
5941,15613463,Hackett,679,Allemagne,Femme,50.0,6,66299.19,2,Oui,Oui,92008.99,Non
5942,15779390,Theus,850,Espagne,Femme,31.0,4,45646.35,1,Oui,Oui,81074.535,Non
5943,15764294,Ifeatu,759,Allemagne,Homme,31.0,4,49449.955,1,Oui,Oui,23916.41,Non
5944,15806945,Udobata,611,France,Femme,30.0,9,44297.07,1,Oui,Non,98166.225,Non
5945,15661827,Brown,693,Espagne,Femme,45.0,4,0.0,2,Oui,Oui,13294.78,Non
5946,15579345,Murphy,775,Allemagne,Femme,74.0,0,80685.75,1,Oui,Oui,67434.965,Non
5947,15634501,Wei,441,France,Homme,60.0,1,70307.075,1,Non,Oui,87190.615,Non
5948,15746726,Doyle,438,Allemagne,Homme,31.0,8,39199.345,1,Oui,Non,22468.505,Non
5949,15700693,Tu,693,France,Homme,68.0,2,0.0,2,Oui,Oui,29932.48,Non
5950,15791304,Ch'ang,604,Allemagne,Homme,25.0,7,82706.715,1,Oui,Oui,17639.87,Non
5951,15791342,Johnston,660,Espagne,Homme,31.0,1,42280.02,1,Oui,Oui,68892.125,Non
5952,15767921,Madukwe,613,France,Homme,41.0,7,0.0,2,Oui,Non,,Non
5953,15720338,Mazzanti,592,Espagne,Homme,55.0,8,42922.715,2,Oui,Oui,64459.21,Non
5954,15589428,Tomlinson,756,France,Femme,42.0,9,0.0,2,Oui,Non,17836.71,Non
5955,15661936,Chikelu,513,France,Homme,40.0,3,70502.23,1,Oui,Non,52514.23,Non
5956,15762543,Goliwe,711,France,Femme,32.0,1,0.0,2,Oui,Non,63094.21,Non
5957,15773039,Ku,550,France,Homme,37.0,3,0.0,1,Oui,Oui,89835.155,Non
5958,15607877,Maclean,576,Espagne,Homme,26.0,8,0.0,2,Non,Oui,17050.53,Non
5959,15656121,Medvedeva,733,Allemagne,Homme,31.0,6,78895.535,2,Non,Non,88997.405,Non
5960,15686242,Otutodilichukwu,771,France,Femme,57.0,4,0.0,1,Non,Non,42938.335,Oui
5961,15671124,Buccho,599,France,Homme,25.0,6,60191.705,1,Oui,Oui,12451.545,Non
5962,15770159,Nnanna,664,Allemagne,Homme,25.0,6,86406.36,2,Oui,Oui,54004.325,Non
5963,15636673,Onwuatuegwu,667,France,Homme,31.0,1,59633.345,1,Oui,Oui,14128.815,Non
5964,15583090,Komar,581,Espagne,Femme,29.0,8,0.0,2,Oui,Non,23367.595,Non
5965,15672357,Sochima,631,Espagne,Homme,38.0,7,0.0,2,Oui,Non,90802.925,Non
5966,15657107,Angelo,563,Espagne,Femme,46.0,8,53085.84,1,Oui,Non,81572.75,Oui
5967,15717560,Martin,580,France,Homme,50.0,0,62823.68,1,Oui,Non,28770.54,Oui
5968,15576044,Macdonald,579,Allemagne,Homme,28.0,6,75164.575,1,Oui,Non,72779.21,Non
5969,15761654,Boni,726,Espagne,Homme,30.0,8,67076.145,1,Oui,Oui,73911.22,Non
5970,15706131,Logan,621,Espagne,Femme,37.0,9,41530.63,2,Oui,Non,,Non
5971,15775826,Iadanza,677,France,Homme,30.0,1,39066.575,1,Non,Oui,87112.94,Non
5972,15735878,Law,850,Allemagne,Femme,47.0,10,67190.76,1,Non,Non,13406.445,Oui
5973,15606273,Rene,616,France,Homme,37.0,5,72117.865,2,Non,Non,77478.83,Oui
5974,15691952,Fanucci,676,France,Homme,37.0,10,53121.335,1,Oui,Oui,83339.14,Non
5975,15758606,Yamamoto,738,France,Homme,54.0,4,0.0,1,Non,Oui,27862.52,Oui
5976,15627699,Pirogova,558,France,Homme,32.0,10,52500.115,1,Oui,Non,95009.805,Non
5977,15684318,McMillan,582,Allemagne,Femme,50.0,6,48243.285,2,Oui,Oui,10172.01,Non
5978,15679991,Kennedy,524,France,Femme,28.0,7,0.0,2,Non,Oui,73550.36,Non
5979,15622993,Boyd,709,Allemagne,Homme,28.0,8,62347.86,2,Oui,Non,72625.675,Non
5980,15756918,Simmons,754,France,Femme,,2,0.0,2,Non,Non,1762.345,Non
5981,15702499,Schnaars,770,Espagne,Homme,46.0,9,95339.01,1,Oui,Oui,,Non
5982,15588622,Marchesi,599,Allemagne,Homme,25.0,7,54190.36,1,Oui,Oui,39502.975,Non
5983,15569641,Sung,692,Allemagne,Femme,41.0,8,65350.645,1,Oui,Non,29677.12,Oui
5984,15606229,Obijiaku,771,France,Homme,39.0,5,0.0,2,Oui,Non,48135.32,Non
5985,15581748,Shen,754,Allemagne,Homme,57.0,2,50567.435,2,Oui,Oui,35477.205,Non
5986,15623744,McLean,634,France,Homme,34.0,8,52651.33,1,Oui,Oui,61582.485,Non
5987,15811594,Gordon,660,Espagne,Femme,28.0,3,64464.94,1,Oui,Oui,,Non
5988,15635531,Boag,575,Espagne,Femme,30.0,8,0.0,2,Oui,Non,92670.815,Non
5989,15762172,Kerr,850,France,Femme,39.0,2,0.0,2,Oui,Non,89725.71,Non
5990,15626452,Beatham,711,Espagne,Homme,32.0,5,0.0,2,Oui,Oui,73860.135,Non
5991,15653315,Kang,555,Espagne,Femme,35.0,1,0.0,2,Oui,Non,50833.5,Non
5992,15757865,Powell,642,France,Homme,62.0,7,0.0,2,Oui,Oui,30560.375,Non
5993,15677123,Aksyonova,767,Espagne,Homme,37.0,7,0.0,2,Oui,Oui,12367.125,Non
5994,15623478,Maslova,670,Allemagne,Femme,32.0,4,51477.34,2,Non,Oui,67471.225,Non
5995,15694717,Ku,544,Allemagne,Homme,37.0,2,39865.955,1,Oui,Oui,28779.475,Non
5996,15660571,Halpern,668,Espagne,Homme,43.0,10,56517.155,1,Oui,Oui,50211.94,Non
5997,15594786,Ts'ai,772,Allemagne,Homme,34.0,7,55782.955,1,Oui,Oui,60536.615,Non
5998,15672637,Voronkov,571,France,Femme,30.0,4,42877.93,1,Oui,Non,72557.975,Non
5999,15683562,Allen,646,France,Homme,35.0,6,42013.43,1,Non,Oui,82127.845,Non
6000,15699619,Rivas,641,France,Homme,31.0,10,77989.085,1,Oui,Non,45755.355,Non
6001,15803790,Allen,638,Allemagne,Homme,37.0,2,44864.43,2,Oui,Oui,18647.44,Non
6002,15697307,Nnachetam,588,Espagne,Homme,34.0,10,0.0,2,Oui,Non,39539.455,Non
6003,15735025,Clark,535,Espagne,Homme,37.0,3,87767.39,2,Oui,Oui,4620.76,Non
6004,15594577,De Luca,556,France,Homme,35.0,10,0.0,2,Oui,Oui,96375.59,Non
6005,15608956,Su,711,France,Homme,33.0,1,0.0,1,Non,Non,20795.2,Non
6006,15613699,Schnaars,430,France,Femme,60.0,7,36968.51,1,Oui,Non,80968.81,Oui
6007,15736126,Sung,850,Allemagne,Homme,55.0,0,49355.445,1,Oui,Oui,41808.585,Oui
6008,15631882,Yeh,688,Allemagne,Homme,45.0,9,51699.935,1,Non,Non,64935.465,Non
6009,15795690,Shao,667,France,Homme,31.0,3,49756.955,1,Oui,Oui,94828.63,Non
6010,15654222,Ogg,757,Espagne,Homme,30.0,3,72698.245,1,Non,Oui,99170.575,Non
6011,15766683,Coombes,549,,Homme,36.0,6,69711.185,1,Non,Non,41991.695,Oui
6012,15607629,Hollis,679,France,Homme,,8,0.0,2,Oui,Non,11672.47,Non
6013,15692291,Hs?eh,563,Espagne,Femme,42.0,6,49528.11,2,Oui,Non,77173.975,Oui
6014,15787071,Dulhunty,650,Espagne,Homme,41.0,9,0.0,2,Non,Oui,95799.835,Non
6015,15766659,Okwudilichukwu,525,Espagne,Homme,33.0,5,0.0,2,Oui,Non,80501.145,Non
6016,15760514,Sharp,789,Allemagne,Femme,43.0,9,58322.145,2,Oui,Oui,30088.05,Non
6017,15672082,Schatz,562,France,Homme,62.0,3,0.0,2,Oui,Non,52993.005,Non
6018,15776558,Nicholls,673,France,Homme,31.0,1,54172.61,1,Non,Oui,19401.015,Non
6019,15782530,Bruce,681,Espagne,Homme,30.0,2,55546.505,1,Oui,Non,34492.995,Non
6020,15727198,Teng,689,Allemagne,Femme,28.0,2,32404.16,2,Non,Non,39295.575,Non
6021,15677310,Christie,761,Allemagne,Homme,62.0,5,49427.17,1,Non,Non,43460.485,Oui
6022,15732774,Marchesi,656,France,Homme,37.0,7,56145.67,1,Oui,Non,76578.985,Non
6023,15774872,Joslin,663,France,Homme,36.0,10,0.0,2,Oui,Non,68174.775,Non
6024,15787835,Simpson,775,Allemagne,Femme,38.0,4,62606.325,2,Oui,Oui,7897.94,Oui
6025,15720071,Fiorentini,535,France,Femme,49.0,3,0.0,1,Non,Non,30910.205,Oui
6026,15720774,P'eng,850,,Homme,44.0,7,44559.13,1,Oui,Non,52120.385,Oui
6027,15686999,Nicholas,556,France,Femme,40.0,8,0.0,2,Oui,Non,31056.35,Non
6028,15720725,Shubin,762,France,Homme,28.0,2,0.0,2,Oui,Non,83954.76,Non
6029,15593834,Genovese,691,Espagne,Homme,36.0,7,64967.32,1,Non,Non,37832.28,Oui
6030,15701164,Onyeorulu,506,France,Femme,34.0,4,45153.81,1,Oui,Oui,79617.645,Non
6031,15803764,Stanley,561,France,Homme,28.0,7,0.0,2,Oui,Non,3898.505,Non
6032,15733444,Phillips,736,France,Femme,29.0,9,0.0,2,Non,Non,88076.35,Non
6033,15702030,Azarov,516,France,Femme,29.0,2,52491.285,1,Oui,Non,78689.25,Non
6034,15624866,Brewer,658,Allemagne,Homme,37.0,3,84367.87,2,Non,Non,35185.12,Non
6035,15697318,Ifeatu,771,Allemagne,Homme,32.0,9,38743.6,1,Non,Non,16571.52,Non
6036,15581733,Bates,781,France,Femme,28.0,4,0.0,2,Oui,Non,88851.575,Non
6037,15710743,Onwuamaeze,621,France,Homme,47.0,0,0.0,1,Oui,Oui,66915.685,Oui
6038,15659710,Lascelles,581,France,Homme,25.0,5,38943.265,2,Oui,Non,75159.745,Non
6039,15667002,Knight,666,Espagne,Homme,43.0,5,0.0,2,Oui,Non,14673.05,Non
6040,15679294,Brennan,589,France,Femme,46.0,10,53619.425,2,Oui,Non,18512.14,Non
6041,15758755,Beneventi,729,France,Femme,34.0,9,66060.855,1,Non,Oui,52704.655,Non
6042,15639415,Thompson,850,France,Homme,35.0,3,81221.175,1,Oui,Non,91783.39,Non
6043,15753639,Gibson,608,France,Homme,37.0,5,73046.695,2,Non,Non,80296.705,Non
6044,15738487,Leworthy,678,France,Homme,26.0,3,0.0,2,Oui,Non,2494.665,Non
6045,15593468,Findlay,850,France,Femme,33.0,3,0.0,2,Oui,Oui,5579.595,Non
6046,15780362,Ferrari,607,France,Femme,49.0,9,59980.145,2,Oui,Non,51534.11,Non
6047,15649129,Sal,757,France,Homme,32.0,9,0.0,2,Oui,Non,57975.48,Non
6048,15785024,Warner,629,France,Femme,40.0,9,68704.595,1,Oui,Non,87938.85,Oui
6049,15674156,Tretiakova,810,Allemagne,Homme,69.0,3,13644.215,1,Oui,Oui,55254.95,Non
6050,15656717,Elewechi,687,France,Femme,30.0,6,0.0,2,Non,Non,89603.46,Non
6051,15668767,Kenenna,850,France,Homme,36.0,3,0.0,2,Oui,Non,97516.535,Non
6052,15793366,Humphreys,781,Allemagne,Homme,35.0,7,46263.075,2,Oui,Oui,86918.77,Non
6053,15751336,Yao,630,,Homme,,3,0.0,2,Non,Oui,5243.345,Non
6054,15649414,Walker,570,France,Femme,61.0,6,71052.675,1,Oui,Oui,22607.02,Non
6055,15682528,Cremonesi,572,France,Homme,33.0,5,0.0,1,Non,Oui,20569.525,Non
6056,15801994,Buccho,775,France,Homme,31.0,9,0.0,2,Oui,Non,84639.255,Non
6057,15781234,Y?an,609,France,Femme,35.0,2,73950.215,1,Oui,Non,70000.145,Non
6058,15598536,Onuchukwu,736,Allemagne,Femme,26.0,0,42293.95,1,Non,Oui,94018.88,Non
6059,15699598,Smith,723,France,Femme,20.0,4,0.0,2,Oui,Oui,70192.665,Non
6060,15728224,Kerr,710,Allemagne,Femme,41.0,9,74577.765,2,Oui,Non,21065.63,Oui
6061,15691871,Millar,503,Allemagne,Homme,42.0,9,76639.695,1,Oui,Oui,75668.48,Non
6062,15811927,Marcelo,733,France,Femme,38.0,3,78829.18,1,Non,Non,,Non
6063,15586557,Milani,661,France,Homme,41.0,5,0.0,1,Non,Oui,44139.8,Non
6064,15625586,Monaldo,717,France,Homme,35.0,4,0.0,1,Oui,Oui,83786.53,Non
6065,15745455,Navarrete,638,Allemagne,Homme,62.0,4,54358.295,2,Oui,Oui,37120.545,Non
6066,15760873,Lombardo,594,France,Homme,50.0,7,40655.17,1,Oui,Oui,91934.005,Non
6067,15804797,Gilleland,443,France,Femme,54.0,3,69273.985,1,Oui,Oui,35098.115,Oui
6068,15569678,Cocci,561,Allemagne,Homme,32.0,6,83412.295,1,Oui,Non,69725.99,Non
6069,15665416,Ferri,779,France,Homme,62.0,10,59548.275,1,Non,Oui,58488.945,Non
6070,15624293,Mironova,514,France,Femme,46.0,3,53255.925,1,Oui,Non,27536.16,Non
6071,15799998,Cunningham,608,France,Femme,30.0,8,42929.88,1,Non,Non,71365.135,Non
6072,15665238,Beneventi,745,Allemagne,Homme,36.0,8,72535.62,1,Non,Non,,Non
6073,15672237,Oluchi,633,France,Homme,25.0,1,0.0,1,Oui,Non,50299.49,Non
6074,15628420,Alekseeva,660,Espagne,Homme,33.0,2,40231.12,1,Non,Non,75211.175,Non
6075,15637774,Fraser,558,France,Homme,32.0,5,36747.105,1,Non,Non,68150.55,Non
6076,15597591,Lung,456,France,Homme,29.0,5,53500.245,1,Oui,Oui,76709.81,Non
6077,15781495,Munro,662,France,Femme,22.0,2,63181.285,2,Oui,Oui,48691.4,Non
6078,15733876,Schneider,667,France,Homme,36.0,9,0.0,2,Oui,Oui,20031.145,Non
6079,15658548,Ignatiev,646,Allemagne,Femme,36.0,6,72386.645,2,Oui,Non,26608.65,Non
6080,15728523,Rizzo,522,France,Homme,41.0,5,72073.84,1,Oui,Oui,7394.95,Non
6081,15713599,Castiglione,728,France,Homme,30.0,10,57417.715,1,Non,Oui,18831.245,Non
6082,15711299,Wilson,711,Allemagne,Femme,52.0,8,72631.27,1,Non,Oui,65736.655,Non
6083,15646535,Harrell,578,France,Homme,46.0,5,56613.235,1,Oui,Non,28385.38,Non
6084,15589030,Ts'ai,649,France,Homme,,1,0.0,2,Oui,Oui,72796.925,Non
6085,15606507,Pisani,555,France,Homme,24.0,5,0.0,2,Oui,Non,13756.735,Non
6086,15682369,Pisano,613,France,Homme,47.0,6,73017.37,1,Oui,Oui,38573.07,Non
6087,15803378,Small,850,Espagne,Homme,44.0,8,0.0,2,Oui,Oui,91808.66,Non
6088,15728167,Abramovich,667,France,Homme,44.0,2,61403.475,1,Non,Non,7560.43,Non
6089,15626628,Tretiakova,631,Espagne,Femme,31.0,2,44080.925,2,Oui,Non,63815.44,Non
6090,15761348,Kuo,601,France,Femme,38.0,0,0.0,2,Oui,Non,82598.325,Non
6091,15617434,Yen,655,Espagne,Homme,38.0,9,0.0,1,Non,Oui,,Non
6092,15678944,Brown,655,Allemagne,Femme,32.0,6,65467.78,1,Oui,Non,4620.915,Oui
6093,15704746,Inman,699,Espagne,Homme,35.0,2,83727.83,2,Oui,Oui,27662.245,Non
6094,15776518,Pugh,579,France,Femme,38.0,4,87869.68,1,Oui,Oui,96565.275,Non
6095,15749669,Hargreaves,542,France,Femme,31.0,3,0.0,2,Oui,Oui,57608.795,Non
6096,15625126,Duncan,629,France,Femme,40.0,6,0.0,2,Oui,Oui,69678.15,Non
6097,15793455,Tien,627,Espagne,Femme,55.0,6,0.0,1,Non,Non,45971.97,Oui
6098,15700487,Osonduagwuike,805,France,Homme,46.0,6,59011.03,3,Oui,Non,81321.575,Oui
6099,15701392,Lucciano,815,Espagne,Homme,28.0,6,0.0,2,Non,Oui,92773.855,Non
6100,15570414,Chizoba,618,Espagne,Homme,41.0,4,57625.82,1,Non,Non,68217.875,Non
6101,15658057,Padovesi,812,Espagne,Femme,44.0,8,0.0,3,Oui,Non,33463.415,Oui
6102,15719950,Sutherland,682,France,Homme,61.0,10,36844.1,1,Oui,Oui,86070.665,Non
6103,15639049,Cartagena,489,France,Femme,31.0,7,69697.54,1,Non,Oui,3060.42,Non
6104,15671766,Enyinnaya,599,France,Homme,44.0,10,59288.62,1,Oui,Oui,15724.26,Non
6105,15802823,Maclean,745,Espagne,Femme,38.0,7,0.0,2,Oui,Oui,97115.41,Non
6106,15647259,Barnett,643,Espagne,Homme,35.0,2,0.0,2,Non,Non,33989.675,Non
6107,15700650,Cousens,681,France,Homme,34.0,3,0.0,2,Non,Non,27908.1,Non
6108,15700549,Alvares,721,France,Homme,54.0,5,0.0,2,Oui,Oui,2246.56,Non
6109,15583364,McGregor,476,France,Femme,32.0,6,55935.965,1,Non,Non,56066.43,Non
6110,15756655,Madukaife,632,France,Femme,34.0,2,0.0,2,Non,Non,82692.775,Non
6111,15708212,Lin,648,Espagne,Femme,,7,59120.51,1,Oui,Non,86293.445,Oui
6112,15743817,Hargreaves,621,Allemagne,Homme,40.0,8,87063.375,3,Oui,Non,86245.39,Oui
6113,15574795,Lombardo,495,France,Femme,38.0,2,31546.505,1,Oui,Oui,23544.86,Non
6114,15610337,Stephens,666,Espagne,Homme,35.0,2,52416.245,1,Oui,Non,87507.56,Non
6115,15569666,Goddard,517,France,Femme,45.0,4,0.0,1,Non,Non,86337.18,Oui
6116,15752488,Emery,733,,Femme,31.0,9,51144.925,1,Oui,Oui,57720.83,Non
6117,15799626,Donaghy,637,Allemagne,Homme,50.0,4,63172.775,1,Non,Oui,8661.5,Oui
6118,15709741,Hussain,668,France,Homme,28.0,4,53570.635,1,Oui,Non,,Non
6119,15773221,Harris,577,Espagne,Homme,43.0,8,39878.605,1,Oui,Non,67825.36,Oui
6120,15658980,Matthews,711,Allemagne,Homme,26.0,9,64396.815,1,Oui,Non,9631.025,Non
6121,15715939,Wright,730,France,Homme,33.0,0,0.0,2,Oui,Non,737.395,Non
6122,15655859,Munro,848,Espagne,Homme,35.0,5,60023.37,2,Oui,Non,42355.325,Non
6123,15699335,Kuo,615,Allemagne,Femme,33.0,3,68828.625,2,Oui,Oui,85828.785,Non
6124,15582066,Maclean,561,France,Homme,21.0,4,0.0,1,Oui,Oui,18471.175,Non
6125,15805254,Ndukaku,652,Espagne,Femme,75.0,10,0.0,2,Oui,Oui,57337.875,Non
6126,15691823,Obidimkpa,672,France,Homme,37.0,5,76597.795,1,Oui,Oui,81381.505,Non
6127,15596060,Skinner,498,Espagne,Homme,29.0,8,63932.13,1,Oui,Oui,23338.95,Non
6128,15616666,Artemova,646,Allemagne,Femme,52.0,6,55869.7,2,Non,Oui,34183.59,Non
6129,15807340,O'Donnell,525,Allemagne,Homme,33.0,4,65511.88,2,Non,Non,27536.465,Non
6130,15659364,Thompson,685,Espagne,Homme,,5,82451.215,1,Non,Non,70576.14,Non
6131,15789582,Macleod,587,France,Homme,55.0,9,0.0,1,Oui,Non,32296.535,Non
6132,15693996,Hawks,507,France,Femme,33.0,1,56726.33,1,Non,Non,71455.995,Non
6133,15680167,Thomson,635,France,Femme,78.0,6,23768.2,1,Oui,Oui,59700.04,Non
6134,15756668,Ross,706,France,Homme,30.0,3,49207.685,1,Oui,Oui,,Non
6135,15635143,Fennescey,749,France,Homme,42.0,2,28363.415,2,Non,Oui,92771.675,Non
6136,15738411,Ho,505,France,Homme,34.0,10,52249.395,1,Non,Oui,63225.57,Non
6137,15636069,Plummer,632,Espagne,Homme,28.0,7,77759.795,1,Oui,Non,921.62,Non
6138,15611767,Mai,624,Allemagne,Femme,52.0,0,66861.715,1,Non,Non,2429.795,Oui
6139,15747097,Hs?,611,France,Homme,35.0,10,0.0,1,Oui,Oui,,Oui
6140,15745417,Knipe,707,France,Homme,58.0,6,44842.96,1,Non,Oui,63235.565,Non
6141,15812230,Elliot,670,Allemagne,Femme,42.0,5,24754.395,3,Oui,Oui,50162.005,Non
6142,15631457,Asher,639,France,Homme,37.0,5,49093.35,1,Non,Oui,86693.475,Non
6143,15646859,Heydon,621,Allemagne,Homme,47.0,7,53681.645,1,Oui,Oui,33399.64,Non
6144,15576269,Madison,523,Espagne,Homme,34.0,7,0.0,2,Oui,Non,31015.03,Non
6145,15645744,Chukwudi,826,France,Femme,30.0,5,0.0,2,Non,Oui,78698.785,Non
6146,15611024,Kalinina,567,France,Femme,23.0,9,46761.1,1,Non,Oui,40712.805,Non
6147,15696733,McKenzie,724,France,Homme,29.0,4,0.0,1,Oui,Non,4491.375,Non
6148,15802207,Ibezimako,769,Allemagne,Homme,43.0,4,55091.27,2,Oui,Oui,43768.66,Non
6149,15808930,Mai,531,France,Femme,37.0,1,0.0,1,Oui,Non,2303.485,Non
6150,15647207,Onwuemelie,609,France,Homme,26.0,7,0.0,2,Oui,Non,49231.995,Non
6151,15752344,She,714,Espagne,Homme,34.0,5,0.0,2,Oui,Non,96520.16,Non
6152,15813974,Maruff,731,Allemagne,Homme,37.0,3,58440.265,1,Non,Non,,Oui
6153,15631451,Grant,604,Espagne,Femme,28.0,6,0.0,2,Oui,Oui,34528.13,Non
6154,15746805,Thomson,597,France,Homme,33.0,9,0.0,2,Oui,Non,24687.41,Non
6155,15734311,Hamilton,661,France,Femme,27.0,3,0.0,2,Oui,Oui,38444.895,Non
6156,15721935,Kincaid,521,,Homme,25.0,7,0.0,2,Oui,Oui,78939.335,Non
6157,15710424,Page,435,France,Homme,36.0,4,0.0,1,Oui,Oui,98507.6,Non
6158,15730579,Ward,850,France,Homme,68.0,5,84722.7,1,Oui,Oui,93167.535,Non
6159,15794414,Forbes,507,Espagne,Homme,46.0,6,46391.84,1,Oui,Oui,,Non
6160,15611759,Simmons,850,Espagne,Femme,57.0,8,63388.15,2,Oui,Oui,66149.245,Non
6161,15611247,McKenzie,481,France,Femme,28.0,10,0.0,2,Oui,Non,72607.98,Non
6162,15657830,Andrews,663,France,Homme,43.0,4,43812.015,2,Oui,Non,74700.665,Non
6163,15671165,Esomchi,592,France,Femme,66.0,5,74975.095,1,Oui,Oui,38133.795,Non
6164,15647974,Chiemenam,679,France,Femme,44.0,3,59371.37,2,Oui,Non,784.455,Non
6165,15796336,Chang,786,Espagne,Femme,34.0,9,0.0,2,Oui,Non,,Non
6166,15683195,Ubanwa,719,France,Homme,32.0,9,73302.635,1,Oui,Oui,38559.725,Non
6167,15796969,Lahti,731,France,Homme,33.0,4,0.0,2,Oui,Oui,37472.555,Non
6168,15597467,Duncan,606,France,Femme,71.0,8,0.0,2,Oui,Oui,84870.98,Non
6169,15776725,Kerr,724,Allemagne,Homme,54.0,8,86096.245,1,Oui,Oui,68451.005,Non
6170,15796790,Amaechi,573,,Femme,47.0,8,77271.99,1,Oui,Non,14793.365,Non
6171,15687270,Iroawuchi,491,Espagne,Femme,,8,0.0,2,Non,Oui,69930.765,Non
6172,15634180,Holden,729,,Homme,26.0,4,48634.05,2,Oui,Non,19678.19,Non
6173,15594502,Zotov,655,France,Homme,37.0,6,54546.705,2,Oui,Non,887.76,Non
6174,15727944,Simpkinson,701,Allemagne,Femme,48.0,1,46036.34,1,Oui,Oui,66996.18,Non
6175,15654463,Moore,841,France,Homme,34.0,4,0.0,2,Oui,Non,70791.33,Non
6176,15585823,Wilson,627,France,Homme,31.0,8,64065.865,1,Oui,Non,48065.735,Non
6177,15814553,Ball,559,France,Femme,34.0,5,34499.83,2,Oui,Oui,33439.635,Non
6178,15749365,Earle,543,France,Femme,34.0,8,0.0,2,Non,Oui,72800.9,Non
6179,15633854,Sun,654,France,Femme,40.0,3,0.0,2,Oui,Non,83944.55,Non
6180,15624170,Tan,639,France,Femme,38.0,4,40775.47,2,Non,Oui,59487.385,Non
6181,15759566,Tochukwu,617,France,Homme,74.0,10,0.0,2,Oui,Oui,26974.99,Non
6182,15667632,Birdseye,703,France,Femme,42.0,7,0.0,2,Non,Oui,36250.34,Non
6183,15723250,Teng,519,France,Homme,42.0,8,0.0,2,Oui,Oui,50742.86,Non
6184,15793343,Yeh,549,France,Femme,29.0,8,0.0,2,Oui,Oui,94779.22,Non
6185,15602934,Dunn,452,,Femme,33.0,6,65849.285,2,Oui,Non,75811.955,Non
6186,15649112,Endrizzi,738,Espagne,Femme,33.0,3,61067.2,2,Non,Oui,13933.795,Non
6187,15620936,Warren,787,France,Homme,32.0,4,0.0,2,Oui,Oui,6619.465,Non
6188,15812720,Hooker,807,Allemagne,Homme,37.0,10,65055.225,2,Non,Oui,86048.975,Non
6189,15735909,McDonald,607,,Femme,39.0,8,52551.665,1,Oui,Non,52360.75,Oui
6190,15735078,Onwughara,724,Allemagne,Femme,53.0,1,69843.83,2,Oui,Oui,6456.96,Non
6191,15645404,Okwukwe,625,France,Femme,51.0,4,62310.005,2,Oui,Non,46121.97,Oui
6192,15607263,McCartney,788,France,Homme,55.0,3,0.0,1,Non,Oui,6644.23,Oui
6193,15713378,Brownless,711,France,Homme,38.0,10,0.0,2,Non,Non,26655.89,Non
6194,15763414,Degtyarev,655,Allemagne,Homme,32.0,9,56723.505,1,Oui,Non,41042.15,Non
6195,15581526,Iweobiegbulam,574,France,Homme,,1,0.0,2,Non,Non,35275.0,Non
6196,15795275,Lamb,521,Espagne,Femme,49.0,4,41470.125,2,Non,Non,31206.505,Oui
6197,15659475,Chung,597,France,Femme,33.0,6,67851.795,2,Non,Non,37425.42,Non
6198,15626457,Zetticci,671,France,Homme,31.0,0,58117.305,1,Oui,Non,86048.04,Non
6199,15694805,McIntyre,664,Espagne,Homme,35.0,1,57512.25,1,Non,Oui,84832.895,Non
6200,15752984,Chifley,737,France,Femme,70.0,9,43771.445,2,Oui,Oui,21288.43,Non
6201,15739847,Sadlier,850,Allemagne,Homme,38.0,5,73378.34,1,Oui,Non,39134.305,Non
6202,15708713,Hill,633,France,Homme,35.0,3,0.0,2,Oui,Oui,18124.88,Non
6203,15700255,Robson,814,Allemagne,Homme,44.0,8,47744.41,2,Non,Non,53506.795,Non
6204,15811565,Cocci,705,Espagne,Femme,47.0,3,31744.35,1,Non,Oui,14320.46,Oui
6205,15806941,Sharpe,499,France,Homme,60.0,7,38480.8,2,Oui,Oui,41821.935,Non
6206,15709861,He,766,Allemagne,Homme,30.0,4,63893.14,2,Oui,Oui,,Non
6207,15644765,Ashton,689,Allemagne,Homme,26.0,4,60363.985,1,Non,Oui,74536.94,Non
6208,15674851,T'ien,622,France,Homme,38.0,5,0.0,2,Non,Non,52647.885,Non
6209,15719778,Chiu,577,France,Femme,32.0,1,0.0,2,Oui,Non,4951.195,Non
6210,15638988,Fu,684,France,Homme,54.0,6,0.0,2,Oui,Oui,47444.3,Non
6211,15804131,Farmer,850,Espagne,Femme,53.0,7,32703.58,2,Non,Non,91316.815,Oui
6212,15648030,Crump,731,Espagne,Femme,33.0,5,68694.005,2,Oui,Non,82500.34,Non
6213,15714874,Major,850,France,Femme,42.0,3,0.0,2,Oui,Oui,88441.71,Non
6214,15729668,Elizabeth,521,Espagne,Homme,29.0,3,30140.31,1,Oui,Non,77135.705,Non
6215,15567422,Chiazagomekpele,630,France,Homme,42.0,6,0.0,2,Oui,Non,81348.965,Non
6216,15723488,Watson,668,Allemagne,Homme,47.0,7,53427.105,1,Non,Oui,78979.51,Oui
6217,15788494,Alekseeva,555,France,Homme,31.0,8,72937.87,1,Oui,Non,68745.615,Non
6218,15768574,Anderson,671,Espagne,Homme,58.0,1,89356.99,1,Oui,Oui,10884.105,Non
6219,15714689,Houghton,591,Espagne,Homme,29.0,1,48770.62,1,Oui,Oui,98178.085,Non
6220,15726776,Donnelly,705,Espagne,Homme,36.0,1,55814.645,1,Oui,Oui,10903.58,Non
6221,15626412,Mort,499,Espagne,Homme,39.0,6,0.0,2,Oui,Oui,40704.5,Non
6222,15632899,Nwankwo,662,Espagne,Homme,20.0,9,52254.385,2,Non,Non,36553.765,Non
6223,15682421,Talbot,683,France,Femme,30.0,2,0.0,2,Non,Oui,50248.42,Oui
6224,15688193,Graham,468,France,Homme,36.0,3,30818.485,1,Non,Non,53893.71,Non
6225,15670266,Shih,499,France,Femme,28.0,4,70896.305,1,Oui,Oui,11000.955,Non
6226,15754168,McIntosh,506,France,Femme,40.0,3,0.0,1,Oui,Oui,72172.79,Non
6227,15693543,McDonald,708,France,Femme,,8,0.0,2,Non,Oui,7623.415,Non
6228,15738191,Maclean,577,France,Homme,25.0,3,0.0,2,Non,Oui,62254.145,Non
6229,15657779,Boylan,806,Espagne,Homme,18.0,3,0.0,2,Oui,Oui,43497.27,Non
6230,15735522,Boulger,654,Allemagne,Homme,37.0,2,72805.035,2,Non,Non,93150.295,Non
6231,15629885,Wilson,850,France,Femme,33.0,7,59002.13,1,Oui,Non,91991.91,Non
6232,15681126,Baker,702,Espagne,Femme,38.0,2,0.0,1,Oui,Oui,80944.315,Non
6233,15673995,Tu,516,Espagne,Femme,65.0,9,51270.55,1,Oui,Non,90745.21,Non
6234,15718779,Clark,780,France,Homme,34.0,1,0.0,1,Oui,Oui,32402.02,Non
6235,15611947,Banks,557,France,Homme,34.0,3,41537.0,1,Oui,Non,66336.61,Non
6236,15673820,Woodward,568,France,Homme,33.0,7,0.0,2,Oui,Non,71725.305,Non
6237,15662091,Adams,570,Espagne,Homme,21.0,7,58049.91,1,Oui,Oui,74043.81,Non
6238,15715745,Elliott,690,France,Femme,26.0,5,78812.42,1,Oui,Oui,24799.635,Non
6239,15570087,Parry-Okeden,664,France,Femme,44.0,8,71494.845,1,Oui,Oui,57726.255,Oui
6240,15642937,Padovesi,550,France,Femme,46.0,7,0.0,2,Oui,Non,65295.175,Non
6241,15643658,Barber,850,Allemagne,Homme,53.0,2,47039.485,2,Oui,Non,18490.27,Non
6242,15758845,Rocher,590,Espagne,Femme,37.0,0,32172.605,1,Non,Oui,30879.665,Oui
6243,15695097,Chiedozie,564,Allemagne,Femme,30.0,0,50477.44,2,Non,Non,67087.575,Non
6244,15708504,Wong,790,Allemagne,Homme,50.0,8,60719.29,1,Oui,Oui,88235.89,Oui
6245,15723827,Macartney,683,France,Homme,30.0,4,57389.675,1,Non,Non,91585.735,Non
6246,15627190,Lettiere,661,France,Homme,51.0,6,73303.3,1,Oui,Oui,34010.95,Non
6247,15643671,Chiekwugo,696,Allemagne,Homme,49.0,5,48518.11,2,Oui,Non,76225.42,Oui
6248,15746902,Belstead,793,Espagne,Homme,38.0,9,0.0,2,Oui,Non,44112.51,Non
6249,15793424,Tan,663,Espagne,Femme,28.0,8,30637.35,2,Oui,Non,68027.225,Non
6250,15664681,Aitken,584,France,Femme,35.0,2,57160.64,2,Non,Non,,Non
6251,15746410,Thompson,432,Espagne,Homme,38.0,7,0.0,2,Oui,Non,75290.44,Non
6252,15577806,Chiu,794,Allemagne,Femme,54.0,1,37950.42,1,Oui,Oui,96077.33,Non
6253,15720353,Chiang,553,France,Homme,41.0,1,0.0,2,Oui,Non,45303.655,Non
6254,15676909,Mishin,667,Espagne,Femme,34.0,5,0.0,2,Oui,Non,81915.32,Non
6255,15810732,Grant,730,France,Femme,36.0,8,74374.645,2,Oui,Non,45915.375,Non
6256,15568519,Wood,534,France,Homme,41.0,9,0.0,2,Oui,Non,6935.67,Non
6257,15718789,Brigstocke,604,France,Homme,30.0,5,0.0,2,Oui,Non,37893.275,Non
6258,15679200,Crawford,580,Espagne,Homme,29.0,9,30855.22,2,Oui,Non,64038.9,Non
6259,15758831,Thornton,754,France,Homme,39.0,3,37448.165,1,Non,Non,17215.08,Non
6260,15640078,Chambers,660,Allemagne,Femme,39.0,5,67567.495,1,Oui,Non,86841.5,Oui
6261,15676526,Bentley,608,France,Femme,34.0,4,44386.435,1,Oui,Oui,84411.005,Non
6262,15627220,Kang,735,Allemagne,Femme,43.0,9,49403.725,1,Non,Non,92285.02,Oui
6263,15666675,Hsieh,753,France,Femme,39.0,7,77531.4,1,Oui,Oui,8230.385,Non
6264,15701412,T'ien,739,France,Homme,40.0,4,0.0,2,Non,Non,86660.825,Non
6265,15625151,Wan,640,France,Femme,66.0,9,58018.88,1,Non,Oui,92318.025,Non
6266,15723400,Hutchinson,663,France,Homme,,4,0.0,2,Oui,Oui,,Non
6267,15611544,Ibeamaka,701,Allemagne,Homme,36.0,7,47724.16,2,Oui,Non,94542.535,Non
6268,15657105,Chukwualuka,726,Espagne,Homme,36.0,2,0.0,1,Oui,Non,97596.2,Non
6269,15731507,Mackenzie,456,France,Femme,33.0,1,94142.84,1,Non,Non,29181.97,Non
6270,15655648,Bock,610,France,Femme,25.0,2,0.0,2,Oui,Non,61861.915,Non
6271,15811690,Bayley,793,Allemagne,Homme,54.0,2,64483.065,1,Non,Non,9316.7,Oui
6272,15707551,Hutcheon,568,France,Homme,30.0,8,36527.185,2,Oui,Oui,13506.0,Non
6273,15605918,Padovesi,635,Allemagne,Homme,43.0,5,39496.375,2,Non,Non,76632.655,Non
6274,15711028,Nnachetam,534,France,Homme,52.0,1,0.0,3,Oui,Oui,52017.705,Oui
6275,15653780,Kambinachi,621,France,Femme,43.0,5,0.0,1,Oui,Oui,23789.225,Non
6276,15690330,Efimov,830,Allemagne,Femme,40.0,8,38850.82,1,Non,Oui,9756.19,Non
6277,15694300,Fiorentino,759,France,Homme,26.0,4,0.0,2,Oui,Non,67697.31,Non
6278,15591980,Hill,753,France,Homme,33.0,5,61284.025,2,Oui,Oui,41410.425,Non
6279,15767894,Ch'ien,741,France,Femme,21.0,9,0.0,2,Non,Oui,69629.77,Non
6280,15636982,Weller,705,Allemagne,Femme,43.0,7,39987.275,1,Oui,Oui,51554.165,Non
6281,15614878,Yeh,660,Allemagne,Femme,29.0,6,90260.145,1,Oui,Oui,61925.29,Non
6282,15640769,Hobbs,660,France,Homme,,8,68920.765,1,Oui,Oui,21395.145,Non
6283,15779627,Maclean,573,Allemagne,Homme,31.0,0,67322.095,1,Oui,Oui,35190.745,Non
6284,15750181,Sanderson,553,Allemagne,Homme,41.0,9,55056.27,2,Non,Non,40949.405,Non
6285,15626243,Chijioke,618,France,Homme,30.0,3,66922.11,1,Oui,Oui,15703.465,Non
6286,15645593,Trevisani,599,France,Femme,,2,45664.355,1,Oui,Non,57862.39,Non
6287,15619699,Yeh,558,France,Homme,31.0,7,0.0,1,Oui,Non,99134.54,Non
6288,15575691,Palerma,689,France,Femme,58.0,5,0.0,2,Non,Oui,24924.43,Non
6289,15662501,Ebelechukwu,583,France,Homme,48.0,3,45623.265,1,Oui,Non,30008.73,Oui
6290,15605742,Tuan,737,France,Homme,43.0,0,40045.465,1,Oui,Non,19960.0,Oui
6291,15669410,Yevdokimova,683,France,Homme,30.0,8,55414.76,2,Non,Non,12469.42,Non
6292,15742820,Trevisano,535,France,Femme,45.0,2,0.0,2,Non,Oui,85310.775,Non
6293,15763662,Longo,711,Allemagne,Homme,43.0,2,19521.645,2,Oui,Oui,87711.845,Non
6294,15667971,Shepherd,592,Allemagne,Femme,34.0,6,51071.965,2,Oui,Oui,51314.49,Non
6295,15660611,Gallo,748,Espagne,Homme,39.0,3,0.0,2,Oui,Oui,61999.26,Non
6296,15615820,MacDonald,837,France,Homme,49.0,8,51651.185,1,Oui,Oui,25487.285,Non
6297,15656840,Zikoranachukwudimma,547,France,Femme,29.0,6,52225.43,1,Oui,Oui,18580.14,Non
6298,15579994,Shaw,616,France,Homme,23.0,8,36556.475,1,Oui,Oui,31366.525,Non
6299,15744695,Tu,694,France,Homme,39.0,5,38826.2,1,Oui,Oui,12703.795,Non
6300,15722409,Ritchie,693,Espagne,Homme,47.0,8,53802.33,1,Oui,Oui,40074.635,Non
6301,15795933,Barese,677,France,Femme,49.0,3,0.0,2,Oui,Oui,93905.855,Non
6302,15709142,Sagese,608,Allemagne,Femme,30.0,2,45528.685,2,Oui,Non,66486.585,Non
6303,15582910,Turnbull,514,France,Homme,38.0,4,56115.19,1,Oui,Non,8358.555,Oui
6304,15739692,Tsui,679,France,Homme,42.0,1,0.0,2,Non,Non,,Non
6305,15639576,Burns,691,France,Homme,26.0,9,68311.595,1,Oui,Non,76614.0,Non
6306,15717962,Ch'iu,773,Espagne,Homme,63.0,9,55589.915,1,Oui,Oui,46545.51,Non
6307,15595047,Murray,764,France,Homme,41.0,7,0.0,2,Non,Non,67439.17,Non
6308,15566633,Freeman,698,,Homme,55.0,8,77529.55,2,Oui,Oui,72292.145,Non
6309,15667620,Dreyer,732,France,Femme,43.0,6,0.0,2,Oui,Non,32865.765,Non
6310,15642996,Tsai,546,Allemagne,Femme,42.0,9,43175.925,2,Oui,Non,,Non
6311,15619029,Bykov,620,Espagne,Femme,43.0,2,0.0,2,Oui,Non,10335.05,Non
6312,15705639,Onyemauchechukwu,692,France,Femme,28.0,8,47529.51,2,Oui,Non,22210.09,Non
6313,15673984,Daniels,536,France,Femme,35.0,8,0.0,1,Oui,Non,85920.12,Oui
6314,15798341,Victor,544,France,Homme,38.0,8,0.0,1,Oui,Oui,49104.31,Non
6315,15809800,Korovina,726,France,Femme,38.0,4,0.0,2,Non,Non,3393.74,Non
6316,15779207,Nnamdi,500,Allemagne,Homme,30.0,2,62747.82,2,Oui,Oui,34403.735,Non
6317,15697597,Chiemenam,631,France,Homme,26.0,1,74572.305,1,Non,Oui,61848.975,Non
6318,15753462,Godson,632,Allemagne,Homme,30.0,2,36274.5,2,Non,Oui,91364.4,Non
6319,15688409,Donaldson,742,France,Femme,,2,95932.255,1,Oui,Non,54228.995,Oui
6320,15773242,Chukwuhaenye,621,France,Homme,32.0,1,0.0,2,Oui,Oui,84389.735,Non
6321,15722731,Manna,653,France,Homme,46.0,0,59778.05,1,Oui,Non,39125.065,Oui
6322,15642394,He,529,Espagne,Homme,35.0,5,0.0,2,Oui,Oui,93644.25,Non
6323,15597536,Nkemjika,576,Espagne,Homme,45.0,5,66809.005,1,Non,Non,67622.435,Non
6324,15661591,Panicucci,413,Allemagne,Homme,39.0,1,65484.885,2,Oui,Oui,79445.895,Non
6325,15750778,Ponomarev,653,France,Femme,60.0,2,60365.695,4,Oui,Oui,69080.055,Oui
6326,15583499,Chiagoziem,510,France,Homme,32.0,9,51662.39,1,Oui,Oui,23063.85,Non
6327,15777907,Liang,791,France,Femme,33.0,3,0.0,1,Oui,Oui,72206.96,Oui
6328,15616367,Ricci,581,Allemagne,Homme,39.0,1,60761.755,1,Non,Non,80827.775,Oui
6329,15788183,Longo,458,Allemagne,Femme,43.0,1,53435.06,2,Oui,Non,50282.185,Non
6330,15579617,Sinclair,489,France,Femme,51.0,3,0.0,2,Non,Oui,87049.14,Oui
6331,15755138,Chin,850,France,Femme,32.0,8,0.0,2,Oui,Oui,27796.9,Non
6332,15804814,Ts'ui,759,France,Homme,40.0,4,0.0,2,Oui,Non,62307.795,Non
6333,15763029,Ch'iu,612,Allemagne,Homme,46.0,9,80725.015,1,Oui,Oui,48480.5,Oui
6334,15780835,Liang,652,Allemagne,Femme,26.0,1,65954.175,1,Oui,Oui,89634.895,Non
6335,15778934,Napolitani,678,Espagne,Femme,49.0,8,0.0,2,Non,Oui,49045.345,Non
6336,15572145,Ashton,767,France,Femme,34.0,8,0.0,2,Oui,Non,47383.885,Non
6337,15596808,Maclean,679,Espagne,Homme,33.0,4,48055.11,1,Oui,Non,586.615,Non
6338,15618581,Diribe,668,Espagne,Homme,25.0,8,0.0,2,Oui,Oui,67556.045,Non
6339,15721715,Fane,769,France,Femme,40.0,9,66935.525,1,Oui,Oui,25284.01,Non
6340,15740630,Pisano,487,Espagne,Femme,31.0,1,0.0,2,Oui,Non,79375.065,Non
6341,15729019,Arcuri,602,Espagne,Homme,,8,49191.36,1,Oui,Non,19771.0,Non
6342,15739438,Reed,539,France,Homme,30.0,0,0.0,2,Oui,Non,80489.83,Non
6343,15677146,Obiajulu,728,France,Femme,28.0,4,71121.77,2,Oui,Non,16537.255,Non
6344,15640627,Wan,611,Espagne,Homme,34.0,4,0.0,2,Oui,Non,85475.29,Non
6345,15587443,Akudinobi,728,France,Femme,69.0,1,0.0,2,Oui,Oui,65902.43,Non
6346,15759244,Boone,687,Allemagne,Homme,44.0,8,47684.07,2,Oui,Oui,893.925,Non
6347,15674331,Bidwill,576,Allemagne,Homme,30.0,7,66087.205,2,Non,Non,46883.515,Non
6348,15599289,Yeh,724,France,Femme,37.0,10,34299.28,1,Oui,Non,78931.41,Non
6349,15719624,Hodgson,669,France,Femme,38.0,9,60929.49,1,Oui,Non,65377.67,Non
6350,15612095,Calabrese,751,France,Femme,48.0,9,0.0,1,Oui,Non,68754.21,Oui
6351,15776051,Kao,551,France,Femme,45.0,6,0.0,2,Oui,Oui,25571.715,Non
6352,15632256,Schroeder,541,France,Homme,29.0,7,63752.285,1,Non,Non,43086.96,Non
6353,15638047,Chia,613,Allemagne,Femme,45.0,9,71382.62,2,Oui,Non,17374.825,Non
6354,15576680,Stevenson,736,France,Homme,29.0,4,0.0,2,Non,Non,,Non
6355,15756471,Giles,656,Allemagne,Homme,27.0,4,59313.58,2,Oui,Oui,80417.65,Non
6356,15739131,Whitworth,718,Allemagne,Homme,28.0,4,32821.65,1,Oui,Non,14380.495,Non
6357,15641043,Scott,648,Espagne,Homme,35.0,7,0.0,2,Oui,Oui,39218.18,Non
6358,15582325,Jennings,524,France,Homme,52.0,2,43947.13,1,Oui,Non,86949.71,Oui
6359,15589449,Frye,815,France,Femme,56.0,3,0.0,3,Oui,Oui,47124.08,Oui
6360,15633612,Yuryeva,696,France,Homme,28.0,4,86323.41,1,Oui,Oui,58235.715,Non
6361,15725835,West,785,,Femme,32.0,3,62246.515,2,Non,Oui,26291.895,Oui
6362,15705739,Toscani,753,Allemagne,Homme,32.0,5,79952.395,1,Oui,Non,74405.57,Non
6363,15664802,Chinweuba,543,France,Femme,42.0,5,0.0,2,Non,Non,50952.67,Non
6364,15769959,Ajuluchukwu,597,France,Femme,53.0,4,44190.605,1,Oui,Non,34692.355,Oui
6365,15665760,Kazantsev,802,Espagne,Homme,38.0,7,0.0,2,Non,Oui,,Non
6366,15774630,Peacock,601,Allemagne,Femme,47.0,1,71401.01,1,Oui,Oui,28776.51,Non
6367,15582849,McIntosh,757,France,Femme,51.0,1,0.0,1,Oui,Oui,11417.565,Oui
6368,15815626,Oluchi,640,France,Homme,,2,34216.225,2,Oui,Oui,56251.62,Oui
6369,15625819,Arnold,625,France,Femme,38.0,7,0.0,1,Oui,Non,82402.01,Non
6370,15584766,Knight,557,France,Homme,33.0,3,27251.775,1,Oui,Oui,185.525,Non
6371,15726589,Matveyev,540,Allemagne,Homme,39.0,1,41265.555,1,Oui,Non,,Non
6372,15696371,Thomas,812,Espagne,Femme,24.0,1,46238.44,1,Non,Non,41623.57,Non
6373,15587573,Castiglione,626,Allemagne,Homme,27.0,4,57542.265,2,Non,Oui,13453.715,Non
6374,15741865,Ferrari,810,France,Femme,38.0,9,76583.085,1,Oui,Oui,46630.845,Non
6375,15764073,Arcuri,503,Espagne,Femme,36.0,9,0.0,2,Oui,Oui,8137.335,Non
6376,15632882,Konovalova,684,Allemagne,Homme,37.0,1,63408.565,2,Oui,Oui,14997.915,Oui
6377,15728885,Defalco,808,France,Homme,41.0,0,0.0,1,Oui,Oui,39944.39,Non
6378,15773751,Y?,597,France,Femme,29.0,1,66072.175,1,Oui,Non,79043.165,Non
6379,15699963,Scott,571,France,Homme,38.0,1,60702.52,1,Oui,Oui,77422.11,Non
6380,15675983,Wood,692,France,Femme,,3,39775.56,1,Non,Oui,89133.535,Non
6381,15685019,Graham,528,France,Homme,29.0,3,51393.71,1,Oui,Non,27986.28,Non
6382,15738267,Macarthur,544,France,Femme,64.0,3,62021.9,1,Oui,Oui,55701.485,Oui
6383,15589312,Larkin,588,France,Homme,30.0,3,57503.54,1,Non,Non,88429.25,Non
6384,15682834,Johnstone,715,Espagne,Femme,35.0,4,20084.94,2,Oui,Oui,99928.735,Non
6385,15622442,Mazzi,619,France,Homme,29.0,5,0.0,2,Oui,Non,97155.05,Non
6386,15682639,Marshall,642,France,Homme,32.0,3,0.0,2,Oui,Oui,44349.415,Non
6387,15601892,Hunter,563,France,Homme,33.0,8,0.0,2,Non,Oui,,Non
6388,15617348,Uchechukwu,544,France,Homme,44.0,1,0.0,2,Non,Non,34622.12,Non
6389,15807524,Chukwuma,569,France,Femme,44.0,4,0.0,2,Non,Non,67197.39,Non
6390,15604196,Simpson,766,France,Homme,32.0,6,92857.14,1,Oui,Oui,51251.25,Non
6391,15768359,Akhtar,534,France,Homme,36.0,4,60018.98,1,Oui,Non,18137.97,Non
6392,15769829,Cheng,534,Espagne,Homme,51.0,3,0.0,2,Non,Oui,10428.155,Non
6393,15664311,Yang,637,Allemagne,Homme,,3,61837.845,1,Oui,Oui,83229.205,Non
6394,15651737,Salmond,623,Espagne,Homme,44.0,1,41662.885,1,Non,Oui,40414.39,Non
6395,15799128,Matthews,608,Espagne,Femme,38.0,9,51203.38,1,Non,Oui,28800.33,Non
6396,15769412,Atkinson,684,Espagne,Homme,39.0,4,103517.48,2,Non,Non,78847.38,Oui
6397,15607786,Mao,709,France,Homme,26.0,6,78275.815,1,Non,Oui,2205.385,Non
6398,15595303,Johnston,736,Allemagne,Homme,46.0,5,65406.455,1,Oui,Oui,38990.77,Oui
6399,15589869,Tang,437,France,Homme,49.0,9,55817.145,2,Non,Oui,83220.16,Non
6400,15604818,Edmund la Touche,798,France,Homme,34.0,9,77247.895,1,Oui,Non,95697.94,Non
6401,15766746,Darwin,835,France,Homme,35.0,6,63560.035,1,Oui,Non,14353.845,Non
6402,15664270,Balsillie,692,Allemagne,Homme,45.0,6,71042.02,4,Oui,Non,94152.925,Oui
6403,15759184,Russell,705,France,Homme,34.0,7,58857.92,1,Oui,Non,1249.335,Non
6404,15771855,Yu,682,France,Homme,37.0,5,0.0,2,Non,Oui,56277.34,Non
6405,15643794,Bennett,639,Espagne,Femme,27.0,2,0.0,1,Oui,Oui,41469.495,Non
6406,15753174,Thompson,571,Allemagne,Homme,37.0,9,69796.49,3,Oui,Non,52076.325,Oui
6407,15704769,Smith,585,France,Femme,67.0,5,56989.485,2,Non,Oui,46573.055,Non
6408,15680843,Sherrod,675,France,Homme,34.0,8,0.0,2,Oui,Oui,92421.105,Non
6409,15578096,Nnachetam,537,France,Homme,26.0,7,53198.875,1,Non,Non,51781.615,Non
6410,15782311,Feng,529,France,Homme,28.0,9,0.0,2,Oui,Oui,26272.62,Non
6411,15686835,Crawford,738,Allemagne,Femme,57.0,9,74192.32,1,Non,Non,77523.555,Oui
6412,15649354,Johnston,754,Espagne,Homme,35.0,4,0.0,2,Oui,Oui,4829.205,Non
6413,15685314,Noble,850,France,Femme,28.0,2,0.0,2,Oui,Oui,19386.87,Non
6414,15780989,Hajek,579,Espagne,Homme,43.0,2,72921.91,1,Oui,Oui,99201.185,Oui
6415,15751120,Loyau,752,France,Femme,36.0,2,59956.23,1,Oui,Non,62177.46,Non
6416,15720583,Finch,745,Allemagne,Femme,44.0,0,59819.105,1,Oui,Oui,17132.54,Oui
6417,15569187,Fleming,680,Espagne,Homme,35.0,9,0.0,2,Non,Non,71887.03,Non
6418,15675585,Burns,416,Allemagne,Femme,25.0,0,48869.485,2,Oui,Oui,80261.665,Non
6419,15759298,Shih,631,Espagne,Homme,27.0,10,67084.81,1,Oui,Oui,88365.01,Non
6420,15703923,Cameron,744,Allemagne,Homme,41.0,7,95204.67,2,Oui,Oui,69180.74,Non
6421,15626491,Hughes,655,France,Femme,45.0,7,28663.52,1,Non,Oui,23674.5,Non
6422,15777896,Chukwudi,850,Allemagne,Femme,33.0,2,41707.52,1,Non,Oui,37458.82,Non
6423,15611105,Castella,799,Espagne,Homme,35.0,7,0.0,2,Non,Oui,70390.4,Non
6424,15640507,Li,762,Espagne,Femme,35.0,3,59674.845,3,Oui,Oui,23557.09,Oui
6425,15691723,Chukwudi,631,Espagne,Homme,55.0,9,49842.53,1,Oui,Non,57237.49,Non
6426,15618182,Ndubueze,678,France,Femme,38.0,2,0.0,2,Non,Non,57534.495,Non
6427,15799211,Anenechi,708,Espagne,Femme,32.0,8,93743.815,1,Oui,Oui,60057.75,Non
6428,15591969,Kuo,497,Espagne,Homme,27.0,9,37631.58,1,Oui,Oui,82412.52,Non
6429,15708867,Niu,684,Espagne,Femme,38.0,3,67084.25,3,Oui,Non,1983.25,Oui
6430,15734202,Chidimma,660,Allemagne,Femme,52.0,4,43445.92,1,Oui,Non,45438.88,Non
6431,15784890,McKenzie,763,Espagne,Femme,32.0,8,0.0,2,Oui,Non,8362.765,Non
6432,15756148,Nnanna,765,Espagne,Homme,45.0,2,45774.89,1,Oui,Oui,23569.72,Non
6433,15669782,Chu,820,Allemagne,Homme,39.0,9,55668.445,1,Oui,Non,8385.155,Oui
6434,15583724,Raymond,645,Espagne,Femme,29.0,4,0.0,2,Oui,Oui,37173.055,Non
6435,15788946,Anthony,605,Espagne,Femme,29.0,3,58402.91,1,Non,Non,2046.375,Non
6436,15655464,Combes,640,France,Femme,67.0,3,0.0,1,Non,Oui,21482.315,Non
6437,15571065,Lehr,532,Espagne,Femme,39.0,0,0.0,2,Oui,Non,47488.65,Non
6438,15770516,Evdokimov,616,Espagne,Femme,,7,96606.51,2,Oui,Oui,68696.385,Non
6439,15576065,Sims,731,Espagne,Femme,40.0,5,85662.99,1,Oui,Oui,79859.135,Oui
6440,15702968,Artemieva,733,Allemagne,Homme,,3,53272.765,1,Oui,Oui,67294.79,Non
6441,15768387,Nott,581,,Homme,41.0,8,0.0,2,Non,Non,14868.57,Non
6442,15738627,Hussain,768,France,Homme,25.0,6,0.0,2,Oui,Oui,10607.835,Non
6443,15777994,Woods,718,France,Femme,39.0,3,0.0,2,Oui,Oui,72677.555,Non
6444,15806438,Chiabuotu,580,Allemagne,Femme,42.0,2,61665.68,1,Non,Non,51758.04,Oui
6445,15630641,Shao,846,France,Femme,37.0,6,63551.985,1,Oui,Oui,20758.22,Non
6446,15734609,Skinner,657,France,Femme,37.0,2,0.0,2,Oui,Oui,3833.74,Non
6447,15646632,Reid,741,France,Homme,38.0,9,0.0,2,Oui,Non,,Non
6448,15735388,Wayn,717,France,Femme,25.0,7,54332.425,2,Oui,Non,95005.925,Non
6449,15722701,Bruno,594,Allemagne,Homme,18.0,1,66347.365,1,Oui,Non,83844.78,Non
6450,15583137,Pope,637,France,Femme,48.0,7,65403.495,2,Oui,Oui,66002.925,Oui
6451,15770435,McLean,639,France,Femme,,6,57667.66,2,Oui,Oui,26565.205,Non
6452,15733705,Bull,577,France,Femme,30.0,8,46236.05,2,Non,Oui,63217.305,Non
6453,15732199,Gether,837,Espagne,Homme,31.0,9,52339.31,1,Non,Oui,,Non
6454,15667289,Henderson,719,Espagne,Homme,50.0,2,0.0,2,Non,Non,5386.065,Non
6455,15638621,Simmons,735,Espagne,Homme,39.0,1,30187.49,1,Oui,Non,20111.87,Non
6456,15602479,Fleming,609,Espagne,Homme,,5,64656.395,1,Oui,Oui,13396.91,Non
6457,15791550,Kelly,696,France,Homme,27.0,4,43818.63,2,Non,Non,98055.675,Non
6458,15569364,Victor,666,France,Homme,36.0,3,0.0,2,Oui,Non,17578.27,Non
6459,15646784,Cochran,529,France,Femme,31.0,2,82001.525,2,Oui,Oui,30496.615,Non
6460,15738516,Kozlova,687,Espagne,Femme,36.0,5,0.0,1,Oui,Non,8848.11,Non
6461,15587978,Boothby,455,Allemagne,Femme,37.0,6,85028.81,1,Non,Oui,27199.28,Non
6462,15698335,Bergamaschi,504,France,Femme,73.0,8,0.0,1,Oui,Oui,17297.79,Non
6463,15652955,Price,678,Espagne,Homme,30.0,0,0.0,1,Oui,Non,17556.54,Non
6464,15758451,Azuka,765,Allemagne,Homme,37.0,7,51354.385,1,Oui,Non,4543.905,Non
6465,15681439,Tsou,775,Allemagne,Homme,25.0,10,30102.6,2,Oui,Non,7036.555,Non
6466,15578515,Osinachi,659,France,Femme,38.0,3,0.0,2,Oui,Non,79276.55,Non
6467,15628319,Walker,792,France,Femme,28.0,4,65071.395,1,Oui,Non,19095.39,Non
6468,15771222,Oguejiofor,779,France,Femme,,5,0.0,2,Non,Non,12975.955,Non
6469,15662500,Ts'ao,774,Espagne,Homme,32.0,9,0.0,2,Oui,Non,5302.24,Non
6470,15683553,O'Brien,788,France,Femme,33.0,5,0.0,2,Non,Non,58489.095,Non
6471,15684645,Ajuluchukwu,704,,Homme,41.0,9,31039.105,2,Oui,Non,64525.335,Non
6472,15586069,Abernathy,560,France,Femme,30.0,0,54441.645,1,Oui,Non,13957.475,Non
6473,15804017,Chigolum,631,Allemagne,Femme,33.0,4,61623.35,1,Non,Non,56343.785,Non
6474,15781574,Ma,636,Espagne,Homme,76.0,9,63267.3,1,Oui,Oui,19894.81,Non
6475,15789548,Giordano,592,France,Femme,37.0,7,0.0,2,Oui,Oui,63363.165,Non
6476,15617518,Hu,675,Allemagne,Homme,36.0,7,44704.975,1,Oui,Oui,74699.85,Non
6477,15736327,Manna,567,Allemagne,Femme,46.0,1,34119.255,2,Oui,Oui,54786.29,Non
6478,15763093,Nucci,540,Allemagne,Femme,35.0,7,64184.875,2,Oui,Non,99128.075,Non
6479,15680685,Patterson,751,France,Homme,30.0,3,82628.6,1,Non,Non,67411.025,Non
6480,15654531,Tuan,477,France,Homme,22.0,5,41279.71,2,Non,Non,81556.45,Oui
6481,15760641,Gerald,608,Allemagne,Homme,26.0,1,53324.49,1,Non,Oui,3531.8,Non
6482,15594391,Samaniego,770,France,Femme,68.0,2,91777.62,1,Non,Non,79778.64,Oui
6483,15658449,Chizoba,695,France,Homme,45.0,9,21567.325,1,Non,Oui,38665.175,Non
6484,15600106,Wei,631,France,Homme,36.0,1,0.0,2,Non,Non,66570.67,Non
6485,15651389,Kay,561,Espagne,Homme,24.0,8,71828.275,1,Non,Oui,90466.23,Non
6486,15716449,Fraser,527,Espagne,Homme,33.0,9,66084.14,1,Non,Non,49367.075,Non
6487,15693737,Carr,627,Allemagne,Femme,30.0,4,39935.51,2,Oui,Non,64913.445,Non
6488,15669805,Warren,748,Allemagne,Femme,31.0,1,49778.97,1,Oui,Non,99627.66,Non
6489,15599182,Reynolds,597,Espagne,Femme,33.0,2,0.0,2,Oui,Oui,2350.33,Non
6490,15653222,Otutodilichukwu,526,Allemagne,Femme,32.0,6,65969.46,2,Oui,Oui,897.965,Non
6491,15758035,Bateson,747,France,Homme,61.0,7,77986.565,1,Non,Oui,73777.13,Non
6492,15790235,Hsing,778,Espagne,Homme,40.0,8,52145.705,2,Oui,Oui,58753.555,Non
6493,15685805,Ginikanwa,673,Espagne,Femme,35.0,6,0.0,2,Oui,Non,49309.395,Non
6494,15744913,Chizoba,788,Espagne,Homme,36.0,10,54816.425,1,Oui,Oui,8074.565,Non
6495,15713774,Chikwendu,644,Espagne,Femme,46.0,6,6229.595,1,Non,Non,78393.67,Oui
6496,15775892,Caldwell,748,Espagne,Femme,23.0,8,42800.04,1,Non,Non,,Non
6497,15641822,Barese,648,France,Femme,19.0,1,0.0,2,Non,Oui,11050.93,Non
6498,15779711,Gray,750,Espagne,Femme,38.0,7,48628.705,2,Non,Oui,89941.52,Non
6499,15619626,Wade,746,France,Homme,24.0,3,68746.175,2,Non,Oui,85071.045,Non
6500,15671655,Thorpe,763,Allemagne,Homme,31.0,7,71983.15,2,Oui,Oui,70131.48,Oui
6501,15788535,Tan,593,Espagne,Homme,44.0,5,0.0,1,Oui,Non,64023.49,Non
6502,15694143,Conti,686,France,Femme,41.0,10,0.0,1,Oui,Non,66543.225,Non
6503,15740487,Ross,627,France,Femme,41.0,6,0.0,3,Oui,Oui,69350.375,Oui
6504,15606435,Wall,593,Allemagne,Homme,69.0,2,93506.565,2,Non,Oui,52949.345,Non
6505,15685706,Bird,731,France,Femme,,7,59495.895,1,Oui,Oui,78024.32,Non
6506,15769308,Herbert,635,Allemagne,Femme,36.0,9,40615.925,2,Oui,Non,98365.54,Non
6507,15673790,Taylor,498,Allemagne,Homme,45.0,7,54600.37,2,Non,Oui,82995.22,Non
6508,15694296,Chineze,631,France,Homme,35.0,9,56196.225,2,Oui,Non,12236.115,Non
6509,15667476,Cox,477,Allemagne,Femme,36.0,3,58850.43,1,Non,Non,37021.0,Non
6510,15606855,Wang,730,Espagne,Homme,26.0,6,0.0,2,Oui,Oui,92904.35,Non
6511,15756894,Onwuka,635,France,Homme,29.0,1,0.0,1,Non,Oui,12432.77,Non
6512,15607837,Muriel,746,France,Femme,29.0,4,52799.835,1,Oui,Oui,21553.085,Non
6513,15584704,Chiazagomekpele,519,France,Homme,48.0,10,35541.99,1,Oui,Non,68979.5,Non
6514,15801169,Yegorova,764,Allemagne,Femme,39.0,9,69170.755,1,Oui,Non,25036.47,Oui
6515,15615245,Shao,660,France,Homme,19.0,5,63824.82,1,Oui,Oui,20184.325,Non
6516,15661629,Ricci,522,Espagne,Homme,34.0,9,63218.145,1,Oui,Non,87124.26,Oui
6517,15662751,Piazza,655,Allemagne,Femme,40.0,0,40977.3,1,Oui,Oui,99399.22,Oui
6518,15723437,Sal,701,France,Femme,35.0,2,0.0,2,Oui,Oui,32882.61,Non
6519,15723872,Buccho,589,Espagne,Femme,46.0,10,0.0,2,Non,Oui,84184.685,Non
6520,15757408,Lo,655,Espagne,Homme,38.0,3,125449.045,3,Non,Oui,,Oui
6521,15690939,Howe,575,Espagne,Homme,28.0,7,0.0,1,Oui,Oui,5333.025,Non
6522,15715297,Yuan,779,Allemagne,Femme,40.0,2,37735.115,1,Oui,Oui,26447.005,Non
6523,15728608,Walker,688,Allemagne,Femme,34.0,9,45512.79,2,Non,Oui,81891.5,Non
6524,15607142,Parkin,658,France,Homme,,8,0.0,1,Oui,Oui,40205.34,Non
6525,15708710,Ford,525,Espagne,Femme,37.0,0,0.0,1,Non,Oui,65760.86,Non
6526,15771569,Bage,576,Allemagne,Homme,46.0,4,68683.97,1,Oui,Oui,16725.055,Non
6527,15729689,Chan,754,Allemagne,Homme,35.0,6,49292.97,2,Non,Oui,53058.42,Non
6528,15658668,Hunter,581,Espagne,Homme,49.0,10,0.0,2,Non,Non,20811.795,Non
6529,15778290,Lappin,799,France,Homme,70.0,8,35208.375,1,Oui,Oui,18241.76,Non
6530,15714466,Baxter,846,France,Femme,41.0,5,0.0,3,Oui,Non,1720.235,Oui
6531,15627328,Millar,542,Espagne,Femme,26.0,2,0.0,2,Oui,Oui,27434.77,Non
6532,15801559,Chiang,693,Allemagne,Femme,41.0,9,90730.74,3,Oui,Oui,93964.715,Oui
6533,15814923,Sullivan,606,Espagne,Homme,38.0,7,64289.26,1,Oui,Oui,96939.255,Non
6534,15723851,Mazzanti,699,Espagne,Homme,40.0,2,0.0,1,Oui,Non,39193.66,Non
6535,15671390,Chukwukere,690,Espagne,Homme,36.0,10,0.0,2,Oui,Non,27951.465,Non
6536,15616922,Kelly,479,France,Femme,26.0,1,0.0,2,Oui,Oui,9558.485,Non
6537,15764604,Sutherland,586,France,Femme,35.0,7,82384.51,3,Oui,Non,59907.125,Oui
6538,15633112,Madukaego,681,Allemagne,Homme,42.0,3,59099.985,2,Oui,Non,,Oui
6539,15604515,Yefremov,737,Allemagne,Femme,22.0,10,55771.63,2,Non,Non,53163.925,Non
6540,15773949,Cherkasova,692,France,Femme,36.0,3,0.0,2,Oui,Oui,4141.11,Non
6541,15636684,Kirkland,727,France,Homme,34.0,10,0.0,2,Oui,Oui,99318.67,Non
6542,15665879,Gordon,768,France,Femme,40.0,8,0.0,2,Non,Oui,34540.23,Non
6543,15604482,Chiemezie,850,Espagne,Homme,30.0,2,70520.005,1,Oui,Oui,2989.1,Non
6544,15633930,Yobachukwu,648,Espagne,Femme,56.0,6,78779.795,2,Oui,Non,70495.615,Oui
6545,15685279,Somadina,511,Espagne,Femme,,8,61475.155,1,Oui,Oui,90629.38,Non
6546,15596397,Kelly,814,France,Femme,48.0,7,0.0,2,Oui,Oui,66435.075,Non
6547,15669945,Jackson,492,France,Homme,35.0,4,70679.685,2,Oui,Non,19759.765,Non
6548,15619608,Ojiofor,454,Allemagne,Femme,50.0,10,46447.78,1,Oui,Non,77172.0,Oui
6549,15710053,Neumayer,667,Allemagne,Femme,44.0,5,70203.34,2,Non,Oui,28582.095,Non
6550,15571284,Elmore,756,Allemagne,Homme,32.0,0,54764.08,2,Oui,Oui,28088.155,Non
6551,15725141,Whiddon,716,France,Femme,44.0,3,54764.14,1,Oui,Non,13670.815,Oui
6552,15625047,Yen,846,France,Femme,38.0,5,0.0,1,Oui,Oui,93808.08,Non
6553,15681924,Ekwueme,747,Allemagne,Homme,38.0,2,64864.3,1,Oui,Non,44644.77,Non
6554,15645517,Philip,850,Espagne,Homme,22.0,2,0.0,2,Oui,Oui,4842.26,Non
6555,15689492,Benjamin,850,Allemagne,Homme,41.0,1,88479.23,2,Non,Oui,62903.15,Non
6556,15721585,Blacklock,628,Allemagne,Homme,29.0,3,56573.49,2,Non,Oui,62374.54,Non
6557,15770255,Onwughara,797,Allemagne,Femme,33.0,10,41777.79,1,Non,Non,34883.57,Non
6558,15793196,Kelly,759,France,Homme,41.0,9,0.0,2,Non,Oui,95147.06,Non
6559,15727353,Ch'ang,650,France,Femme,64.0,7,71014.18,1,Oui,Non,,Oui
6560,15679551,Colombo,504,Espagne,Femme,46.0,2,81882.42,1,Oui,Oui,82561.275,Oui
6561,15748473,Curnow,801,France,Homme,38.0,5,0.0,2,Oui,Non,33128.135,Non
6562,15664639,McGregor,645,France,Homme,19.0,9,64257.42,1,Non,Non,87984.595,Non
6563,15743709,Toomey,683,France,Homme,30.0,4,33095.165,1,Oui,Oui,57593.485,Non
6564,15664907,Alexander,527,France,Homme,47.0,1,0.0,1,Oui,Non,10656.08,Oui
6565,15662532,Holmes,757,Allemagne,Homme,31.0,8,74542.95,2,Oui,Oui,98538.68,Non
6566,15690079,Boniwell,591,Espagne,Homme,30.0,8,62428.845,2,Non,Non,25242.85,Non
6567,15748625,Napolitano,664,France,Homme,57.0,6,0.0,2,Oui,Oui,7652.04,Non
6568,15615430,Adams,678,Allemagne,Homme,55.0,4,64823.455,1,Oui,Oui,92062.55,Oui
6569,15810385,Giordano,717,Espagne,Femme,36.0,2,82278.975,1,Non,Oui,41168.365,Non
6570,15618243,Buckland,730,Espagne,Femme,43.0,1,51980.19,1,Oui,Oui,96825.08,Non
6571,15613844,Murphy,557,France,Femme,28.0,7,73222.62,2,Oui,Non,92158.87,Non
6572,15567399,Enderby,633,Allemagne,Homme,43.0,3,72082.145,1,Oui,Oui,79323.23,Non
6573,15694456,Toscani,756,France,Homme,62.0,3,0.0,1,Oui,Oui,5599.52,Oui
6574,15800811,Wan,702,France,Homme,40.0,3,74278.37,1,Non,Oui,73028.145,Non
6575,15679622,Clayton,602,France,Homme,35.0,8,0.0,1,Oui,Oui,11249.645,Non
6576,15695078,Kemp,699,France,Homme,32.0,3,0.0,2,Oui,Oui,,Non
6577,15649136,Williamson,650,France,Femme,43.0,6,0.0,2,Oui,Oui,8150.955,Non
6578,15809320,McElhone,845,Espagne,Femme,52.0,0,0.0,1,Oui,Non,15863.38,Oui
6579,15674343,Esposito,597,France,Homme,44.0,8,39064.065,2,Non,Oui,54576.52,Non
6580,15582246,Rowe,737,Espagne,Femme,45.0,2,0.0,2,Non,Oui,88847.835,Non
6581,15654300,Mao,530,Allemagne,Homme,33.0,9,37621.14,1,Non,Oui,50847.335,Non
6582,15771477,Fiorentini,779,France,Homme,49.0,9,53080.185,1,Non,Non,58446.935,Non
6583,15663964,Pagnotto,561,France,Homme,37.0,5,0.0,2,Oui,Non,41546.625,Non
6584,15610042,Brown,574,France,Homme,33.0,8,50133.515,1,Oui,Non,51503.135,Non
6585,15645269,Duncan,583,France,Femme,42.0,4,0.0,2,Oui,Non,8719.83,Non
6586,15747265,Huang,598,Allemagne,Femme,27.0,10,85641.955,1,Oui,Oui,,Non
6587,15616380,Wheeler,803,Espagne,Femme,37.0,1,0.0,2,Non,Non,3727.6,Non
6588,15742369,Rita,667,Espagne,Homme,31.0,5,0.0,2,Oui,Oui,10173.345,Non
6589,15804586,Lin,376,France,Femme,46.0,6,0.0,1,Oui,Non,78666.845,Oui
6590,15650591,Calabrese,809,Allemagne,Homme,50.0,10,59049.31,1,Oui,Oui,50360.01,Oui
6591,15633141,Robinson,696,Allemagne,Femme,35.0,4,87451.13,1,Oui,Non,,Non
6592,15605067,Nwachinemelu,472,France,Homme,19.0,9,0.0,2,Oui,Non,1726.7,Non
6593,15622801,Brown,555,France,Femme,27.0,8,51000.085,1,Oui,Oui,58378.5,Non
6594,15804862,Toscani,505,Allemagne,Homme,43.0,6,63573.34,1,Non,Non,68782.935,Non
6595,15648362,Kennedy,728,Allemagne,Homme,45.0,3,54462.165,2,Oui,Non,42150.2,Oui
6596,15696605,Angelo,571,France,Homme,49.0,4,90307.02,1,Non,Non,261.5,Non
6597,15758531,Y?,732,France,Femme,40.0,10,0.0,2,Oui,Non,77094.54,Non
6598,15675522,Ko,628,,Femme,30.0,9,66175.645,2,Oui,Oui,37084.565,Non
6599,15641183,Chin,731,Espagne,Homme,25.0,8,48475.105,1,Oui,Non,48938.96,Non
6600,15656062,Azikiwe,637,France,Femme,33.0,7,51688.905,1,Oui,Non,42209.89,Non
6601,15663161,Chiu,680,Allemagne,Femme,51.0,5,71569.935,1,Non,Non,23897.715,Oui
6602,15796167,Flores,782,Allemagne,Homme,35.0,7,49278.445,2,Oui,Non,58822.18,Non
6603,15782875,Cayley,663,France,Homme,33.0,5,78637.18,2,Oui,Oui,14265.905,Non
6604,15792388,Li,645,France,Femme,48.0,7,45306.17,1,Oui,Oui,74569.565,Non
6605,15643496,Randolph,730,France,Femme,34.0,5,37098.69,2,Oui,Non,48437.76,Non
6606,15626985,Yefremova,850,,Femme,39.0,0,52193.265,1,Oui,Non,52943.385,Non
6607,15615352,Ebelechukwu,588,,Homme,31.0,4,49803.685,2,Non,Oui,17938.515,Non
6608,15673877,Murray,490,France,Homme,39.0,1,0.0,3,Oui,Non,85530.005,Oui
6609,15813911,Hayes-Williams,809,France,Femme,39.0,5,0.0,1,Oui,Non,38852.875,Non
6610,15748597,Chester,844,Espagne,Homme,56.0,5,49764.85,1,Non,Oui,78615.03,Oui
6611,15578787,Goddard,641,France,Femme,52.0,4,0.0,1,Oui,Non,45482.27,Oui
6612,15629551,Cattaneo,615,Allemagne,Femme,44.0,9,63052.49,2,Non,Oui,55359.01,Non
6613,15698285,Ting,676,France,Femme,41.0,4,50728.57,1,Oui,Oui,39550.835,Non
6614,15800688,Ch'en,495,Espagne,Femme,42.0,7,0.0,2,Non,Non,,Non
6615,15748034,Drakeford,534,France,Homme,29.0,7,87425.95,1,Oui,Oui,39589.155,Non
6616,15762928,Venables,548,Espagne,Homme,44.0,8,0.0,1,Oui,Non,8494.885,Non
6617,15810203,Manning,499,Allemagne,Femme,44.0,6,38813.665,2,Oui,Non,54111.34,Non
6618,15649060,Chien,727,Allemagne,Femme,31.0,3,41364.735,2,Oui,Non,30106.255,Non
6619,15799186,Sagese,632,France,Homme,,4,0.0,2,Non,Non,96252.81,Non
6620,15698321,Yobanna,648,Allemagne,Homme,34.0,3,47519.865,2,Oui,Oui,73527.935,Non
6621,15755405,Hudson,710,France,Homme,,9,64142.225,1,Oui,Non,16498.445,Oui
6622,15689781,Ts'ai,826,France,Femme,49.0,0,0.0,1,Non,Non,89354.99,Oui
6623,15596649,Bailey,651,France,Femme,,8,0.0,1,Oui,Non,68726.285,Non
6624,15705001,Napolitani,587,Espagne,Femme,35.0,3,41643.28,1,Oui,Non,62776.76,Non
6625,15758726,Chiemeka,588,,Femme,24.0,0,0.0,2,Oui,Oui,70293.04,Non
6626,15645571,Genovese,596,Espagne,Homme,32.0,4,0.0,2,Non,Oui,73252.175,Non
6627,15802009,Mazzi,770,France,Femme,33.0,6,0.0,2,Oui,Oui,,Non
6628,15791780,Ts'ao,706,Allemagne,Femme,48.0,10,52239.06,3,Non,Oui,79124.355,Oui
6629,15784361,Williamson,543,Espagne,Femme,46.0,5,70177.8,1,Oui,Oui,42543.39,Non
6630,15625740,Enriquez,627,Allemagne,Homme,62.0,3,71713.17,2,Oui,Oui,71552.15,Non
6631,15665159,Brooks,727,France,Homme,61.0,0,64106.98,2,Oui,Oui,94364.54,Oui
6632,15717706,Forbes,799,France,Femme,32.0,3,53022.96,2,Oui,Oui,8969.0,Non
6633,15710161,Ko,850,France,Femme,34.0,2,0.0,2,Oui,Oui,85853.33,Non
6634,15595426,Madukwe,603,Espagne,Homme,57.0,6,52500.425,2,Oui,Oui,43706.12,Oui
6635,15724154,Manna,625,Allemagne,Femme,49.0,4,64252.38,1,Oui,Non,63406.315,Oui
6636,15616152,Pai,754,France,Femme,47.0,1,92756.835,1,Oui,Non,13719.415,Non
6637,15634844,Miller,598,Allemagne,Homme,41.0,3,45768.465,1,Oui,Non,95734.39,Oui
6638,15690829,Sandefur,430,Allemagne,Homme,49.0,3,68557.58,1,Oui,Non,73258.43,Oui
6639,15703728,Chieloka,700,,Homme,47.0,4,0.0,1,Oui,Non,60899.26,Oui
6640,15594864,Huang,752,,Homme,30.0,4,40761.69,1,Oui,Oui,18442.925,Non
6641,15813718,Kirillova,651,Espagne,Homme,45.0,4,0.0,2,Non,Non,96504.605,Non
6642,15793317,Hale,547,Espagne,Femme,,7,70643.575,1,Oui,Non,59071.395,Non
6643,15786199,Hsing,535,France,Homme,33.0,2,66520.16,1,Oui,Oui,55149.89,Non
6644,15625929,Trevisan,762,France,Femme,44.0,7,79658.32,1,Non,Non,12390.065,Non
6645,15744200,Ni,587,France,Femme,36.0,1,35392.135,1,Oui,Non,15289.91,Non
6646,15689598,Dean,722,France,Homme,,6,0.0,1,Oui,Oui,46958.84,Oui
6647,15582149,Ts'ui,850,Allemagne,Femme,34.0,3,64834.215,2,Oui,Oui,44371.995,Non
6648,15753861,Ballard,686,Allemagne,Femme,27.0,1,57547.94,2,Non,Non,39311.23,Non
6649,15782456,Odili,656,France,Homme,46.0,9,71633.57,2,Non,Non,96549.715,Non
6650,15772892,Robertson,699,France,Femme,49.0,2,0.0,1,Non,Non,52880.005,Non
6651,15589076,Henry,737,France,Homme,36.0,9,0.0,1,Non,Oui,94335.45,Oui
6652,15653857,Wallis,498,France,Homme,34.0,2,0.0,2,Oui,Oui,74264.12,Non
6653,15702145,Edments,705,Espagne,Homme,33.0,7,34211.945,1,Oui,Oui,32436.275,Non
6654,15566251,Ferrari,618,France,Femme,37.0,5,48326.43,1,Oui,Non,49343.2,Oui
6655,15600379,Hsiung,608,Espagne,Homme,34.0,7,43328.065,1,Non,Oui,29945.145,Non
6656,15665811,Parry,644,France,Homme,33.0,9,70617.49,1,Oui,Non,47836.525,Non
6657,15733429,Chou,520,Allemagne,Homme,34.0,8,60009.43,2,Oui,Oui,171.69,Non
6658,15689152,Loggia,683,Espagne,Homme,38.0,3,63076.42,1,Non,Non,7689.375,Non
6659,15773605,Iadanza,670,Espagne,Femme,32.0,3,0.0,2,Oui,Non,23087.85,Non
6660,15782159,Ndubuagha,850,France,Homme,28.0,8,33819.78,2,Oui,Oui,97122.645,Non
6661,15756241,Yirawala,767,France,Femme,44.0,2,76254.625,1,Oui,Oui,68457.575,Non
6662,15813741,Nnachetam,549,Espagne,Homme,25.0,6,96929.1,1,Non,Oui,10800.055,Non
6663,15765258,Bochsa,776,France,Femme,29.0,5,0.0,2,Oui,Oui,71650.745,Non
6664,15638806,Blackburn,645,Espagne,Homme,49.0,2,0.0,2,Non,Non,5011.575,Non
6665,15577913,Oliver,651,France,Femme,32.0,8,72290.98,1,Oui,Oui,43804.75,Non
6666,15659557,Artamonova,811,Allemagne,Femme,28.0,4,83869.41,2,Oui,Oui,4951.71,Non
6667,15761047,H?,724,Allemagne,Homme,31.0,2,80498.77,2,Non,Oui,32415.68,Non
6668,15649124,Fang,850,France,Homme,30.0,9,60767.59,1,Non,Non,20156.735,Non
6669,15645637,Huggins,798,Allemagne,Femme,39.0,6,59893.88,1,Oui,Oui,82124.165,Non
6670,15718231,Gregory,537,France,Homme,28.0,0,44481.655,2,Oui,Oui,94919.965,Non
6671,15634267,Yudin,717,France,Homme,42.0,5,0.0,2,Oui,Non,86332.605,Non
6672,15588614,Walton,753,France,Homme,57.0,7,0.0,1,Oui,Non,,Oui
6673,15634564,Aksyonov,593,Espagne,Homme,31.0,8,56356.67,1,Oui,Oui,88434.445,Non
6674,15658675,Ts'ao,710,Allemagne,Homme,37.0,6,67897.815,1,Non,Oui,23261.8,Non
6675,15701885,Tucker,647,France,Femme,40.0,9,0.0,2,Non,Oui,46178.605,Non
6676,15728333,McBurney,521,France,Homme,43.0,8,0.0,1,Oui,Oui,46590.045,Non
6677,15786078,Loginov,850,France,Femme,28.0,9,0.0,2,Oui,Non,92910.705,Non
6678,15811026,Norman,505,Allemagne,Homme,43.0,5,68427.97,2,Oui,Non,85535.26,Non
6679,15762169,Bergman,556,Allemagne,Homme,37.0,9,72509.32,2,Oui,Non,45464.01,Oui
6680,15732660,Black,769,France,Femme,27.0,2,0.0,1,Oui,Oui,28938.025,Non
6681,15625092,Colombo,502,Allemagne,Femme,57.0,3,50732.655,1,Oui,Non,21784.155,Oui
6682,15722632,Dickson,716,Allemagne,Homme,50.0,2,59827.885,1,Oui,Oui,6472.085,Oui
6683,15683930,Ch'iu,593,Allemagne,Femme,32.0,9,67048.265,2,Oui,Non,26965.525,Oui
6684,15672983,Fernando,678,Espagne,Femme,27.0,5,43549.925,2,Oui,Non,74775.475,Non
6685,15591932,Ford,680,France,Homme,32.0,5,46480.805,1,Oui,Non,58478.8,Non
6686,15679966,Marsh,661,France,Femme,31.0,3,66982.15,1,Oui,Oui,83093.55,Non
6687,15720662,Sholes,787,France,Femme,35.0,1,53133.4,1,Oui,Oui,8303.575,Non
6688,15705994,Udinese,712,Espagne,Homme,27.0,10,0.0,1,Oui,Non,47272.44,Non
6689,15633950,Yen,737,France,Homme,41.0,1,50980.37,1,Oui,Oui,61773.64,Non
6690,15594408,Chia,584,Espagne,Femme,48.0,2,106573.1,1,Oui,Non,37580.625,Oui
6691,15811490,French,627,France,Homme,33.0,5,0.0,2,Oui,Oui,51868.91,Non
6692,15772777,Onyemachukwu,850,Espagne,Femme,29.0,10,0.0,2,Oui,Oui,47407.52,Non
6693,15731555,Ross-Watt,595,Allemagne,Femme,45.0,9,53000.06,1,Non,Non,95724.48,Oui
6694,15568240,Ting,492,Allemagne,Femme,30.0,10,38584.435,2,Non,Oui,73350.11,Non
6695,15609977,Mundy,587,France,Homme,47.0,6,35513.385,1,Oui,Non,28981.205,Non
6696,15803750,Ball,750,Espagne,Femme,33.0,3,80900.735,1,Non,Oui,,Oui
6697,15717995,Keen,849,France,Homme,,0,0.0,2,Non,Oui,78945.93,Non
6698,15750447,Ozoemena,678,France,Femme,60.0,10,58869.405,1,Oui,Non,73744.88,Oui
6699,15806967,Simmons,778,France,Femme,65.0,7,0.0,1,Oui,Oui,38933.615,Non
6700,15675926,Ardis,655,Allemagne,Homme,34.0,7,59014.175,1,Oui,Non,25613.16,Oui
6701,15572801,Krischock,639,Espagne,Homme,,5,69696.595,2,Non,Non,16975.04,Non
6702,15745324,Milani,599,Espagne,Femme,39.0,4,0.0,1,Oui,Non,97136.6,Oui
6703,15599251,Chung,602,Allemagne,Homme,32.0,7,92357.93,2,Oui,Non,,Non
6704,15726774,Field,563,France,Homme,35.0,3,53125.36,1,Non,Non,19773.16,Non
6705,15585855,Gould,679,France,Homme,40.0,1,0.0,1,Oui,Oui,8448.595,Non
6706,15768465,Sheppard,582,Allemagne,Homme,35.0,8,60654.585,2,Oui,Oui,14375.335,Non
6707,15576824,Kennedy,564,Allemagne,Femme,44.0,3,55880.2,3,Oui,Oui,52361.235,Oui
6708,15586993,Giordano,655,Espagne,Femme,56.0,5,0.0,2,Oui,Oui,20891.35,Non
6709,15692430,Milano,699,Allemagne,Homme,36.0,2,61800.78,2,Oui,Non,51778.925,Non
6710,15810800,Ositadimma,673,Espagne,Femme,32.0,0,0.0,1,Oui,Oui,36436.665,Non
6711,15780572,Mansom,653,Espagne,Homme,30.0,4,0.0,2,Oui,Non,60368.02,Non
6712,15636396,Jackson,627,France,Femme,35.0,7,0.0,2,Non,Oui,96511.22,Non
6713,15637788,Schmidt,743,France,Homme,23.0,3,55101.885,1,Oui,Non,47791.725,Non
6714,15670562,Pharr,470,France,Homme,30.0,3,50570.38,1,Oui,Oui,,Non
6715,15596212,Yang,781,Espagne,Homme,35.0,1,0.0,2,Non,Non,,Non
6716,15669501,Kuo,706,France,Homme,35.0,5,0.0,2,Oui,Oui,40859.185,Non
6717,15737735,Grant,683,Espagne,Homme,40.0,4,47526.55,1,Oui,Oui,58408.27,Oui
6718,15696588,Lung,679,France,Femme,36.0,3,0.0,2,Oui,Oui,1121.705,Non
6719,15703437,Chinedum,726,France,Homme,34.0,3,0.0,2,Oui,Non,98144.23,Non
6720,15757777,Pai,636,France,Femme,,2,0.0,2,Oui,Oui,11564.73,Non
6721,15668747,Virgo,702,France,Femme,46.0,9,49222.095,1,Non,Oui,54781.64,Non
6722,15707120,Cocci,850,France,Homme,46.0,9,58820.195,1,Oui,Non,44460.34,Non
6723,15621244,Gallo,678,France,Homme,,0,53689.84,1,Oui,Oui,42230.09,Non
6724,15806407,Wilson,652,France,Femme,37.0,4,0.0,2,Oui,Non,71696.62,Non
6725,15660155,Lorenzo,792,Espagne,Homme,36.0,5,46070.075,1,Non,Oui,33734.335,Non
6726,15761854,Burn,746,France,Femme,24.0,4,0.0,1,Non,Oui,47052.5,Non
6727,15811177,Beneventi,643,France,Femme,31.0,3,83974.74,1,Oui,Non,71581.17,Non
6728,15760085,Calabresi,684,Allemagne,Femme,48.0,10,63192.21,1,Oui,Oui,99064.68,Non
6729,15797822,Kingsley,678,France,Homme,28.0,2,54568.56,1,Oui,Oui,29407.205,Non
6730,15682523,Chigozie,762,France,Homme,20.0,1,69716.275,1,Oui,Oui,42803.415,Non
6731,15651585,Power,661,Allemagne,Homme,35.0,2,58606.09,1,Oui,Oui,41526.015,Non
6732,15621629,Scott,773,Allemagne,Homme,43.0,8,40922.455,2,Oui,Oui,,Non
6733,15724453,Fan,570,France,Homme,23.0,2,0.0,1,Non,Non,99415.49,Non
6734,15708513,Bevan,446,France,Femme,39.0,1,45108.535,1,Oui,Non,95675.24,Non
6735,15702442,Benson,586,,Femme,56.0,9,50390.875,2,Oui,Oui,27224.205,Non
6736,15692631,Bogdanova,577,Espagne,Femme,44.0,8,57778.5,1,Non,Oui,63753.38,Non
6737,15599660,Bennett,604,France,Homme,36.0,6,58114.925,2,Oui,Oui,39816.69,Non
6738,15582154,Crawford,670,France,Femme,45.0,5,23942.46,1,Oui,Oui,27170.12,Non
6739,15715512,Hsia,850,Allemagne,Homme,29.0,1,77320.205,1,Oui,Oui,82019.755,Non
6740,15621210,Angelo,599,Allemagne,Homme,46.0,9,61722.36,1,Oui,Oui,15684.04,Oui
6741,15712264,Plumb,713,France,Femme,39.0,10,0.0,2,Oui,Oui,63131.985,Non
6742,15674442,Kung,681,France,Homme,23.0,7,78880.78,1,Non,Non,73879.92,Non
6743,15647402,Wan,628,France,Femme,38.0,3,0.0,2,Oui,Oui,24462.365,Non
6744,15692110,Ch'eng,758,France,Femme,33.0,7,0.0,1,Oui,Non,94078.17,Non
6745,15585839,Niu,633,France,Homme,37.0,2,0.0,2,Oui,Non,91129.085,Non
6746,15620735,Chiganu,667,Allemagne,Femme,33.0,4,63538.34,2,Oui,Non,34505.83,Non
6747,15782454,Hancock,552,France,Homme,49.0,4,0.0,1,Oui,Oui,95148.38,Oui
6748,15675252,Martin,734,Espagne,Femme,39.0,3,46318.48,2,Oui,Oui,62835.645,Non
6749,15667462,Duncan,707,Espagne,Homme,43.0,10,0.0,2,Oui,Non,59184.1,Non
6750,15724955,Lucchesi,537,France,Homme,38.0,3,0.0,2,Non,Non,70511.505,Non
6751,15672145,Swift,534,France,Femme,34.0,7,60775.79,2,Oui,Oui,35089.5,Non
6752,15710689,Angel,578,Espagne,Homme,40.0,6,31804.96,1,Non,Non,37482.805,Oui
6753,15775546,Laurens,517,Espagne,Femme,29.0,5,0.0,2,Oui,Non,51701.44,Non
6754,15590320,Shelton,850,France,Homme,66.0,4,0.0,2,Non,Oui,32175.4,Non
6755,15620103,Ho,660,France,Femme,40.0,8,83590.505,1,Oui,Oui,92578.47,Non
6756,15776850,Smith,749,Espagne,Femme,43.0,1,62104.51,1,Oui,Oui,83589.74,Non
6757,15743016,MacDonald,602,Espagne,Femme,22.0,7,70802.38,1,Oui,Non,15189.8,Non
6758,15692577,Tomlinson,674,Allemagne,Femme,38.0,10,41863.84,1,Oui,Non,22709.06,Non
6759,15800215,Kwemtochukwu,658,France,Homme,25.0,3,0.0,2,Non,Oui,86974.2,Non
6760,15669293,Hovell,517,France,Homme,37.0,5,56654.42,1,Non,Oui,15758.58,Non
6761,15577700,Rapuokwu,749,France,Homme,37.0,10,92531.85,2,Oui,Oui,67263.435,Non
6762,15688337,Dixon,721,France,Homme,40.0,9,59064.935,1,Oui,Oui,80138.825,Non
6763,15590876,Knupp,764,France,Femme,24.0,7,53117.01,1,Non,Non,57838.19,Non
6764,15714970,Holbrook,667,Allemagne,Homme,32.0,0,51923.325,1,Oui,Non,10280.345,Non
6765,15677184,Cremonesi,767,France,Femme,35.0,6,57788.22,1,Non,Oui,13961.225,Non
6766,15575147,Wall,699,France,Homme,22.0,9,49669.5,1,Oui,Non,34148.805,Oui
6767,15605275,Ofodile,725,Allemagne,Homme,45.0,8,58458.535,1,Non,Non,86732.215,Oui
6768,15581198,Jenkins,668,Allemagne,Femme,39.0,0,61052.395,1,Oui,Non,56473.335,Oui
6769,15617304,Ershova,722,France,Homme,40.0,6,0.0,2,Oui,Oui,55946.545,Non
6770,15604093,Neitenstein,546,France,Homme,34.0,4,82681.655,2,Oui,Oui,12872.065,Oui
6771,15621064,Russell,701,Allemagne,Homme,23.0,5,93050.59,2,Oui,Oui,38305.665,Non
6772,15653753,Chiemenam,542,Espagne,Homme,43.0,6,56783.97,1,Oui,Non,44771.625,Non
6773,15631871,Kelly,616,Allemagne,Femme,,7,58468.405,1,Oui,Oui,52189.68,Non
6774,15737404,Kesteven,731,France,Homme,31.0,1,66256.13,1,Oui,Oui,92733.425,Non
6775,15771856,Cremin,632,Espagne,Femme,32.0,1,0.0,2,Oui,Non,9762.825,Non
6776,15709531,Harding,556,France,Homme,38.0,2,57378.07,1,Oui,Non,96607.025,Non
6777,15726267,Paterson,570,France,Homme,32.0,9,58668.77,2,Non,Oui,31405.455,Non
6778,15655961,Palermo,756,Allemagne,Homme,27.0,1,65949.5,1,Oui,Non,46651.145,Non
6779,15778049,Wyatt,633,Allemagne,Homme,29.0,6,58706.175,1,Non,Non,15169.47,Non
6780,15692718,Jackson,738,France,Femme,38.0,7,0.0,2,Non,Non,34613.71,Non
6781,15611191,Scott,505,Allemagne,Femme,37.0,10,61226.985,2,Oui,Oui,26346.995,Non
6782,15715707,Light,657,France,Homme,32.0,3,59414.515,2,Oui,Oui,36563.805,Non
6783,15574372,Hoolan,738,France,Homme,35.0,5,80637.025,2,Oui,Non,90714.935,Non
6784,15771857,Philipp,513,Espagne,Homme,39.0,7,44519.95,2,Oui,Oui,73369.415,Non
6785,15604020,Otoole,773,Allemagne,Femme,36.0,4,52929.355,1,Non,Oui,2197.725,Non
6786,15737104,Lawson,652,Allemagne,Femme,47.0,0,63298.945,2,Oui,Oui,19399.395,Oui
6787,15729246,Hardacre,847,Espagne,Homme,31.0,5,0.0,2,Oui,Oui,38163.335,Non
6788,15592531,Bartlett,822,France,Homme,50.0,7,0.0,2,Oui,Oui,5031.4,Non
6789,15709476,Kenyon,850,Espagne,Femme,41.0,3,49972.965,2,Oui,Non,35589.655,Non
6790,15613180,Miranda,727,Allemagne,Homme,21.0,8,76672.36,1,Oui,Oui,81647.935,Non
6791,15754952,Su,602,Allemagne,Femme,48.0,7,38297.54,2,Non,Non,63547.57,Non
6792,15640421,Conway,811,France,Femme,35.0,7,0.0,1,Oui,Oui,89.095,Non
6793,15737265,Nwokeocha,728,Allemagne,Homme,39.0,6,76091.415,1,Non,Non,80601.8,Non
6794,15636562,Muravyova,573,Espagne,Homme,44.0,8,0.0,2,Non,Non,31212.23,Non
6795,15649078,Christian,850,Allemagne,Femme,27.0,8,55918.89,2,Oui,Oui,55402.895,Non
6796,15604804,Lu,516,France,Femme,33.0,7,63652.75,1,Oui,Oui,60018.68,Non
6797,15716134,Russo,617,France,Homme,40.0,5,95004.16,2,Oui,Oui,53523.96,Non
6798,15709846,Yeh,840,France,Femme,39.0,1,47484.485,1,Oui,Non,42243.81,Non
6799,15583863,Chimaobim,681,Allemagne,Homme,49.0,8,71473.09,1,Non,Non,93640.255,Oui
6800,15637977,Barese,542,Allemagne,Homme,25.0,8,69665.05,1,Non,Non,,Non
6801,15750684,Jibunoh,719,France,Femme,42.0,4,0.0,1,Oui,Non,14232.93,Oui
6802,15660541,Olisanugo,694,France,Homme,,5,63950.015,1,Oui,Non,50868.9,Non
6803,15672299,Yeh,510,France,Homme,44.0,6,0.0,2,Oui,Oui,87759.155,Non
6804,15673084,Galkin,645,Espagne,Homme,38.0,1,34039.9,1,Non,Oui,83132.445,Non
6805,15579616,Goodwin,683,France,Femme,42.0,8,0.0,2,Non,Oui,99067.45,Non
6806,15714397,Trentino,621,Allemagne,Femme,30.0,2,50507.04,2,Oui,Oui,82628.655,Non
6807,15598782,Pinto,755,,Femme,30.0,6,77110.685,2,Non,Oui,31344.275,Non
6808,15633194,Osborne,771,France,Femme,41.0,10,54154.5,4,Oui,Oui,68755.205,Oui
6809,15716324,Ignatieff,665,France,Femme,23.0,9,71836.45,1,Oui,Oui,57573.665,Non
6810,15719090,Osonduagwuike,676,Allemagne,Femme,34.0,4,44718.515,1,Oui,Oui,94770.475,Non
6811,15588019,Li Fonti,418,France,Homme,28.0,7,49369.46,1,Oui,Non,61095.11,Non
6812,15701166,Chinedum,660,France,Homme,40.0,5,65877.055,2,Oui,Oui,,Non
6813,15769645,Senior,612,France,Femme,,3,0.0,1,Oui,Oui,,Non
6814,15795519,Vasiliev,716,Allemagne,Femme,18.0,3,64371.9,1,Non,Non,98661.065,Non
6815,15647453,Ifeajuna,721,France,Homme,42.0,4,51468.36,1,Non,Non,593.94,Non
6816,15810444,Aksenov,562,Allemagne,Femme,39.0,6,65282.51,1,Oui,Non,4927.36,Oui
6817,15567897,Chiazagomekpere,619,Allemagne,Homme,23.0,5,66362.55,1,Oui,Oui,71956.665,Non
6818,15675675,Slate,850,France,Femme,32.0,5,53145.32,1,Oui,Non,60991.365,Non
6819,15815490,Cocci,670,Allemagne,Homme,40.0,2,82474.49,3,Non,Non,88514.0,Oui
6820,15730705,Chidubem,715,France,Homme,37.0,9,82626.26,1,Oui,Non,42643.15,Non
6821,15727539,Schoenheimer,618,France,Femme,31.0,4,0.0,2,Oui,Non,14588.02,Non
6822,15628205,Greco,571,Allemagne,Femme,,1,50868.33,1,Non,Oui,97825.83,Non
6823,15705663,Milano,700,Allemagne,Femme,39.0,5,72275.415,2,Oui,Oui,94832.215,Non
6824,15797767,Ikedinachukwu,600,France,Femme,49.0,6,0.0,1,Non,Oui,74043.94,Oui
6825,15712319,Chukwukere,714,Espagne,Homme,45.0,8,75450.145,2,Non,Oui,69944.575,Non
6826,15728082,Vasiliev,601,Espagne,Homme,28.0,6,0.0,2,Oui,Non,7332.64,Non
6827,15672027,McIntyre,717,Allemagne,Femme,33.0,10,51092.71,2,Oui,Non,11615.965,Non
6828,15803685,Greco,673,Allemagne,Femme,77.0,10,38255.26,2,Non,Oui,29797.83,Non
6829,15687363,McMillan,770,France,Homme,31.0,3,77523.78,2,Oui,Oui,93032.17,Non
6830,15779809,Giordano,655,France,Homme,44.0,8,43735.815,1,Non,Oui,94296.99,Non
6831,15751491,Hsiao,443,Allemagne,Homme,50.0,3,58603.15,1,Oui,Non,21420.09,Oui
6832,15774155,Trevisani,662,Allemagne,Homme,33.0,0,51735.76,1,Oui,Oui,81351.5,Non
6833,15723864,Lucas,828,Espagne,Homme,47.0,1,54938.41,2,Oui,Non,41805.725,Oui
6834,15777958,Ch'ien,587,France,Homme,39.0,10,0.0,2,Oui,Oui,85204.725,Non
6835,15690925,McIntosh,527,Espagne,Femme,29.0,2,13877.985,1,Oui,Non,48734.22,Oui
6836,15642787,Ijendu,572,France,Homme,37.0,1,66521.83,1,Non,Non,55621.545,Non
6837,15659092,Davide,621,France,Femme,50.0,5,0.0,2,Oui,Non,95878.27,Oui
6838,15780215,Berry,636,France,Homme,31.0,6,0.0,2,Oui,Oui,1191.305,Non
6839,15798470,Scannell,764,Espagne,Femme,48.0,1,37995.485,1,Oui,Non,79161.905,Oui
6840,15789201,Thomson,603,Allemagne,Femme,35.0,9,72811.68,1,Oui,Non,81590.81,Non
6841,15641298,Corones,512,Allemagne,Homme,42.0,9,46977.915,2,Oui,Non,7414.27,Non
6842,15579040,Hs?,556,France,Femme,46.0,10,0.0,2,Non,Non,54592.12,Non
6843,15696388,Artamonova,755,Allemagne,Homme,38.0,4,55548.455,1,Oui,Oui,9881.44,Non
6844,15767722,Richardson,593,France,Femme,39.0,0,58852.365,1,Oui,Non,98966.75,Non
6845,15705383,Shen,642,France,Homme,35.0,4,62738.155,1,Oui,Oui,45887.755,Non
6846,15721181,Oliver,611,Espagne,Homme,46.0,6,0.0,2,Oui,Non,22943.165,Non
6847,15806546,Lucas,517,Espagne,Homme,46.0,4,0.0,1,Oui,Non,11186.39,Non
6848,15810347,Todd,662,Espagne,Femme,30.0,9,0.0,2,Non,Oui,78942.415,Non
6849,15741745,Lane,757,France,Homme,28.0,7,60455.875,2,Oui,Oui,65624.73,Non
6850,15631693,Hill,697,France,Homme,36.0,7,0.0,2,Oui,Oui,37380.16,Non
6851,15710928,McChesney,665,France,Femme,55.0,8,68177.08,1,Oui,Oui,46884.945,Non
6852,15744273,Waterhouse,637,Allemagne,Homme,30.0,6,61320.78,2,Oui,Non,32809.005,Non
6853,15605072,Douglas,638,France,Femme,43.0,3,72930.49,1,Oui,Oui,71381.755,Oui
6854,15686099,Ruse,563,Espagne,Homme,61.0,1,41091.05,1,Oui,Non,53413.46,Oui
6855,15638607,Nwabugwu,546,France,Femme,52.0,2,0.0,1,Oui,Non,68666.185,Oui
6856,15596522,Meredith,692,France,Femme,42.0,2,0.0,2,Oui,Non,72611.465,Non
6857,15733491,McGregor,512,Allemagne,Femme,40.0,8,76768.785,2,Non,Non,11550.565,Non
6858,15775294,Weber,692,France,Femme,31.0,2,0.0,2,Oui,Non,45914.585,Oui
6859,15693814,Niu,806,Espagne,Homme,25.0,7,0.0,2,Oui,Non,9230.95,Non
6860,15681410,Korff,813,Allemagne,Femme,36.0,6,49044.045,1,Non,Oui,13343.61,Oui
6861,15755678,Kovalyov,534,,Homme,62.0,2,0.0,2,Non,Non,21381.56,Oui
6862,15632575,Moore,559,France,Femme,70.0,9,0.0,1,Oui,Oui,61498.38,Non
6863,15747222,Bentley,745,Espagne,Femme,35.0,8,0.0,2,Oui,Oui,58290.55,Non
6864,15748123,Chienezie,613,France,Homme,20.0,3,0.0,2,Oui,Oui,74806.885,Non
6865,15622911,Jude,759,France,Homme,42.0,4,52710.09,1,Non,Oui,,Non
6866,15764491,Greece,701,Espagne,Homme,35.0,10,79846.95,2,Oui,Oui,35586.82,Non
6867,15673591,Oluchukwu,842,France,Homme,44.0,3,70626.09,4,Non,Oui,64260.58,Oui
6868,15641170,Liang,640,Espagne,Homme,36.0,4,0.0,1,Non,Non,86508.23,Non
6869,15708650,Fullwood,727,France,Femme,31.0,2,26096.04,2,Non,Oui,80191.735,Non
6870,15656454,Le Gallienne,654,France,Homme,37.0,6,41784.275,1,Oui,Non,23523.36,Non
6871,15802909,Hu,706,Allemagne,Femme,56.0,3,69801.61,1,Oui,Oui,43191.805,Non
6872,15670172,Padovesi,622,France,Femme,30.0,4,53939.52,1,Non,Oui,98447.31,Non
6873,15705777,Real,710,Allemagne,Homme,49.0,10,64582.44,1,Oui,Oui,96633.36,Non
6874,15601274,Hsieh,667,Espagne,Femme,40.0,1,73251.035,1,Oui,Non,9581.445,Non
6875,15805212,Black,806,France,Femme,67.0,1,0.0,2,Non,Oui,51972.79,Non
6876,15657957,Hughes,602,Allemagne,Femme,26.0,8,56837.1,1,Oui,Non,98930.58,Oui
6877,15813946,Duffy,637,Allemagne,Homme,51.0,1,52341.415,1,Oui,Non,27633.48,Oui
6878,15654625,Wilson,495,Allemagne,Homme,39.0,8,60126.01,2,Oui,Oui,5080.115,Non
6879,15756920,Genovesi,576,France,Homme,63.0,9,35327.74,1,Non,Non,,Oui
6880,15802256,Yao,439,France,Homme,28.0,7,55488.115,2,Oui,Non,69263.48,Non
6881,15584967,Chiganu,596,Espagne,Homme,57.0,6,0.0,2,Oui,Oui,36201.0,Non
6882,15794868,Nnonso,599,Allemagne,Homme,40.0,10,68728.14,2,Oui,Oui,7056.555,Non
6883,15678067,Boyle,667,Espagne,Homme,45.0,3,0.0,2,Non,Non,81827.505,Non
6884,15618765,Ponomaryov,530,Allemagne,Femme,42.0,0,49974.225,1,Non,Oui,48669.31,Non
6885,15781326,Ford,636,France,Homme,35.0,9,47739.085,1,Non,Non,84643.37,Non
6886,15681206,Hsing,722,France,Femme,49.0,3,84098.83,1,Oui,Non,70382.785,Oui
6887,15648178,Lettiere,630,Allemagne,Femme,23.0,4,68982.255,1,Non,Oui,87285.275,Non
6888,15796230,Morley,642,Allemagne,Femme,36.0,2,62247.99,3,Oui,Oui,28952.11,Oui
6889,15768120,Brown,702,Allemagne,Homme,36.0,9,45280.24,2,Oui,Non,87134.435,Non
6890,15709016,North,687,Allemagne,Femme,47.0,1,45609.645,1,Non,Non,79422.745,Oui
6891,15583597,Ikedinachukwu,696,Espagne,Homme,47.0,1,53379.3,1,Oui,Oui,40295.59,Non
6892,15714241,Haddon,749,Espagne,Homme,,9,111133.815,1,Non,Non,50554.425,Oui
6893,15644551,Wimble,751,Espagne,Femme,37.0,3,49886.925,2,Oui,Non,27432.96,Non
6894,15661290,Hightower,785,Allemagne,Femme,38.0,9,53599.875,1,Non,Non,73199.255,Non
6895,15605327,Namatjira,607,France,Homme,35.0,2,0.0,2,Oui,Oui,57095.15,Non
6896,15632967,Feng,520,France,Homme,34.0,3,0.0,2,Oui,Oui,52351.98,Non
6897,15693162,Higgins,694,France,Femme,29.0,5,49856.935,1,Non,Non,56158.945,Non
6898,15586310,Ting,578,France,Homme,30.0,4,84731.045,1,Oui,Non,56093.555,Non
6899,15677249,Somadina,731,Espagne,Homme,42.0,9,50521.815,1,Oui,Oui,96087.76,Non
6900,15703117,Findlay,565,France,Femme,44.0,1,0.0,2,Non,Oui,44801.405,Non
6901,15681327,Akhtar,682,France,Homme,30.0,9,0.0,2,Oui,Oui,1026.71,Non
6902,15568162,Sung,527,Espagne,Homme,53.0,8,0.0,1,Oui,Oui,25855.785,Non
6903,15771442,Pennington,633,France,Homme,40.0,4,75289.0,1,Non,Oui,17335.31,Oui
6904,15786454,Moore,552,Espagne,Homme,55.0,3,0.0,1,Oui,Oui,20166.97,Non
6905,15643967,Chineze,652,France,Femme,37.0,4,46104.27,1,Non,Oui,98849.9,Oui
6906,15676433,Allan,707,France,Femme,36.0,6,0.0,1,Non,Non,49405.39,Non
6907,15608226,McMorran,513,Espagne,Homme,72.0,3,49451.53,1,Oui,Oui,40625.62,Non
6908,15592326,Baker,583,France,Homme,36.0,8,0.0,2,Non,Oui,2785.795,Non
6909,15716276,Kennedy,709,France,Femme,34.0,2,55834.84,1,Oui,Non,28514.83,Non
6910,15595010,Huang,694,Espagne,Femme,39.0,9,0.0,2,Non,Non,49962.02,Non
6911,15709447,Reed,584,France,Femme,26.0,0,73143.11,1,Oui,Non,52552.675,Non
6912,15616168,Ojiofor,610,France,Femme,35.0,7,40952.975,1,Oui,Oui,30811.595,Non
6913,15576990,Taplin,790,Allemagne,Femme,25.0,5,76442.885,1,Oui,Non,29107.395,Non
6914,15756975,Montemayor,777,Espagne,Femme,35.0,3,0.0,2,Oui,Oui,8628.86,Non
6915,15611800,Loggia,624,France,Femme,62.0,7,62581.81,2,Oui,Oui,75705.75,Non
6916,15661507,Muldrow,587,Espagne,Homme,45.0,6,0.0,1,Non,Non,79342.405,Non
6917,15760244,Ives,590,France,Femme,76.0,5,80489.84,1,Non,Oui,6924.29,Non
6918,15573730,Thompson,586,Allemagne,Homme,42.0,6,63352.245,2,Oui,Non,20841.15,Non
6919,15758775,Vasilyeva,820,Espagne,Homme,34.0,10,48604.23,1,Oui,Oui,29776.67,Non
6920,15573319,Azubuike,493,Allemagne,Femme,35.0,8,89158.8,1,Non,Non,,Non
6921,15769246,Lo Duca,813,Allemagne,Homme,59.0,2,67539.205,1,Oui,Non,93818.03,Oui
6922,15633108,Thorpe,646,France,Homme,26.0,4,69924.085,1,Oui,Non,82348.135,Non
6923,15769005,Hayward,709,France,Homme,49.0,4,77172.245,2,Oui,Oui,19397.285,Non
6924,15737556,Vasilyev,590,France,Homme,43.0,7,40538.4,2,Oui,Oui,91313.625,Oui
6925,15766734,Castiglione,430,France,Homme,31.0,5,0.0,1,Oui,Non,47827.58,Non
6926,15766417,McKinley,678,France,Femme,60.0,2,0.0,2,Oui,Oui,21910.78,Non
6927,15573628,Greene,751,Allemagne,Femme,51.0,7,74037.395,1,Oui,Non,73205.705,Oui
6928,15686743,Moody,790,Espagne,Homme,29.0,3,23028.98,2,Oui,Oui,94888.83,Non
6929,15709653,Hamilton,497,France,Homme,32.0,8,0.0,2,Oui,Non,33682.21,Non
6930,15622478,Greaves,698,France,Femme,40.0,7,52530.87,3,Oui,Non,53907.655,Oui
6931,15621075,Ogbonnaya,778,Allemagne,Femme,45.0,1,81075.21,2,Oui,Non,87265.635,Non
6932,15569572,Sopuluchi,778,France,Homme,42.0,6,0.0,2,Oui,Oui,53098.72,Non
6933,15810826,Chiekwugo,624,France,Homme,36.0,6,0.0,2,Non,Non,42374.98,Non
6934,15595221,Trevisano,850,Allemagne,Femme,33.0,7,67339.065,1,Oui,Non,56588.975,Non
6935,15775104,Gomes,697,France,Femme,38.0,1,91032.925,1,Oui,Non,24751.75,Non
6936,15649359,Somayina,587,France,Homme,36.0,1,0.0,2,Non,Oui,8567.8,Non
6937,15792228,Onwumelu,748,France,Homme,60.0,0,76167.85,1,Oui,Non,63371.665,Oui
6938,15720919,Duggan,667,France,Homme,42.0,7,0.0,1,Non,Oui,54174.47,Oui
6939,15647546,Carvosso,688,Allemagne,Femme,40.0,8,75339.855,2,Non,Oui,98113.19,Non
6940,15794122,Otutodilinna,713,France,Femme,59.0,3,0.0,2,Oui,Oui,31350.04,Non
6941,15624013,Maxwell,541,France,Femme,39.0,6,54922.405,1,Oui,Non,12644.615,Non
6942,15712176,Burke,816,France,Homme,31.0,8,0.0,2,Oui,Oui,14203.7,Non
6943,15642619,Mayne,603,Espagne,Homme,46.0,2,0.0,2,Oui,Non,87239.27,Non
6944,15746183,Pye,573,France,Femme,27.0,4,0.0,2,Oui,Oui,78774.8,Non
6945,15687385,McDowell,484,France,Homme,41.0,5,0.0,1,Oui,Oui,37133.675,Non
6946,15658768,Lucas,547,France,Femme,49.0,2,0.0,1,Non,Non,32733.465,Oui
6947,15693468,Simmons,488,Espagne,Femme,39.0,9,70276.73,1,Non,Non,6220.22,Non
6948,15658100,Piccio,695,France,Femme,42.0,0,0.0,2,Non,Oui,70362.32,Non
6949,15571843,Lawrence,486,Espagne,Homme,24.0,1,0.0,1,Oui,Non,,Non
6950,15679453,Hung,614,Allemagne,Femme,39.0,8,62998.61,1,Oui,Oui,64024.67,Oui
6951,15649430,White,723,France,Homme,28.0,4,0.0,2,Oui,Oui,61942.94,Non
6952,15711254,Retana,452,France,Femme,35.0,7,0.0,2,Oui,Non,,Non
6953,15662698,Ko,648,Espagne,Femme,43.0,7,40576.91,1,Oui,Oui,72266.425,Oui
6954,15664214,Hearn,670,France,Homme,33.0,2,70602.325,2,Oui,Non,38128.73,Non
6955,15690664,Liang,729,Espagne,Homme,37.0,10,0.0,2,Oui,Non,50431.27,Non
6956,15624229,Noble,694,France,Femme,22.0,4,0.0,2,Oui,Oui,5762.86,Non
6957,15801072,Hurst,654,France,Femme,28.0,7,0.0,2,Oui,Non,75658.185,Non
6958,15729975,Chidozie,613,France,Femme,46.0,8,83897.8,1,Non,Oui,22195.19,Non
6959,15631267,Lu,641,France,Homme,50.0,6,76795.365,2,Oui,Oui,65455.39,Non
6960,15781975,Rees,708,France,Homme,34.0,3,0.0,1,Non,Oui,60728.94,Oui
6961,15765457,Fowler,719,Espagne,Homme,35.0,1,50414.97,1,Oui,Oui,82504.485,Non
6962,15713094,Tai,651,France,Femme,25.0,8,0.0,2,Oui,Oui,63380.6,Non
6963,15694556,Nkemakolam,684,France,Homme,60.0,2,58281.79,1,Oui,Non,60128.85,Oui
6964,15658813,Siciliani,645,France,Femme,55.0,7,0.0,2,Oui,Oui,9184.665,Non
6965,15752186,Padovano,562,France,Femme,27.0,3,0.0,2,Oui,Non,14068.515,Non
6966,15775108,Lo Duca,571,France,Homme,34.0,1,49662.52,2,Non,Oui,93026.075,Non
6967,15784280,Reilly,686,Allemagne,Homme,35.0,2,54671.41,2,Non,Oui,43021.635,Non
6968,15723613,Jenkins,623,France,Femme,28.0,4,0.0,2,Oui,Non,20613.835,Non
6969,15781875,Jamieson,850,,Homme,33.0,3,50238.23,2,Oui,Oui,68269.565,Non
6970,15739476,Ferrari,680,France,Femme,32.0,5,0.0,1,Oui,Oui,75342.115,Non
6971,15665088,Gordon,531,France,Femme,42.0,2,0.0,2,Non,Oui,45268.735,Non
6972,15646817,Chiekwugo,769,France,Homme,51.0,9,78386.89,2,Oui,Non,20128.895,Non
6973,15701109,Andreyev,663,France,Femme,37.0,7,0.0,1,Oui,Oui,92605.315,Non
6974,15616931,Moore,653,France,Homme,41.0,8,51384.21,1,Oui,Non,27831.925,Non
6975,15756333,Khan,642,France,Femme,55.0,7,0.0,2,Oui,Oui,50757.88,Non
6976,15743617,Chesnokova,713,Allemagne,Homme,47.0,1,47997.49,1,Oui,Non,98764.615,Non
6977,15636388,Abrego,702,Allemagne,Femme,23.0,7,49387.615,1,Oui,Non,57301.98,Non
6978,15699446,Hobbs,816,Allemagne,Femme,25.0,2,75177.675,2,Oui,Oui,17885.42,Non
6979,15771087,Harrison,757,France,Femme,71.0,0,44042.065,2,Oui,Oui,77168.735,Non
6980,15612525,Preston,499,France,Femme,57.0,1,0.0,1,Non,Non,65686.19,Oui
6981,15809901,Johnstone,755,France,Homme,,8,0.0,2,Oui,Non,88404.935,Non
6982,15585287,Sal,842,Allemagne,Femme,35.0,9,59974.045,1,Oui,Non,24108.985,Oui
6983,15805676,Hsu,515,Espagne,Homme,29.0,4,75506.275,2,Oui,Non,4885.485,Non
6984,15810457,Miller,728,Allemagne,Femme,33.0,9,75206.07,2,Oui,Non,85382.04,Non
6985,15584037,Denisov,727,Allemagne,Homme,58.0,5,53456.715,1,Oui,Non,12940.5,Oui
6986,15607748,Bennett,498,Allemagne,Homme,37.0,8,54216.44,2,Oui,Oui,7432.525,Non
6987,15681402,Ngozichukwuka,763,Allemagne,Femme,61.0,1,33050.945,1,Oui,Oui,71990.635,Non
6988,15677052,Ko,589,France,Femme,59.0,2,0.0,2,Oui,Oui,63080.12,Oui
6989,15592229,Mullan,713,France,Femme,52.0,0,92945.77,1,Oui,Oui,23184.785,Oui
6990,15695299,Mordvinova,590,France,Femme,45.0,2,40914.11,1,Oui,Non,26083.985,Non
6991,15659094,Ojiofor,765,Allemagne,Femme,34.0,8,68364.755,2,Non,Non,23529.105,Non
6992,15766289,Dickinson,751,France,Homme,47.0,5,71334.965,2,Oui,Non,81380.48,Non
6993,15716284,Ward,543,France,Homme,43.0,9,0.0,2,Oui,Oui,39429.035,Non
6994,15795228,Stewart,756,France,Homme,37.0,3,66311.8,1,Oui,Oui,29487.0,Non
6995,15727384,Chukwuemeka,705,Allemagne,Femme,43.0,10,73273.89,1,Non,Oui,5036.275,Oui
6996,15702741,Potts,601,France,Homme,32.0,8,46506.445,1,Oui,Non,43478.71,Non
6997,15721207,Piazza,625,Allemagne,Homme,42.0,6,50023.665,1,Oui,Non,46714.975,Non
6998,15603246,Genovesi,498,France,Homme,73.0,2,85120.85,2,Oui,Oui,82703.98,Non
6999,15734674,Lin,593,France,Femme,41.0,6,0.0,1,Oui,Non,32585.33,Non
7000,15662574,Brady,636,Espagne,Homme,37.0,1,57568.63,1,Oui,Non,26242.005,Non
7001,15782993,Pan,624,France,Homme,51.0,10,61700.715,2,Oui,Oui,63912.625,Non
7002,15640442,Standish,717,France,Homme,31.0,4,64861.285,1,Non,Non,20588.3,Non
7003,15606003,Abramowitz,566,France,Femme,21.0,3,0.0,2,Oui,Oui,1813.235,Non
7004,15672374,Pai,672,France,Homme,52.0,8,85004.42,1,Non,Non,28203.71,Oui
7005,15630725,Johnson,649,France,Femme,45.0,5,46393.33,1,Oui,Non,86682.95,Oui
7006,15812338,Sopuluchukwu,485,Espagne,Femme,30.0,7,0.0,1,Oui,Non,53533.685,Non
7007,15622470,Yeh,772,Espagne,Homme,41.0,10,48016.11,1,Oui,Oui,37912.785,Non
7008,15690021,Martin,502,Allemagne,Femme,42.0,0,66001.35,1,Non,Oui,14102.49,Oui
7009,15777855,Manna,649,France,Homme,45.0,7,0.0,2,Non,Oui,37602.105,Non
7010,15577985,Chinomso,574,France,Femme,34.0,5,56162.225,2,Oui,Oui,8996.715,Non
7011,15619340,Obijiaku,597,Espagne,Homme,38.0,1,0.0,2,Oui,Non,20651.645,Non
7012,15683522,Kennedy,678,Allemagne,Femme,37.0,2,56691.535,1,Oui,Oui,67561.98,Non
7013,15594556,Chuter,619,Espagne,Homme,52.0,8,0.0,2,Oui,Oui,61621.055,Non
7014,15708534,Afamefuna,524,Espagne,Femme,64.0,5,0.0,1,Oui,Non,68039.82,Oui
7015,15733872,Marino,791,Allemagne,Femme,33.0,10,65114.855,2,Non,Non,27009.965,Oui
7016,15572767,Shelby,777,France,Homme,29.0,2,0.0,2,Oui,Non,62244.94,Non
7017,15594409,Belov,710,France,Homme,45.0,1,0.0,2,Oui,Oui,18077.33,Non
7018,15573309,Ward,626,,Femme,48.0,2,0.0,2,Oui,Oui,47897.49,Non
7019,15595592,Lai,708,France,Femme,59.0,2,0.0,1,Oui,Non,89836.555,Oui
7020,15604588,Li Fonti,850,Espagne,Femme,38.0,3,0.0,2,Non,Oui,89680.38,Non
7021,15749345,Simpson,468,France,Femme,22.0,1,38159.32,1,Oui,Oui,97391.56,Non
7022,15792668,Hamilton,661,Allemagne,Homme,37.0,7,54954.03,2,Oui,Non,57518.835,Oui
7023,15654878,Yobanna,450,France,Homme,29.0,7,58599.9,1,Oui,Oui,21740.315,Non
7024,15664668,Zarate,534,France,Femme,42.0,9,72400.985,1,Non,Oui,6241.695,Oui
7025,15598744,Ch'ang,576,Allemagne,Femme,71.0,6,70136.735,1,Oui,Oui,96567.625,Oui
7026,15625904,Wang,624,France,Homme,26.0,9,37340.95,2,Non,Non,15615.675,Non
7027,15697311,Nebechukwu,697,Espagne,Homme,56.0,5,55401.015,1,Oui,Oui,25115.155,Oui
7028,15681081,Marrero,545,Espagne,Femme,47.0,5,0.0,2,Oui,Oui,19485.07,Non
7029,15644796,Dyer,821,Espagne,Femme,38.0,8,0.0,2,Non,Oui,,Oui
7030,15617877,Jessop,607,France,Homme,44.0,0,0.0,2,Oui,Oui,40570.045,Non
7031,15709396,Hale,801,France,Homme,42.0,6,0.0,2,Oui,Oui,47902.165,Non
7032,15767432,Ts'ai,711,France,Femme,25.0,7,0.0,3,Oui,Oui,4839.64,Non
7033,15703979,Evans,580,Allemagne,Homme,39.0,3,59844.405,1,Oui,Non,68520.63,Non
7034,15570060,Palerma,586,France,Femme,43.0,8,66279.13,1,Oui,Non,,Oui
7035,15579074,Obiajulu,619,Allemagne,Homme,38.0,10,42325.895,1,Oui,Oui,92377.13,Non
7036,15590199,Temple,701,Espagne,Homme,28.0,1,51710.66,1,Non,Oui,38152.365,Non
7037,15772337,Lawrence,723,Allemagne,Femme,49.0,0,76927.76,1,Oui,Oui,90431.13,Oui
7038,15787151,Liao,638,France,Femme,34.0,7,0.0,2,Oui,Oui,99484.89,Non
7039,15794356,Toscani,641,Allemagne,Homme,42.0,3,60882.685,2,Oui,Oui,83258.42,Non
7040,15752626,Genovese,553,France,Homme,32.0,7,32041.045,1,Non,Oui,54579.79,Non
7041,15659736,Herbert,716,Allemagne,Homme,66.0,5,60705.95,1,Non,Non,5035.2,Oui
7042,15795166,Creswell,618,Allemagne,Homme,42.0,8,76786.155,2,Oui,Oui,38339.8,Non
7043,15569526,Morales,601,France,Homme,40.0,10,49313.565,2,Non,Non,38988.845,Non
7044,15576162,King,615,France,Homme,32.0,7,46099.92,1,Oui,Oui,1377.765,Non
7045,15592937,Napolitani,632,Allemagne,Femme,41.0,3,40938.69,1,Oui,Oui,16821.105,Non
7046,15812920,Nwabugwu,607,Allemagne,Homme,40.0,5,45297.275,1,Non,Oui,90799.125,Non
7047,15744517,Esposito,735,Espagne,Homme,50.0,9,0.0,1,Non,Non,83338.675,Oui
7048,15618171,James,669,,Femme,33.0,9,0.0,2,Non,Oui,53610.515,Non
7049,15611961,Stewart,615,France,Homme,35.0,7,0.0,2,Oui,Non,75392.145,Non
7050,15703354,Aksenov,808,France,Femme,33.0,2,51758.435,1,Oui,Non,56953.9,Non
7051,15590966,Lo,729,Allemagne,Femme,42.0,4,48747.9,2,Non,Non,1001.25,Non
7052,15700353,Evans,662,France,Femme,,6,0.0,2,Oui,Non,25614.585,Non
7053,15615931,Aitken,746,France,Femme,37.0,4,0.0,2,Non,Oui,85519.78,Non
7054,15807120,Oluchukwu,841,Allemagne,Femme,,3,56191.515,1,Oui,Non,42758.185,Oui
7055,15714087,McGill,624,Allemagne,Femme,45.0,5,75927.665,1,Oui,Non,34397.075,Non
7056,15646513,Spyer,803,France,Homme,42.0,5,0.0,1,Oui,Non,98233.415,Oui
7057,15726490,Kirby,782,Espagne,Homme,52.0,4,0.0,1,Oui,Oui,26379.91,Oui
7058,15572428,Rieke,717,Allemagne,Femme,33.0,0,57888.615,1,Oui,Oui,40754.05,Non
7059,15607753,Alexandrova,606,Espagne,Femme,23.0,10,35208.895,1,Non,Oui,45448.02,Non
7060,15736397,Wang,544,France,Homme,23.0,1,48235.6,1,Oui,Non,17775.485,Non
7061,15690731,Wolfe,645,France,Homme,40.0,6,65705.62,1,Oui,Oui,97328.055,Non
7062,15612505,Joseph,835,Espagne,Homme,45.0,3,50106.065,1,Oui,Non,76288.81,Non
7063,15628824,Burton,665,France,Femme,37.0,5,80194.91,1,Non,Oui,91771.04,Non
7064,15780056,Reid,660,Espagne,Homme,33.0,4,0.0,1,Oui,Non,14832.225,Non
7065,15814405,Chesnokova,418,France,Femme,46.0,9,0.0,1,Oui,Oui,40507.25,Oui
7066,15691792,Young,416,Espagne,Homme,35.0,8,0.0,1,Non,Non,59856.39,Non
7067,15641582,Chibugo,735,Allemagne,Homme,43.0,10,61590.005,2,Oui,Oui,,Non
7068,15773273,Runyon,730,Espagne,Homme,38.0,5,59433.18,1,Oui,Oui,81658.75,Non
7069,15619360,Hsiao,472,Espagne,Homme,40.0,4,0.0,1,Oui,Non,35077.11,Non
7070,15613097,Kao,605,France,Femme,33.0,4,0.0,2,Non,Oui,41850.33,Non
7071,15774151,Iadanza,614,Espagne,Femme,41.0,7,89957.925,1,Non,Non,7333.175,Oui
7072,15815095,Burfitt,850,,Homme,54.0,7,54092.905,2,Non,Non,12046.7,Oui
7073,15566543,Aldridge,573,,Homme,44.0,9,0.0,2,Oui,Non,53562.085,Non
7074,15613816,Mao,539,Espagne,Femme,39.0,6,31026.14,1,Non,Oui,29877.57,Non
7075,15699830,Doherty,721,France,Femme,40.0,7,0.0,2,Oui,Oui,61290.24,Non
7076,15643426,Robertson,523,Espagne,Femme,36.0,8,56840.27,1,Non,Non,6598.72,Non
7077,15718242,Wollstonecraft,725,Allemagne,Femme,47.0,1,52443.715,1,Non,Non,43311.28,Oui
7078,15595447,Tuan,613,Espagne,Homme,39.0,8,59100.705,1,Oui,Non,11657.795,Non
7079,15612092,Palmer,646,Allemagne,Homme,32.0,8,52698.9,1,Oui,Non,39055.92,Oui
7080,15662243,Taylor,559,France,Homme,50.0,5,81351.175,1,Non,Non,75274.25,Oui
7081,15682600,Lo,620,Allemagne,Homme,39.0,9,79746.395,1,Oui,Non,40291.17,Oui
7082,15803032,Yen,599,Allemagne,Homme,38.0,9,44555.815,1,Non,Non,78619.8,Non
7083,15769783,Allan,542,Espagne,Homme,37.0,8,0.0,1,Oui,Oui,403.53,Non
7084,15769522,O'Connor,734,France,Homme,51.0,1,59268.735,1,Oui,Oui,58456.225,Non
7085,15779973,Gibbons,684,Allemagne,Homme,35.0,3,49983.88,1,Oui,Oui,88441.04,Non
7086,15681550,Lablanc,614,France,Femme,41.0,8,60779.23,1,Oui,Oui,299.4,Non
7087,15680112,Stewart,473,Allemagne,Femme,35.0,7,65752.365,1,Oui,Non,94780.215,Non
7088,15715078,Nkemakolam,584,France,Homme,35.0,6,80806.97,2,Oui,Oui,,Non
7089,15723153,Wearing,708,Espagne,Homme,33.0,3,0.0,2,Oui,Non,69306.605,Non
7090,15605965,Henderson,630,France,Homme,43.0,9,0.0,2,Oui,Oui,17169.02,Non
7091,15644103,Wells,659,Espagne,Homme,78.0,2,75837.825,1,Non,Oui,,Non
7092,15694237,McEwan,744,Espagne,Homme,39.0,4,47580.875,1,Oui,Non,9704.885,Non
7093,15757015,Davies,783,Allemagne,Femme,41.0,5,53320.25,1,Oui,Non,,Non
7094,15600399,Trentino,598,France,Homme,60.0,4,0.0,1,Oui,Non,98863.57,Oui
7095,15765650,Chigolum,501,Allemagne,Homme,40.0,5,57327.79,1,Non,Non,63267.96,Non
7096,15642821,Ijendu,383,Espagne,Femme,48.0,8,47904.095,1,Non,Non,68851.005,Oui
7097,15600813,Hyde,717,France,Homme,50.0,9,45152.88,1,Oui,Oui,62313.285,Non
7098,15782089,Mullen,685,France,Homme,33.0,6,0.0,1,Oui,Non,29229.13,Non
7099,15765415,King,609,,Femme,45.0,4,44561.15,1,Oui,Oui,99628.49,Non
7100,15806049,Lee,714,Allemagne,Femme,49.0,5,70255.445,1,Oui,Non,70957.47,Non
7101,15684921,Onuchukwu,792,Espagne,Homme,25.0,8,71431.105,1,Oui,Oui,65319.505,Non
7102,15614929,Cheng,508,Allemagne,Homme,28.0,0,48106.91,2,Oui,Non,73956.78,Non
7103,15668853,Menhennitt,637,Espagne,Femme,44.0,0,78811.29,1,Oui,Oui,60227.1,Non
7104,15812918,Scott,432,France,Femme,27.0,6,31169.905,2,Non,Non,26937.335,Non
7105,15696834,Cone,530,France,Femme,29.0,5,0.0,2,Non,Non,60725.605,Non
7106,15565714,Cattaneo,601,France,Homme,47.0,1,32215.03,2,Non,Oui,48258.985,Non
7107,15594450,Tomlinson,695,France,Homme,49.0,9,79729.265,1,Oui,Non,67920.675,Non
7108,15788536,Armit,755,Allemagne,Homme,40.0,2,68715.41,2,Non,Non,88384.295,Non
7109,15598088,Ni,559,Espagne,Homme,25.0,5,0.0,2,Oui,Oui,81610.61,Non
7110,15749114,Bailey,634,Espagne,Homme,35.0,3,0.0,2,Oui,Oui,9757.74,Non
7111,15794236,Thorpe,642,Allemagne,Homme,22.0,10,55906.26,2,Oui,Oui,91522.73,Non
7112,15766667,Langler,717,Espagne,Homme,36.0,2,51494.915,2,Non,Oui,24592.785,Non
7113,15786418,Chiu,546,France,Femme,20.0,6,0.0,1,Non,Oui,10254.425,Non
7114,15716328,Miller,501,France,Femme,40.0,2,0.0,2,Non,Non,70973.46,Non
7115,15776156,Dolgorukova,521,France,Homme,27.0,4,60662.92,1,Oui,Oui,82111.85,Oui
7116,15622834,Stevenson,678,France,Femme,35.0,4,0.0,1,Oui,Non,62759.16,Non
7117,15668893,Wilsmore,782,France,Homme,39.0,8,0.0,2,Oui,Oui,16974.835,Non
7118,15677382,Miller,625,Espagne,Femme,69.0,1,53784.98,1,Oui,Oui,,Non
7119,15680970,Lombardi,611,Allemagne,Femme,41.0,2,57103.42,1,Oui,Non,82030.8,Non
7120,15702277,Smith,650,France,Homme,34.0,4,53002.77,1,Non,Oui,71497.66,Non
7121,15640258,Chou,685,France,Femme,50.0,6,47119.375,2,Oui,Oui,25332.035,Oui
7122,15677550,Folliero,755,France,Femme,38.0,1,0.0,2,Oui,Non,10367.405,Non
7123,15613945,Andrews,472,France,Femme,26.0,5,0.0,2,Oui,Non,54205.83,Non
7124,15640377,Goloubev,526,France,Femme,36.0,0,0.0,2,Oui,Non,48883.815,Non
7125,15750867,Nucci,489,Allemagne,Femme,46.0,8,46030.03,1,Oui,Non,73611.475,Oui
7126,15734085,Crocker,465,Allemagne,Homme,24.0,5,58577.45,1,Oui,Oui,,Non
7127,15727915,Artemiev,507,France,Homme,36.0,4,41771.685,1,Non,Non,70067.215,Non
7128,15767908,Nicholson,567,France,Homme,38.0,6,63839.4,2,Non,Non,22711.445,Non
7129,15608804,Allan,824,Allemagne,Homme,49.0,8,66615.74,1,Oui,Oui,33942.685,Non
7130,15724944,Tien,663,,Homme,34.0,7,0.0,2,Oui,Oui,90213.62,Non
7131,15668818,Chidubem,592,Espagne,Femme,40.0,2,100161.225,1,Oui,Oui,56622.365,Non
7132,15629390,Liao,653,France,Homme,37.0,7,67923.735,1,Oui,Non,72440.405,Non
7133,15606232,Holloway,621,Espagne,Femme,36.0,7,58169.34,1,Oui,Oui,77871.74,Non
7134,15808228,Tuan,768,Espagne,Femme,44.0,6,30301.7,1,Oui,Oui,,Non
7135,15749693,Ugonnatubelum,658,France,Femme,32.0,9,0.0,2,Oui,Non,78387.375,Non
7136,15656901,Nnonso,615,France,Homme,59.0,8,0.0,2,Oui,Oui,82788.275,Non
7137,15796764,Bruno,684,Allemagne,Femme,56.0,3,63792.99,3,Oui,Oui,40296.745,Oui
7138,15814750,Ricci,629,Espagne,Homme,34.0,8,0.0,2,Oui,Oui,90297.51,Non
7139,15605020,Schofield,651,France,Homme,45.0,2,82950.795,2,Oui,Non,11527.255,Oui
7140,15698117,Jerger,701,Allemagne,Homme,41.0,0,75422.47,1,Non,Oui,63811.68,Non
7141,15698510,Onwudiwe,468,Allemagne,Homme,42.0,9,90813.57,2,Oui,Non,86334.195,Non
7142,15698349,Davy,686,Espagne,Femme,35.0,4,0.0,2,Oui,Oui,79838.275,Non
7143,15748995,Ifeajuna,691,Espagne,Homme,30.0,9,0.0,2,Non,Oui,5481.52,Non
7144,15753549,Dubinina,669,France,Homme,25.0,1,78924.265,1,Non,Non,18771.965,Oui
7145,15723717,Heath,483,Allemagne,Homme,41.0,1,59167.22,1,Non,Non,81573.995,Oui
7146,15766355,Lettiere,550,Allemagne,Homme,49.0,0,54403.48,3,Oui,Non,30723.46,Oui
7147,15665008,Sidorov,805,Allemagne,Femme,,8,21356.435,2,Oui,Oui,14430.845,Non
7148,15662976,Lettiere,637,Espagne,Homme,37.0,8,0.0,1,Oui,Oui,93031.18,Non
7149,15604813,Zaytseva,494,,Homme,40.0,7,0.0,2,Non,Oui,79035.845,Non
7150,15621140,Nwebube,644,Espagne,Homme,37.0,9,0.0,2,Oui,Oui,48221.43,Non
7151,15783659,Blackburn,659,,Homme,67.0,4,72990.935,1,Oui,Oui,65521.6,Non
7152,15747345,Bergamaschi,678,France,Femme,22.0,6,59032.465,2,Oui,Oui,97712.005,Non
7153,15682563,Larionova,618,Espagne,Homme,38.0,5,63236.995,1,Oui,Non,45986.245,Non
7154,15798200,Manna,707,France,Homme,35.0,2,0.0,3,Oui,Oui,47074.15,Non
7155,15788151,Moore,650,Espagne,Homme,32.0,1,66093.865,2,Oui,Oui,89165.68,Non
7156,15805884,Archer,637,France,Femme,41.0,9,0.0,2,Oui,Non,72738.68,Non
7157,15783477,Biryukov,706,Allemagne,Femme,39.0,8,56444.955,1,Non,Oui,3361.83,Non
7158,15607065,Chinedum,765,France,Homme,34.0,9,45917.58,1,Non,Non,69140.085,Non
7159,15735358,Dowse,682,Espagne,Homme,46.0,4,0.0,1,Oui,Oui,2327.14,Non
7160,15611088,Genovese,790,France,Femme,31.0,9,0.0,2,Oui,Non,42063.375,Non
7161,15584749,Humphries,668,Allemagne,Homme,39.0,4,39948.0,1,Oui,Non,19233.195,Non
7162,15751158,Mashman,571,France,Femme,42.0,4,54412.67,3,Oui,Non,27779.255,Oui
7163,15808784,Hess,835,France,Homme,28.0,2,81784.805,2,Oui,Oui,77279.64,Non
7164,15798398,Pagnotto,785,France,Femme,36.0,4,67719.2,1,Non,Non,95313.505,Non
7165,15762762,Onyekachukwu,648,Allemagne,Femme,45.0,5,59443.275,1,Non,Non,25818.35,Non
7166,15720713,Chibueze,850,France,Femme,29.0,10,0.0,2,Oui,Oui,99887.835,Non
7167,15800961,Ugorji,627,Allemagne,Homme,52.0,1,38050.905,2,Non,Oui,88619.175,Non
7168,15617320,Palermo,693,Espagne,Femme,46.0,3,75854.665,1,Oui,Non,90368.12,Non
7169,15678427,Genovese,696,Allemagne,Femme,27.0,2,48064.66,2,Oui,Oui,2991.85,Non
7170,15597949,Gilbert,768,Allemagne,Femme,47.0,5,52276.305,1,Oui,Non,24068.54,Oui
7171,15579777,Sazonova,850,France,Homme,41.0,3,0.0,2,Oui,Non,64446.18,Non
7172,15753370,McDonald,691,Allemagne,Femme,38.0,5,57376.88,1,Oui,Non,53832.51,Non
7173,15737506,Tretiakova,645,France,Homme,42.0,6,0.0,1,Non,Non,74903.505,Non
7174,15648075,Hebert,686,Allemagne,Femme,47.0,5,85467.97,1,Oui,Non,86589.895,Oui
7175,15679145,Chou,706,Espagne,Homme,57.0,7,0.0,1,Oui,Non,8970.58,Oui
7176,15664543,Shaw,699,France,Homme,40.0,7,0.0,1,Non,Oui,76438.065,Oui
7177,15578878,Hancock,569,Espagne,Femme,30.0,3,69764.115,1,Oui,Oui,16615.185,Non
7178,15801821,Cookson,691,France,Homme,38.0,1,0.0,2,Non,Non,22326.75,Non
7179,15649744,Fallaci,628,France,Femme,51.0,3,61990.655,2,Oui,Oui,20273.075,Non
7180,15625905,Griffen,592,Espagne,Homme,41.0,0,0.0,2,Oui,Non,32953.035,Non
7181,15769516,Shcherbakov,674,France,Femme,42.0,9,0.0,2,Oui,Non,2146.36,Non
7182,15772798,Chikezie,711,Espagne,Femme,28.0,5,0.0,2,Oui,Oui,46979.98,Non
7183,15571973,Chinwemma,776,France,Femme,,2,84912.23,1,Oui,Non,84645.85,Non
7184,15715796,Romani,728,France,Homme,37.0,0,0.0,2,Oui,Oui,36101.9,Non
7185,15790782,Baryshnikov,661,Espagne,Homme,39.0,6,66314.49,1,Non,Non,19406.335,Non
7186,15606274,Lori,594,Allemagne,Homme,38.0,6,31588.22,2,Oui,Oui,7233.04,Non
7187,15622774,Kao,648,France,Homme,34.0,0,0.0,1,Oui,Oui,83965.905,Non
7188,15754053,Chung,718,France,Femme,67.0,7,0.0,3,Oui,Oui,41391.04,Non
7189,15806570,Y?an,763,France,Femme,53.0,4,0.0,1,Oui,Non,38601.86,Oui
7190,15789379,Zetticci,762,France,Homme,26.0,6,65214.39,1,Oui,Non,86682.945,Non
7191,15697000,Mello,728,Allemagne,Homme,32.0,5,30912.75,1,Oui,Oui,78062.465,Non
7192,15721835,Owen,791,Espagne,Homme,25.0,7,0.0,1,Oui,Non,44833.14,Non
7193,15762984,McIntosh,648,Espagne,Homme,35.0,7,0.0,2,Non,Non,61449.505,Non
7194,15787693,Kharlamov,559,Espagne,Homme,38.0,3,72937.175,1,Oui,Non,28155.695,Oui
7195,15571281,Ts'ao,651,France,Homme,28.0,10,39781.49,1,Oui,Oui,37343.685,Non
7196,15700511,Hanson,708,Allemagne,Homme,42.0,9,88351.18,2,Oui,Oui,52402.37,Non
7197,15620577,Wood,715,France,Homme,45.0,4,0.0,2,Oui,Oui,27521.965,Non
7198,15589230,Wu,612,France,Femme,63.0,2,63236.665,1,Non,Oui,73772.825,Non
7199,15781409,Lazarev,834,France,Femme,28.0,6,0.0,1,Oui,Non,37143.765,Non
7200,15757952,Teng,651,France,Homme,44.0,2,0.0,3,Oui,Non,51265.175,Oui
7201,15648638,Chia,629,Espagne,Homme,34.0,6,0.0,2,Oui,Non,95173.86,Non
7202,15778025,Dellucci,685,Allemagne,Homme,43.0,9,54294.735,2,Non,Oui,97404.255,Non
7203,15807595,Ijendu,485,Allemagne,Homme,51.0,7,72122.295,2,Oui,Non,25556.57,Non
7204,15791674,Sutherland,846,France,Femme,34.0,10,71194.305,2,Non,Oui,,Oui
7205,15772604,Chiemezie,578,Espagne,Homme,36.0,1,78633.975,2,Oui,Non,70766.595,Non
7206,15721377,Chou,833,France,Femme,34.0,3,72375.905,1,Non,Non,83236.405,Non
7207,15804937,Cambage,702,France,Homme,50.0,3,0.0,2,Non,Non,47474.92,Non
7208,15695356,Chinwemma,722,France,Homme,46.0,5,0.0,2,Oui,Non,89954.355,Non
7209,15575679,Lori,590,France,Homme,24.0,7,63215.77,1,Oui,Non,29390.555,Non
7210,15572291,Kao,825,France,Homme,40.0,6,66154.11,1,Non,Non,58561.25,Non
7211,15714920,Balashov,585,Allemagne,Homme,44.0,7,81933.93,1,Oui,Oui,56166.61,Non
7212,15756475,Kenniff,551,Allemagne,Homme,31.0,9,41146.91,2,Oui,Oui,45782.625,Non
7213,15621432,Lee,630,Espagne,Homme,35.0,1,0.0,2,Non,Non,93413.11,Non
7214,15761775,Myers,598,Allemagne,Homme,20.0,8,90146.92,2,Oui,Oui,14776.35,Non
7215,15680998,Nwankwo,725,France,Homme,44.0,5,0.0,1,Oui,Oui,58678.07,Non
7216,15696047,Chimezie,501,France,Homme,35.0,6,49880.42,1,Oui,Oui,6795.76,Non
7217,15731829,Simmons,616,France,Homme,34.0,10,0.0,2,Oui,Non,12831.135,Non
7218,15595991,Hsiung,585,France,Homme,54.0,8,43552.66,1,Oui,Oui,,Non
7219,15723658,Voronina,712,Espagne,Femme,30.0,6,0.0,2,Oui,Non,76208.985,Non
7220,15664504,Beede,418,France,Homme,35.0,7,0.0,2,Oui,Oui,44439.075,Non
7221,15603794,Pugliesi,623,France,Homme,48.0,5,59234.69,1,Oui,Oui,79295.125,Non
7222,15666032,Mancini,568,,Homme,28.0,1,63644.64,1,Non,Non,22805.755,Non
7223,15718531,Ukaegbunam,554,France,Femme,35.0,8,0.0,2,Oui,Oui,88389.73,Non
7224,15614847,Townsend,674,France,Femme,45.0,6,36247.345,1,Non,Oui,70020.89,Non
7225,15773283,Dennis,641,France,Homme,65.0,6,19170.01,1,Oui,Non,16303.885,Oui
7226,15682868,Elliott,850,,Femme,40.0,9,49908.23,1,Oui,Oui,81994.83,Oui
7227,15699524,Howells,466,France,Femme,30.0,3,0.0,1,Oui,Non,96992.3,Non
7228,15651450,Panicucci,666,Allemagne,Homme,31.0,3,61606.04,2,Oui,Oui,56078.655,Non
7229,15594827,Glasgow,675,France,Homme,34.0,1,62309.665,2,Non,Oui,81833.78,Non
7230,15697095,Zetticci,705,Espagne,Homme,46.0,7,0.0,2,Oui,Non,58636.675,Non
7231,15700696,Kang,738,Espagne,Homme,,9,39509.9,1,Oui,Oui,9303.115,Non
7232,15641359,Shao,662,Espagne,Femme,35.0,6,0.0,2,Non,Non,1211.95,Oui
7233,15601627,Siciliano,587,France,Homme,33.0,8,74081.785,1,Non,Non,61462.7,Non
7234,15624423,Liu,850,France,Homme,28.0,8,49993.49,1,Oui,Non,98291.275,Non
7235,15800268,Costa,825,Allemagne,Homme,37.0,6,59025.395,1,Non,Oui,26150.575,Non
7236,15570932,Pirozzi,666,France,Homme,43.0,7,68890.37,2,Oui,Oui,59550.025,Oui
7237,15780432,Shen,728,France,Homme,37.0,3,61344.755,2,Non,Non,53488.765,Oui
7238,15655082,Pape,607,France,Femme,48.0,4,56035.43,3,Oui,Non,86784.15,Oui
7239,15808960,Alleyne,620,Allemagne,Homme,40.0,5,54098.555,2,Oui,Non,24861.17,Non
7240,15777315,Hill,529,France,Homme,43.0,6,46808.175,2,Non,Non,49174.33,Non
7241,15607827,Nebechukwu,711,Allemagne,Homme,34.0,4,66733.885,2,Oui,Oui,,Non
7242,15661275,Wynn,532,Allemagne,Homme,52.0,3,55395.985,1,Oui,Non,74352.385,Oui
7243,15601012,Abdullah,802,France,Femme,60.0,3,46443.53,1,Oui,Non,19736.815,Oui
7244,15729489,Hyde,762,Allemagne,Femme,34.0,8,49296.44,1,Non,Oui,95895.145,Oui
7245,15685500,Glazkov,772,Allemagne,Homme,26.0,7,76200.255,2,Oui,Non,39707.0,Non
7246,15576676,Serrano,706,Allemagne,Femme,28.0,6,62461.675,2,Oui,Oui,25149.57,Non
7247,15694628,Walker,686,Allemagne,Femme,39.0,4,78865.8,2,Oui,Non,81410.3,Non
7248,15697283,Mackenzie,578,Espagne,Homme,23.0,8,0.0,2,Oui,Non,56062.49,Non
7249,15603328,Lucchesi,483,France,Homme,27.0,1,38902.83,1,Oui,Oui,1050.945,Non
7250,15601026,Gallagher,572,,Femme,,1,69328.54,1,Oui,Oui,8080.91,Non
7251,15792107,Black,719,Espagne,Femme,35.0,8,0.0,1,Oui,Oui,82581.2,Non
7252,15727408,Koo,523,Allemagne,Homme,,8,30844.305,2,Oui,Non,73529.58,Non
7253,15662397,Small,640,France,Femme,42.0,5,88049.565,1,Oui,Oui,4202.365,Non
7254,15755798,Feng,610,France,Homme,33.0,4,55791.055,1,Non,Non,56971.585,Non
7255,15777772,Whittaker,650,Espagne,Homme,55.0,9,59809.21,1,Oui,Oui,14930.565,Non
7256,15811261,Alaniz,617,Espagne,Homme,42.0,0,35052.935,1,Oui,Oui,60415.365,Non
7257,15712813,Nevzorova,520,Allemagne,Homme,43.0,3,75402.585,3,Non,Oui,12666.515,Oui
7258,15700366,Burton,669,France,Homme,39.0,3,59726.015,1,Oui,Oui,85787.77,Non
7259,15740458,Murphy,703,Espagne,Homme,36.0,7,67547.735,1,Oui,Non,71929.83,Non
7260,15640917,Tang,633,France,Homme,43.0,5,0.0,2,Oui,Oui,24124.94,Non
7261,15802274,Waters,686,France,Femme,44.0,7,27526.81,1,Oui,Non,90878.595,Non
7262,15718843,Maslova,769,Espagne,Homme,41.0,1,36254.955,1,Oui,Non,12861.865,Non
7263,15782096,Volkova,616,Espagne,Femme,36.0,6,0.0,1,Oui,Oui,7892354.0,Oui
7264,15792176,Henty,698,Espagne,Femme,40.0,0,46026.72,1,Oui,Oui,71840.915,Non
7265,15790846,Ts'ai,634,Allemagne,Homme,38.0,2,74215.275,1,Oui,Oui,28027.86,Non
7266,15745623,Worsnop,788,France,Homme,32.0,4,56039.79,1,Non,Non,44684.295,Non
7267,15771636,Marshall,793,Espagne,Femme,36.0,0,0.0,1,Non,Non,74496.735,Non
7268,15730590,Ko,738,Allemagne,Femme,,1,57704.59,2,Non,Non,90228.4,Non
7269,15689237,Shaw,471,France,Femme,27.0,4,0.0,2,Oui,Non,61321.045,Non
7270,15731166,Macleod,743,France,Femme,30.0,1,63511.695,1,Oui,Oui,69390.445,Non
7271,15732020,Rutherford,610,,Homme,57.0,6,53469.055,2,Non,Oui,93306.235,Non
7272,15653147,Boyle,594,France,Homme,35.0,2,66926.635,1,Oui,Oui,32680.83,Non
7273,15654959,Hope,670,Espagne,Homme,67.0,6,79359.785,1,Oui,Oui,59303.7,Non
7274,15579334,Watkins,769,Allemagne,Femme,45.0,5,63337.405,1,Oui,Non,62059.355,Oui
7275,15783007,Parker,520,Allemagne,Femme,45.0,1,61543.195,1,Oui,Oui,20521.2,Oui
7276,15709459,Oluchi,698,Espagne,Femme,63.0,5,0.0,1,Oui,Oui,86788.355,Non
7277,15619857,Crawford,605,France,Femme,64.0,2,64777.85,1,Oui,Oui,6800.895,Non
7278,15732884,Trevisano,676,France,Homme,,7,65979.93,1,Non,Non,94634.405,Non
7279,15758750,Iweobiegbunam,564,France,Homme,31.0,0,55263.585,1,Oui,Oui,43530.385,Non
7280,15720745,Murray,635,Espagne,Homme,24.0,4,70098.59,1,Oui,Oui,71467.915,Non
7281,15666823,Nebechi,425,France,Homme,39.0,4,0.0,2,Oui,Non,98613.16,Non
7282,15650424,Bryant,641,France,Femme,48.0,3,73670.715,1,Oui,Oui,78729.305,Oui
7283,15734365,Hsueh,579,France,Homme,39.0,5,0.0,2,Non,Oui,19945.92,Non
7284,15789874,Wang,712,France,Femme,29.0,3,43687.89,2,Non,Non,83097.265,Non
7285,15629078,Matthias,850,Allemagne,Femme,45.0,5,63629.395,1,Oui,Oui,96372.115,Oui
7286,15584452,Bozeman,667,France,Homme,41.0,6,0.0,2,Non,Non,83590.885,Non
7287,15692106,Rose,606,Espagne,Femme,25.0,3,73693.36,3,Oui,Non,22741.02,Oui
7288,15750803,Jess,693,France,Femme,30.0,6,63996.125,1,Oui,Oui,25228.6,Non
7289,15792818,Perry,499,Allemagne,Femme,29.0,6,74025.76,1,Oui,Non,,Non
7290,15666200,Lombardo,689,France,Femme,40.0,1,0.0,2,Oui,Oui,59723.32,Non
7291,15615322,Jamieson,528,Espagne,Homme,43.0,7,48736.935,2,Oui,Oui,79911.58,Non
7292,15603582,Robertson,569,Espagne,Femme,34.0,3,0.0,1,Oui,Non,,Non
7293,15728823,Sharwood,836,Espagne,Femme,37.0,10,0.0,2,Oui,Non,55662.205,Non
7294,15631305,Franklin,599,Espagne,Femme,28.0,4,63416.895,2,Oui,Non,30421.545,Oui
7295,15632551,Buccho,625,Allemagne,Homme,31.0,4,38871.505,2,Oui,Non,37667.84,Non
7296,15694376,Sullivan,705,Allemagne,Femme,64.0,3,76734.63,3,Non,Non,73286.83,Oui
7297,15603221,Burgess,696,Allemagne,Homme,32.0,4,42210.81,1,Non,Oui,26157.355,Non
7298,15579287,Rossi,581,France,Homme,35.0,4,0.0,2,Non,Oui,43191.91,Non
7299,15592230,Seleznyov,620,France,Homme,41.0,3,0.0,2,Oui,Oui,68654.53,Non
7300,15624695,Otitodilinna,662,Espagne,Femme,72.0,7,70150.86,1,Non,Oui,89629.335,Non
7301,15783615,Ramos,630,Allemagne,Homme,50.0,3,64685.455,4,Oui,Oui,23887.67,Oui
7302,15635256,Arcuri,762,France,Homme,31.0,7,58843.675,1,Oui,Oui,79672.215,Non
7303,15593976,Swanson,578,Allemagne,Femme,31.0,5,51044.34,4,Non,Non,93933.105,Oui
7304,15598695,Fields,834,Allemagne,Femme,68.0,9,65084.635,2,Non,Oui,46556.1,Non
7305,15701037,Barton,578,France,Homme,39.0,2,0.0,2,Oui,Non,35281.95,Non
7306,15778489,Bolton,780,Allemagne,Homme,71.0,9,71275.125,2,Oui,Oui,61253.39,Non
7307,15676519,George,615,Espagne,Homme,61.0,9,0.0,2,Oui,Non,75113.925,Oui
7308,15641850,Pethard,717,France,Homme,40.0,0,49120.52,1,Oui,Non,55443.57,Non
7309,15809830,Belisario,630,France,Homme,50.0,8,0.0,2,Non,Oui,39688.725,Non
7310,15706394,Howell,609,France,Homme,53.0,7,0.0,2,Non,Oui,26166.425,Non
7311,15771540,Fedorova,755,France,Homme,38.0,9,74456.22,1,Oui,Non,40208.08,Non
7312,15656148,Obinna,376,Allemagne,Femme,,4,57523.37,4,Oui,Non,59673.44,Oui
7313,15602124,Badgery,731,France,Homme,30.0,7,0.0,2,Oui,Oui,92290.84,Non
7314,15791172,Yeh,672,Allemagne,Femme,,1,17870.845,1,Oui,Non,14394.97,Non
7315,15767488,Berry,680,Espagne,Homme,36.0,7,0.0,2,Oui,Non,10054.605,Non
7316,15764537,Dominguez,703,France,Homme,43.0,8,0.0,2,Oui,Non,4852.33,Non
7317,15720637,Bell,710,Allemagne,Femme,46.0,10,60265.17,1,Oui,Non,83293.495,Oui
7318,15665378,Shen,499,France,Femme,46.0,6,0.0,2,Oui,Non,36728.775,Non
7319,15633818,McMillan,786,France,Homme,32.0,9,0.0,2,Oui,Non,66556.205,Non
7320,15683416,Russo,572,Allemagne,Homme,51.0,8,48875.035,3,Oui,Oui,96507.13,Oui
7321,15759038,Whitehead,793,France,Femme,41.0,3,70903.23,1,Oui,Non,51460.585,Non
7322,15611287,Chiu,777,France,Femme,30.0,4,0.0,2,Non,Oui,57805.985,Non
7323,15613471,Wiley,579,Allemagne,Homme,31.0,2,45273.74,2,Oui,Oui,9400.065,Non
7324,15605264,Walker,669,Allemagne,Homme,47.0,0,31861.89,2,Oui,Oui,90964.125,Non
7325,15732437,Rowley,504,Allemagne,Femme,44.0,0,65936.535,2,Oui,Oui,79018.36,Oui
7326,15808044,Ts'ui,580,France,Femme,65.0,9,53402.13,3,Oui,Non,53945.345,Oui
7327,15698442,Eberechukwu,719,Espagne,Homme,35.0,3,61482.44,1,Oui,Oui,69115.85,Non
7328,15576714,Manna,687,Espagne,Femme,21.0,8,0.0,2,Oui,Oui,77383.67,Non
7329,15662189,Durant,434,Espagne,Homme,33.0,3,0.0,1,Oui,Oui,1369.855,Non
7330,15599131,Dilke,650,Allemagne,Homme,26.0,4,107173.48,2,Oui,Non,64407.665,Non
7331,15570859,Froggatt,626,Allemagne,Homme,36.0,2,90835.58,2,Oui,Oui,28765.57,Non
7332,15634310,Ko,509,France,Homme,30.0,6,0.0,2,Oui,Non,90299.43,Non
7333,15611058,Eluemuno,702,Allemagne,Femme,60.0,5,69298.77,2,Oui,Oui,20768.295,Oui
7334,15705301,Parkes,683,France,Homme,41.0,6,47848.26,2,Oui,Oui,92183.07,Non
7335,15775949,Trevisani,612,France,Femme,38.0,7,55307.735,1,Oui,Oui,96751.465,Non
7336,15585455,Stewart,630,France,Homme,28.0,9,0.0,2,Non,Non,16299.675,Non
7337,15601787,Greco,641,Allemagne,Homme,35.0,2,51855.78,1,Non,Oui,96232.105,Oui
7338,15797246,Terry,621,Allemagne,Femme,34.0,2,45629.26,2,Oui,Non,22428.7,Non
7339,15659149,King,530,France,Homme,39.0,2,0.0,2,Oui,Non,98961.525,Non
7340,15750407,Hunt,768,Allemagne,Femme,43.0,2,64632.025,2,Non,Non,9575.07,Non
7341,15708265,Chibugo,581,Espagne,Femme,24.0,10,79601.855,1,Oui,Oui,51258.915,Oui
7342,15679651,Gardiner,783,Espagne,Femme,37.0,1,68344.83,1,Oui,Non,98945.325,Non
7343,15585595,Owens,774,France,Femme,28.0,1,35632.01,2,Non,Oui,34379.785,Non
7344,15766172,Tsao,541,France,Homme,34.0,3,64371.775,1,Oui,Non,67425.56,Non
7345,15682890,Woronoff,745,Allemagne,Homme,38.0,5,32547.705,2,Oui,Oui,70098.71,Non
7346,15703820,Endrizzi,552,France,Homme,42.0,9,66850.535,2,Oui,Non,50534.855,Oui
7347,15716800,Kaur,582,France,Homme,31.0,2,0.0,2,Oui,Oui,16873.515,Non
7348,15790448,Calabresi,473,France,Femme,35.0,6,34808.68,1,Oui,Non,71672.845,Non
7349,15663826,Brim,532,Espagne,Femme,66.0,3,0.0,1,Oui,Oui,57613.51,Non
7350,15571869,Lei,669,Allemagne,Femme,50.0,4,56325.445,1,Non,Non,83193.11,Oui
7351,15618245,Chukwumaobim,706,Allemagne,Homme,31.0,1,58510.04,2,Oui,Non,27219.765,Non
7352,15674637,Pagnotto,491,France,Femme,68.0,3,53785.805,1,Non,Oui,56847.995,Non
7353,15792250,Nnabuife,616,Allemagne,Femme,45.0,4,61396.98,1,Oui,Oui,31001.02,Non
7354,15600027,Meng,579,Espagne,Homme,33.0,1,0.0,2,Oui,Oui,27408.285,Non
7355,15784092,Henderson,732,France,Homme,36.0,7,63097.905,1,Oui,Oui,66586.24,Non
7356,15700946,Kolesnikova,574,France,Femme,34.0,7,76496.455,1,Oui,Oui,67345.6,Non
7357,15806918,Ireland,674,France,Homme,28.0,5,0.0,1,Oui,Oui,75962.625,Non
7358,15715744,Schiavone,605,France,Homme,39.0,7,0.0,1,Non,Oui,59674.14,Non
7359,15748116,Zetticci,681,France,Femme,29.0,2,74071.92,1,Oui,Oui,26010.695,Non
7360,15590078,Burns,622,Espagne,Homme,27.0,9,69917.465,1,Oui,Oui,76366.945,Non
7361,15583849,Ts'ai,408,France,Homme,40.0,3,0.0,2,Non,Non,62437.115,Non
7362,15806284,Briggs,739,Espagne,Homme,31.0,1,0.0,2,Oui,Oui,29234.875,Non
7363,15733768,Hou,600,France,Homme,32.0,1,0.0,1,Oui,Oui,50993.08,Non
7364,15807194,Iweobiegbulam,718,Espagne,Homme,34.0,5,56961.22,2,Oui,Non,15386.11,Non
7365,15674880,Archer,658,Espagne,Homme,50.0,2,0.0,2,Oui,Non,,Non
7366,15734491,Lombardo,676,Espagne,Femme,36.0,4,0.0,2,Oui,Oui,1586.655,Non
7367,15686611,Moss,495,France,Homme,30.0,10,64877.995,1,Non,Non,86374.825,Non
7368,15691875,Tsou,850,Allemagne,Femme,39.0,5,57245.91,1,Oui,Non,49844.74,Non
7369,15697801,Sokolova,605,Allemagne,Femme,56.0,1,37064.59,2,Oui,Oui,,Oui
7370,15588918,Mitchell,671,France,Femme,42.0,6,0.0,2,Oui,Non,98601.24,Non
7371,15684484,White,543,France,Homme,22.0,8,0.0,2,Non,Non,63793.61,Non
7372,15694890,Lai,588,France,Homme,38.0,1,62135.63,1,Oui,Non,37984.595,Non
7373,15590810,Fallaci,638,Allemagne,Femme,41.0,9,72163.045,1,Oui,Non,36989.925,Oui
7374,15793042,Sung,629,France,Homme,39.0,2,64834.66,2,Oui,Non,41387.035,Non
7375,15684669,Parkes,567,France,Femme,41.0,9,68945.675,1,Oui,Non,71004.73,Oui
7376,15680405,P'eng,685,France,Homme,40.0,2,84000.67,2,Oui,Oui,83700.145,Non
7377,15735688,Horsley,753,France,Femme,31.0,6,53298.145,1,Non,Non,45652.885,Non
7378,15684861,Thomson,726,France,Femme,32.0,8,0.0,2,Non,Non,92537.815,Non
7379,15693683,Yuille,814,Allemagne,Homme,29.0,8,48543.2,2,Oui,Oui,98638.065,Non
7380,15690898,Bogolyubova,696,France,Homme,44.0,8,80944.895,1,Non,Non,37781.235,Non
7381,15730150,Otutodilichukwu,540,Espagne,Homme,37.0,0,60412.85,1,Oui,Non,14128.945,Non
7382,15723105,Feetham,756,France,Femme,28.0,6,0.0,1,Oui,Oui,82197.325,Non
7383,15810485,Sun,486,Allemagne,Homme,37.0,1,50719.0,1,Non,Non,25682.28,Non
7384,15801942,Chu,619,Espagne,Femme,41.0,8,0.0,3,Oui,Oui,39933.365,Oui
7385,15732448,Stewart,821,France,Femme,28.0,8,0.0,1,Oui,Oui,18377.065,Non
7386,15571958,McIntosh,489,Espagne,Homme,40.0,3,110766.4,1,Oui,Non,85933.54,Non
7387,15606552,Akabueze,741,France,Homme,37.0,9,52630.88,2,Oui,Oui,74751.77,Non
7388,15586699,Thomson,825,France,Homme,32.0,9,0.0,2,Non,Non,,Non
7389,15691703,Shih,545,France,Homme,47.0,8,52896.245,1,Non,Oui,33915.1,Oui
7390,15737782,Brazenor,562,France,Homme,29.0,9,0.0,1,Oui,Oui,12929.34,Non
7391,15686917,Tu,789,Espagne,Femme,40.0,4,0.0,2,Oui,Non,68701.135,Non
7392,15812071,Endrizzi,744,France,Homme,54.0,6,46903.155,2,Non,Oui,70034.385,Non
7393,15734005,Mazzi,633,France,Femme,42.0,1,0.0,2,Oui,Non,28432.81,Non
7394,15749093,Tretyakova,801,France,Homme,43.0,4,79356.54,2,Non,Non,49293.07,Non
7395,15710543,Okwuoma,629,,Homme,46.0,1,65333.1,1,Oui,Oui,80562.835,Oui
7396,15600708,Calabresi,640,Espagne,Femme,34.0,3,38913.4,1,Oui,Oui,84272.425,Non
7397,15576185,Sinclair,653,France,Homme,29.0,2,0.0,2,Oui,Oui,20835.905,Non
7398,15709523,Yao,525,Allemagne,Femme,30.0,0,78994.605,2,Oui,Oui,,Non
7399,15610379,Barclay-Harvey,599,France,Homme,,9,52721.84,1,Oui,Oui,60562.265,Non
7400,15602551,Johnson,667,Espagne,Homme,39.0,9,0.0,2,Oui,Non,34436.9,Non
7401,15664793,Scott,754,Espagne,Femme,50.0,7,73388.72,2,Non,Oui,75342.76,Non
7402,15673837,Ko,617,Espagne,Homme,61.0,3,56929.475,1,Oui,Oui,19064.61,Non
7403,15622003,Carslaw,745,France,Homme,,9,46283.265,2,Oui,Non,80759.885,Non
7404,15801411,Green,623,Espagne,Homme,46.0,4,0.0,1,Oui,Non,2774.555,Oui
7405,15669606,Chu,690,France,Homme,33.0,5,0.0,2,Oui,Non,69008.84,Non
7406,15630413,Howarth,608,France,Femme,41.0,5,0.0,2,Oui,Oui,36231.125,Non
7407,15697574,Stewart,582,France,Femme,40.0,9,0.0,3,Oui,Oui,30477.225,Non
7408,15571917,Eluemuno,771,Allemagne,Femme,38.0,5,68828.855,2,Oui,Non,36492.805,Non
7409,15616630,Tobenna,583,Allemagne,Femme,41.0,5,38823.8,1,Oui,Non,95214.76,Non
7410,15745375,Nnanna,640,Allemagne,Homme,23.0,3,36006.38,1,Oui,Non,80666.565,Non
7411,15729110,Lavrov,729,Espagne,Femme,42.0,7,0.0,2,Oui,Non,29134.1,Oui
7412,15699257,Kerr,651,Espagne,Homme,42.0,2,71572.935,2,Oui,Non,21806.03,Non
7413,15800482,Bradshaw,586,Espagne,Femme,33.0,7,0.0,2,Oui,Oui,84130.7,Non
7414,15567834,Nieves,719,France,Homme,49.0,5,52959.05,1,Oui,Oui,,Non
7415,15653455,Smith,648,France,Femme,38.0,2,0.0,2,Non,Oui,4775.745,Non
7416,15653275,Lei,785,Espagne,Femme,,1,0.0,2,Oui,Non,22556.96,Oui
7417,15692226,Onwumelu,705,France,Femme,31.0,3,71452.755,1,Oui,Oui,29067.485,Non
7418,15812356,Doherty,722,Allemagne,Femme,40.0,6,44587.53,2,Non,Oui,76441.975,Non
7419,15579112,Gibson,598,France,Homme,47.0,2,0.0,2,Oui,Oui,93058.27,Non
7420,15716357,Corran,772,Espagne,Femme,39.0,4,61243.055,2,Oui,Oui,70354.625,Non
7421,15807163,Ku,537,France,Femme,38.0,10,0.0,1,Non,Non,26168.985,Oui
7422,15611579,Sutherland,801,Espagne,Homme,42.0,4,70973.835,1,Oui,Oui,5299.145,Non
7423,15594902,Lombardi,518,France,Homme,38.0,3,45478.905,1,Non,Oui,81152.295,Non
7424,15726791,Nuttall,637,Espagne,Femme,45.0,2,78964.725,1,Oui,Oui,72567.245,Oui
7425,15808662,Krylov,624,France,Homme,44.0,3,0.0,2,Oui,Non,44203.755,Non
7426,15777639,McGregor,595,Espagne,Femme,23.0,10,50563.33,2,Non,Non,18521.4,Non
7427,15660809,Loving,850,France,Homme,28.0,4,0.0,2,Oui,Oui,6204.505,Non
7428,15789865,Nnaife,620,France,Homme,28.0,9,35951.26,1,Non,Oui,95104.115,Non
7429,15654341,Chao,542,France,Homme,34.0,8,50558.03,1,Oui,Non,98197.525,Non
7430,15625675,Clements,569,France,Homme,36.0,1,33543.845,1,Oui,Non,77387.85,Non
7431,15570931,Grant,620,France,Homme,61.0,5,0.0,1,Non,Non,15820.76,Oui
7432,15635776,Trevisani,686,Allemagne,Femme,43.0,5,77423.12,2,Oui,Oui,75951.8,Non
7433,15664555,Hughes,587,France,Homme,40.0,2,0.0,4,Non,Oui,53087.35,Oui
7434,15616471,Milne,599,Espagne,Homme,51.0,0,0.0,1,Oui,Oui,87617.995,Non
7435,15655229,Craig,850,Allemagne,Femme,,7,57142.6,1,Non,Oui,64830.295,Non
7436,15701175,Bruno,493,France,Femme,33.0,8,45395.845,1,Oui,Oui,29829.765,Non
7437,15762392,Ilyina,683,Espagne,Homme,30.0,1,56628.6,1,Oui,Oui,32517.51,Non
7438,15737385,Curtis,800,Espagne,Femme,46.0,6,0.0,2,Oui,Non,85964.02,Non
7439,15607577,Roberts,663,Espagne,Homme,27.0,8,0.0,1,Oui,Oui,94003.995,Non
7440,15665087,Bergamaschi,595,Allemagne,Femme,,8,59273.86,1,Oui,Oui,75596.09,Non
7441,15570857,Kambinachi,677,Allemagne,Femme,39.0,0,55606.82,2,Oui,Oui,73789.13,Non
7442,15709136,Adams,620,France,Homme,28.0,8,0.0,2,Oui,Oui,99954.66,Non
7443,15798964,Nkemakonam,714,Allemagne,Homme,33.0,3,17508.3,1,Oui,Non,26833.54,Non
7444,15607509,Ozerova,539,France,Homme,38.0,5,0.0,2,Oui,Non,23694.205,Non
7445,15640454,Parkhill,693,Allemagne,Homme,40.0,0,60355.865,1,Non,Non,13672.59,Oui
7446,15726167,Scott,655,France,Homme,37.0,4,0.0,2,Oui,Oui,71207.985,Non
7447,15775886,Su,670,France,Homme,36.0,3,0.0,1,Oui,Non,70377.095,Oui
7448,15774847,Knight,593,France,Homme,50.0,6,85870.345,1,Non,Non,,Non
7449,15794874,Quinones,696,Espagne,Homme,41.0,9,63761.875,1,Non,Oui,95708.71,Non
7450,15657809,Lo,585,France,Homme,55.0,10,53207.785,3,Oui,Oui,61480.49,Oui
7451,15687001,Chiemenam,596,Allemagne,Homme,54.0,1,61772.0,1,Oui,Oui,60157.375,Oui
7452,15770539,Walters,792,France,Homme,30.0,1,63593.93,1,Oui,Oui,56776.71,Non
7453,15689344,Montgomery,615,Espagne,Homme,42.0,4,0.0,3,Non,Oui,60160.545,Non
7454,15616676,Donnelly,632,Allemagne,Homme,23.0,3,61239.255,1,Oui,Non,73615.385,Oui
7455,15700325,Onyeoruru,644,France,Femme,24.0,8,46380.275,1,Oui,Non,17948.375,Non
7456,15679693,Walker,625,France,Homme,31.0,5,0.0,2,Non,Oui,45.035,Non
7457,15674840,Chiazagomekpere,645,France,Femme,38.0,5,50715.15,2,Non,Oui,,Non
7458,15797595,Greenhalgh,709,France,Femme,40.0,9,65784.815,1,Oui,Oui,51985.29,Non
7459,15586870,Ni,632,France,Homme,27.0,4,96562.925,1,Oui,Oui,76332.925,Non
7460,15642063,Kelechi,692,France,Homme,40.0,6,81752.58,1,Non,Non,45212.045,Non
7461,15746970,Townsend,760,Espagne,Femme,57.0,1,0.0,2,Oui,Oui,12550.585,Non
7462,15662426,Tang,649,Espagne,Homme,32.0,1,0.0,1,Non,Oui,45583.595,Oui
7463,15749300,Teng,556,France,Femme,47.0,2,69957.135,1,Oui,Oui,25195.49,Non
7464,15707567,Esposito,732,Allemagne,Homme,50.0,6,72669.38,1,Non,Non,45968.05,Oui
7465,15782475,Edith,700,France,Femme,42.0,8,0.0,2,Oui,Oui,52652.86,Non
7466,15737741,McKay,607,Espagne,Femme,33.0,2,54215.935,2,Non,Oui,54645.695,Oui
7467,15627801,Ginikanwa,512,Espagne,Homme,33.0,3,88333.31,1,Oui,Non,47335.385,Non
7468,15754177,Bazarova,712,Espagne,Homme,53.0,2,55530.505,2,Non,Non,13271.085,Non
7469,15679024,Udinesi,553,France,Homme,32.0,3,58162.265,1,Oui,Non,38652.245,Non
7470,15606472,Lung,585,France,Femme,38.0,5,0.0,1,Oui,Oui,43681.78,Non
7471,15735330,Sung,553,France,Homme,37.0,1,0.0,1,Oui,Non,15230.775,Non
7472,15675964,Chukwukadibia,672,France,Femme,,9,0.0,1,Oui,Oui,46013.845,Oui
7473,15811762,Pickering,583,Allemagne,Femme,54.0,6,57994.43,1,Oui,Non,28776.99,Oui
7474,15743076,Pai,669,Espagne,Homme,29.0,9,0.0,1,Oui,Oui,46950.805,Non
7475,15616029,Adams,705,France,Homme,32.0,7,0.0,2,Oui,Non,3960.785,Non
7476,15679283,Parkhill,694,France,Femme,33.0,4,64865.82,2,Oui,Non,89061.93,Non
7477,15630910,Treacy,800,France,Femme,49.0,7,54003.68,1,Non,Non,23562.555,Non
7478,15792916,Ositadimma,559,Espagne,Femme,40.0,7,72235.385,1,Oui,Oui,9458.975,Non
7479,15593331,Sidorov,693,Allemagne,Homme,25.0,6,73290.345,1,Non,Oui,7316.675,Non
7480,15784010,Williamson,666,Allemagne,Homme,33.0,2,62062.63,1,Oui,Non,40942.4,Non
7481,15751177,Milne,685,Allemagne,Femme,44.0,2,59828.765,1,Oui,Non,72693.525,Oui
7482,15764448,Mackenzie,837,Allemagne,Homme,35.0,0,72018.8,1,Oui,Non,72662.66,Non
7483,15653762,Chidiebele,501,France,Femme,39.0,9,58650.83,1,Non,Non,91012.975,Non
7484,15809772,Glover,667,France,Homme,48.0,2,0.0,1,Oui,Non,21614.6,Non
7485,15624397,Moore,627,France,Homme,43.0,8,35620.15,1,Non,Oui,63867.08,Non
7486,15587394,Thomson,462,France,Homme,39.0,4,70066.54,2,Non,Non,65652.225,Non
7487,15672594,Stevenson,597,France,Femme,60.0,0,65889.04,1,Non,Non,5351.765,Oui
7488,15764405,Williams,731,France,Homme,29.0,10,0.0,2,Oui,Oui,81226.325,Non
7489,15727041,Fiorentini,624,France,Homme,71.0,7,0.0,2,Oui,Oui,54420.915,Non
7490,15771668,Henderson,578,France,Homme,59.0,10,92983.32,1,Non,Non,4722.71,Oui
7491,15749964,Jones,610,France,Femme,27.0,4,43631.2,2,Oui,Non,91360.035,Non
7492,15773520,Begg,672,France,Femme,,4,46299.775,2,Oui,Oui,,Non
7493,15644297,Austin,732,Allemagne,Homme,38.0,5,89393.77,1,Oui,Oui,97880.265,Non
7494,15804864,Chu,670,France,Femme,27.0,5,39668.305,1,Oui,Oui,,Non
7495,15813067,Williams,432,Allemagne,Femme,45.0,3,55109.57,1,Oui,Non,21523.35,Oui
7496,15786852,Nwachukwu,565,Allemagne,Femme,38.0,2,79325.645,2,Oui,Oui,89722.64,Non
7497,15679410,Caldwell,729,France,Femme,62.0,4,70274.7,1,Oui,Non,15495.08,Oui
7498,15693732,Kilgour,775,France,Femme,66.0,9,0.0,2,Oui,Oui,33811.17,Non
7499,15720083,Fiorentino,554,Espagne,Homme,42.0,1,0.0,2,Non,Oui,91746.45,Non
7500,15700714,Hollis,747,France,Homme,29.0,7,0.0,2,Oui,Oui,70853.215,Non
7501,15601324,Black,697,France,Femme,48.0,1,0.0,2,Oui,Oui,43700.265,Non
7502,15757759,Okwuoma,807,Espagne,Femme,28.0,7,82984.63,3,Oui,Non,78061.065,Oui
7503,15598266,Martin,610,France,Homme,40.0,9,0.0,1,Oui,Oui,74801.27,Non
7504,15670738,Mazzanti,733,Allemagne,Homme,45.0,2,56969.68,2,Oui,Non,1609.355,Non
7505,15743538,Pickering,710,France,Femme,31.0,1,0.0,2,Oui,Non,10040.65,Non
7506,15574122,Tien,817,France,Homme,34.0,5,64639.215,1,Non,Non,82781.42,Non
7507,15756118,T'ao,661,Espagne,Homme,20.0,8,0.0,1,Oui,Non,55126.265,Non
7508,15608701,Chialuka,651,,Homme,29.0,3,60945.03,1,Oui,Non,27265.255,Oui
7509,15745399,Marino,649,Espagne,Femme,49.0,2,0.0,1,Oui,Non,42431.925,Oui
7510,15793324,McKenzie,695,Espagne,Homme,32.0,9,0.0,3,Non,Oui,,Non
7511,15786035,Gosnell,740,France,Homme,39.0,9,0.0,2,Oui,Non,9523.615,Non
7512,15594305,Rizzo,712,France,Femme,32.0,1,0.0,2,Oui,Non,851.79,Non
7513,15757916,Amaechi,600,France,Femme,,9,0.0,2,Oui,Oui,29427.925,Non
7514,15799350,Mao,632,France,Homme,41.0,0,53067.23,1,Non,Oui,52785.195,Non
7515,15773973,Hill,765,France,Homme,41.0,2,0.0,2,Non,Oui,95607.805,Non
7516,15622192,Young,724,Espagne,Homme,39.0,3,0.0,2,Non,Oui,47781.405,Non
7517,15610271,Andreev,684,Espagne,Femme,42.0,3,51605.135,1,Oui,Non,15501.015,Non
7518,15777599,Esposito,746,Allemagne,Homme,34.0,6,70903.0,2,Oui,Oui,91747.435,Non
7519,15717065,Balashov,686,France,Femme,35.0,8,52709.865,1,Oui,Non,17678.23,Non
7520,15708916,Paterson,587,France,Homme,,0,0.0,2,Oui,Non,23707.075,Non
7521,15726556,Macgroarty,594,Allemagne,Femme,26.0,6,67533.76,2,Non,Non,65605.93,Non
7522,15794345,Ma,706,Espagne,Homme,38.0,8,0.0,2,Non,Oui,23317.555,Non
7523,15806922,Bergamaschi,674,Espagne,Femme,41.0,4,63302.57,1,Oui,Oui,83347.465,Non
7524,15729412,Holloway,682,France,Homme,38.0,4,53596.19,1,Oui,Oui,7834.585,Non
7525,15754999,Ch'eng,570,France,Femme,33.0,8,0.0,1,Oui,Oui,62320.71,Non
7526,15620268,Thomson,634,Allemagne,Homme,,3,106348.16,1,Oui,Non,57634.43,Non
7527,15566708,Chidalu,444,France,Femme,45.0,4,0.0,2,Oui,Non,80826.75,Oui
7528,15643359,Carter,736,Espagne,Homme,32.0,7,0.0,1,Non,Oui,39541.31,Non
7529,15675888,Austin,550,Espagne,Femme,33.0,9,36394.015,1,Oui,Oui,51804.03,Non
7530,15663830,De Luca,563,Espagne,Homme,32.0,6,0.0,2,Oui,Oui,9860.04,Non
7531,15622658,Lai,551,France,Femme,26.0,2,72129.26,1,Oui,Non,24889.395,Non
7532,15654074,Tuan,653,France,Homme,38.0,8,59657.875,1,Oui,Non,75234.175,Non
7533,15658987,Kane,557,France,Femme,46.0,4,48086.585,2,Oui,Oui,58189.155,Non
7534,15712777,Kao,482,France,Homme,38.0,4,62488.095,1,Oui,Non,17924.06,Non
7535,15689168,Munro,531,,Homme,37.0,1,71703.645,2,Non,Oui,42201.23,Non
7536,15676810,Jen,561,France,Femme,31.0,1,40740.135,2,Oui,Oui,32617.3,Non
7537,15662662,Duigan,573,France,Femme,,6,0.0,2,Oui,Non,33095.105,Non
7538,15677020,Selezneva,570,France,Femme,58.0,8,0.0,1,Non,Oui,58251.96,Oui
7539,15581295,Ch'ien,617,Espagne,Femme,,1,0.0,1,Oui,Non,71649.03,Non
7540,15585036,Okoli,694,Espagne,Femme,37.0,3,0.0,2,Oui,Oui,73506.11,Non
7541,15743582,T'ang,632,France,Femme,27.0,3,53687.91,1,Oui,Oui,31351.69,Non
7542,15680706,Balashov,537,Allemagne,Homme,48.0,4,65917.4,1,Oui,Non,83238.475,Oui
7543,15578546,Akobundu,491,Allemagne,Homme,26.0,4,51125.57,1,Oui,Oui,72950.445,Non
7544,15707696,Lu,471,Espagne,Femme,28.0,5,0.0,2,Oui,Oui,11178.485,Non
7545,15747174,Hao,526,Allemagne,Homme,58.0,9,95149.445,2,Oui,Oui,95631.88,Non
7546,15767781,Godfrey,648,France,Homme,38.0,10,41348.64,1,Oui,Non,37423.335,Non
7547,15732265,Obialo,630,France,Homme,33.0,9,0.0,2,Oui,Non,32402.295,Non
7548,15716984,Palermo,695,Espagne,Femme,56.0,4,0.0,2,Oui,Non,42322.38,Non
7549,15762218,Mills,701,France,Femme,39.0,9,0.0,2,Non,Oui,72947.45,Non
7550,15612050,Castiglione,556,Espagne,Femme,48.0,8,84261.185,1,Oui,Oui,75655.08,Non
7551,15694644,Wood,455,,Femme,43.0,6,0.0,1,Oui,Oui,40625.395,Non
7552,15709920,Burke,479,France,Femme,33.0,2,104082.765,1,Non,Non,25387.405,Oui
7553,15787168,Y?,819,Espagne,Femme,28.0,8,84126.605,1,Oui,Oui,51399.57,Non
7554,15609510,Gregory,669,France,Homme,,7,74682.29,1,Non,Oui,86727.035,Non
7555,15755521,Ma,660,France,Femme,48.0,0,45022.16,2,Non,Oui,93802.485,Oui
7556,15667458,L?,764,Allemagne,Homme,28.0,10,62011.59,1,Oui,Non,83094.14,Non
7557,15578462,Hs?,596,Espagne,Femme,76.0,9,67104.125,1,Oui,Oui,6727.715,Non
7558,15802478,Spring,767,Espagne,Homme,31.0,6,0.0,2,Oui,Oui,97834.0,Non
7559,15755084,Bezrukova,531,France,Homme,37.0,7,60927.225,1,Oui,Non,73760.675,Non
7560,15600583,Garner,633,France,Homme,31.0,1,0.0,1,Oui,Non,24303.355,Non
7561,15702631,Tang,567,France,Femme,26.0,2,0.0,2,Oui,Oui,39325.775,Non
7562,15682773,Hayward,781,France,Femme,38.0,3,64172.845,2,Oui,Non,31609.425,Non
7563,15632263,Pagnotto,574,Espagne,Homme,30.0,5,60177.5,1,Oui,Non,68896.675,Non
7564,15591986,Johnston,621,Allemagne,Homme,46.0,6,70539.185,1,Non,Non,17290.4,Oui
7565,15595388,Yeh,594,France,Femme,30.0,10,0.0,2,Oui,Oui,62035.855,Non
7566,15759690,Smith,751,France,Homme,42.0,4,0.0,2,Oui,Oui,40721.3,Non
7567,15585067,Wilson,634,Espagne,Homme,31.0,9,54316.24,1,Oui,Oui,89742.98,Oui
7568,15586522,Hunter,608,Espagne,Homme,37.0,2,65230.51,1,Oui,Non,10983.575,Non
7569,15650351,Millar,653,,Femme,38.0,8,51066.69,1,Oui,Oui,83260.48,Non
7570,15654106,K?,604,France,Homme,26.0,8,74771.26,2,Non,Oui,98955.76,Non
7571,15599268,Yobachi,584,,Homme,32.0,5,0.0,2,Oui,Non,5478.41,Non
7572,15611186,Yevdokimova,609,France,Homme,37.0,1,19672.415,1,Oui,Oui,89145.945,Oui
7573,15732644,Evans,567,Espagne,Femme,54.0,5,46158.155,2,Oui,Non,79295.33,Oui
7574,15678571,Barber,723,France,Homme,21.0,4,0.0,2,Non,Non,12423.51,Non
7575,15739997,Capon,716,France,Femme,23.0,2,47232.405,2,Non,Oui,92950.44,Non
7576,15743040,Kuznetsova,724,Allemagne,Homme,41.0,2,63946.285,2,Non,Oui,99822.725,Non
7577,15715184,Capon,752,Espagne,Femme,31.0,4,72318.93,2,Oui,Non,20248.36,Non
7578,15756804,O'Loghlen,636,France,Femme,48.0,1,85416.73,1,Oui,Non,55255.14,Oui
7579,15746737,Eames,565,Allemagne,Homme,59.0,9,34564.795,1,Oui,Oui,85352.765,Non
7580,15645184,Graham,701,France,Homme,29.0,2,0.0,2,Oui,Non,88471.795,Non
7581,15787255,Manfrin,650,,Femme,55.0,2,70445.73,3,Oui,Oui,89917.225,Oui
7582,15641575,Anenechukwu,577,France,Homme,37.0,2,63630.675,1,Oui,Non,28092.525,Non
7583,15626578,Milne,622,France,Homme,26.0,9,0.0,2,Oui,Oui,76618.795,Non
7584,15658589,Brady,850,Espagne,Homme,38.0,2,47326.02,1,Oui,Oui,85980.38,Non
7585,15762110,Anderson,628,France,Homme,37.0,0,0.0,2,Oui,Oui,85853.965,Non
7586,15809124,T'ien,750,France,Homme,38.0,5,75766.2,1,Oui,Oui,,Non
7587,15678916,Kelly,512,France,Femme,75.0,2,0.0,1,Oui,Non,,Non
7588,15566312,Jolly,660,Espagne,Femme,42.0,5,0.0,3,Oui,Oui,,Oui
7589,15714680,Bianchi,755,France,Femme,78.0,5,60603.48,1,Oui,Oui,38008.245,Non
7590,15618213,Nnanna,674,France,Femme,32.0,7,42878.965,1,Oui,Oui,47740.5,Non
7591,15576094,Sung,743,France,Homme,71.0,0,0.0,2,Non,Oui,14918.825,Non
7592,15605000,John,550,France,Homme,38.0,9,70139.495,3,Oui,Oui,,Oui
7593,15708003,Aleksandrova,587,Espagne,Homme,41.0,8,42554.605,1,Oui,Non,778.91,Non
7594,15778830,Dellucci,841,France,Homme,31.0,2,0.0,2,Oui,Non,86620.26,Non
7595,15684592,Lamb,557,Espagne,Homme,42.0,4,0.0,2,Non,Oui,43321.19,Non
7596,15601045,Angelo,655,Espagne,Homme,37.0,8,81854.29,2,Non,Non,38129.615,Non
7597,15572706,Smith,589,France,Homme,37.0,5,0.0,1,Oui,Non,30662.435,Non
7598,15653037,Parks,609,France,Homme,77.0,1,0.0,1,Non,Oui,9354.38,Non
7599,15567333,Archambault,712,France,Femme,31.0,7,0.0,2,Oui,Non,85166.69,Non
7600,15600934,Randell,758,France,Femme,52.0,7,62547.97,1,Oui,Non,85594.915,Oui
7601,15663164,Yudin,663,Allemagne,Homme,49.0,7,58075.325,3,Oui,Oui,42179.355,Oui
7602,15793813,Onochie,774,France,Homme,36.0,7,51844.095,1,Non,Oui,59485.87,Non
7603,15762123,Davide,717,Espagne,Femme,34.0,1,0.0,2,Oui,Non,59656.87,Non
7604,15812594,Ross,791,France,Homme,34.0,7,0.0,2,Oui,Non,48367.23,Non
7605,15793491,Cherkasova,714,Allemagne,Homme,26.0,3,59772.74,2,Oui,Non,32741.47,Non
7606,15605534,Turnbull,644,Allemagne,Femme,51.0,4,47780.02,1,Non,Non,36314.42,Oui
7607,15652626,Grave,826,France,Homme,55.0,4,57642.925,1,Oui,Non,70063.085,Non
7608,15749679,Beck,699,France,Homme,39.0,2,54862.19,1,Oui,Oui,90011.195,Non
7609,15699532,Okagbue,516,France,Homme,51.0,8,60062.175,2,Non,Oui,84386.77,Non
7610,15645463,Udinese,843,France,Femme,27.0,5,0.0,2,Oui,Oui,33747.115,Non
7611,15600879,Parsons,554,Allemagne,Femme,36.0,3,78890.465,2,Oui,Non,3044.565,Non
7612,15625395,Chinomso,585,France,Femme,28.0,6,52897.95,1,Oui,Oui,20609.545,Non
7613,15697034,Norris,583,Espagne,Femme,22.0,2,0.0,2,Non,Oui,,Non
7614,15698522,Thomas,660,Allemagne,Homme,39.0,9,67299.665,2,Oui,Non,91547.935,Non
7615,15805429,Murray,699,,Homme,59.0,3,53409.825,1,Non,Oui,81785.125,Non
7616,15589195,Bluett,766,Allemagne,Femme,38.0,7,65466.87,1,Non,Oui,1017.97,Non
7617,15750769,Padovano,725,France,Homme,35.0,7,37957.875,1,Oui,Non,75253.715,Non
7618,15646366,Trevisani,521,Allemagne,Homme,41.0,8,60293.27,1,Non,Oui,10245.575,Non
7619,15575605,Napolitano,725,France,Homme,38.0,6,0.0,2,Oui,Oui,79348.64,Non
7620,15687477,Thompson,594,Allemagne,Homme,28.0,5,92506.51,1,Oui,Non,8240.56,Non
7621,15632345,Tuan,754,France,Femme,35.0,4,0.0,2,Oui,Non,22415.355,Non
7622,15578825,Golubev,734,France,Femme,29.0,0,69997.33,1,Oui,Non,8872.36,Non
7623,15682070,Davies,611,France,Homme,64.0,9,0.0,2,Oui,Oui,26638.575,Non
7624,15731890,Chukwukere,601,France,Homme,41.0,1,61985.58,1,Non,Oui,86407.495,Non
7625,15688849,Martin,609,France,Homme,48.0,1,54009.635,3,Oui,Oui,92262.325,Oui
7626,15695932,Yelverton,766,Espagne,Homme,36.0,5,39190.565,1,Non,Oui,76915.8,Non
7627,15627298,Vinogradova,589,France,Homme,37.0,7,42573.24,2,Oui,Non,43245.045,Oui
7628,15689268,Fitzpatrick,584,France,Homme,36.0,9,0.0,1,Oui,Oui,52909.255,Non
7629,15774393,Ch'ien,694,France,Femme,30.0,9,0.0,2,Oui,Oui,13480.155,Non
7630,15603594,Nwankwo,635,Espagne,Homme,24.0,4,0.0,2,Oui,Oui,35334.385,Non
7631,15722813,Byrne,470,Espagne,Homme,,4,62692.505,1,Oui,Non,34146.965,Non
7632,15623791,Padovesi,632,Espagne,Femme,40.0,3,54870.31,1,Oui,Non,70948.37,Non
7633,15570417,Chien,579,,Homme,35.0,1,0.0,2,Oui,Non,2230.1,Non
7634,15743759,Brooks,619,France,Homme,39.0,5,0.0,2,Oui,Oui,79222.305,Non
7635,15797276,Sturt,662,Espagne,Femme,41.0,4,45175.385,1,Oui,Non,37942.325,Oui
7636,15787459,Parkes,745,Espagne,Homme,40.0,3,44233.41,1,Non,Non,58165.71,Non
7637,15620204,Walker,543,Allemagne,Femme,57.0,1,53069.165,2,Oui,Oui,60328.66,Oui
7638,15627305,Pan,606,Espagne,Homme,35.0,7,0.0,1,Oui,Non,53418.53,Oui
7639,15641715,Ts'ui,599,France,Homme,34.0,8,0.0,2,Oui,Oui,87098.34,Non
7640,15664734,T'ao,673,Allemagne,Femme,25.0,3,54122.41,2,Oui,Oui,,Non
7641,15635500,Seleznyov,605,Allemagne,Homme,75.0,2,30659.815,1,Non,Oui,,Non
7642,15646756,Murphy,682,France,Femme,33.0,8,37481.75,1,Oui,Oui,16385.28,Non
7643,15748947,Chukwuraenye,657,France,Femme,41.0,5,47929.185,1,Oui,Oui,34127.94,Non
7644,15566380,Drury,586,Espagne,Femme,33.0,10,33474.335,2,Oui,Oui,70379.515,Non
7645,15680278,Ts'ai,661,Espagne,Femme,42.0,9,37680.72,1,Oui,Non,13804.06,Oui
7646,15662152,Trevisan,552,France,Femme,38.0,9,67052.505,1,Non,Non,28925.05,Non
7647,15791326,Nnamdi,566,France,Homme,34.0,3,0.0,1,Non,Non,94067.845,Non
7648,15636454,Fu,691,France,Femme,60.0,6,50535.345,1,Oui,Non,88677.9,Oui
7649,15809817,Ch'en,593,Espagne,Homme,43.0,10,0.0,2,Non,Non,26739.01,Non
7650,15703199,Golibe,619,Espagne,Homme,38.0,3,48071.735,1,Non,Non,49497.46,Non
7651,15631054,Volkova,625,France,Femme,24.0,1,0.0,2,Oui,Oui,90484.775,Non
7652,15742126,Chiu,712,Allemagne,Homme,38.0,7,66383.83,2,Oui,Oui,29557.885,Non
7653,15630551,Forbes,696,France,Homme,33.0,2,81569.635,1,Oui,Oui,3517.68,Non
7654,15623314,Tucker,506,Allemagne,Femme,59.0,3,95176.54,1,Oui,Non,39182.875,Non
7655,15665221,Nwebube,630,France,Homme,26.0,7,64918.86,2,Non,Oui,98500.575,Non
7656,15797960,Skinner,806,Allemagne,Femme,59.0,0,67648.165,1,Oui,Non,91411.25,Non
7657,15612615,Graham,616,France,Femme,37.0,6,0.0,2,Oui,Non,43121.09,Non
7658,15778320,Teng,848,,Femme,40.0,5,74247.82,1,Non,Non,79426.99,Non
7659,15730810,Storey,613,Espagne,Homme,44.0,9,50262.345,1,Oui,Oui,23649.475,Non
7660,15668385,Dellucci,642,France,Homme,40.0,1,77431.575,1,Oui,Oui,69026.255,Non
7661,15634772,Mario,682,Espagne,Femme,59.0,0,61330.695,1,Non,Oui,42401.88,Non
7662,15653784,Solomina,627,France,Homme,37.0,2,62595.43,1,Non,Oui,42292.345,Non
7663,15579826,Young,439,France,Femme,66.0,9,0.0,1,Oui,Non,32767.78,Non
7664,15641835,Anderson,683,France,Homme,72.0,3,70498.63,1,Non,Oui,26438.205,Non
7665,15719940,Gibbons,628,Allemagne,Femme,51.0,10,57640.245,2,Non,Non,6314.305,Oui
7666,15772073,Hodge,664,France,Homme,48.0,10,0.0,1,Oui,Non,70086.585,Oui
7667,15730488,Richmond,516,Espagne,Femme,27.0,1,0.0,1,Non,Oui,,Non
7668,15762091,Simpson,631,Allemagne,Femme,22.0,6,69564.96,1,Oui,Oui,31873.755,Non
7669,15691950,Parry,591,France,Homme,49.0,3,0.0,2,Oui,Non,25061.72,Non
7670,15719170,Sagese,679,France,Femme,30.0,1,56271.71,1,Oui,Oui,89717.605,Non
7671,15786643,Tsao,602,France,Homme,32.0,10,0.0,2,Oui,Oui,58026.46,Non
7672,15794560,Maclean,550,France,Homme,57.0,5,0.0,1,Oui,Oui,66750.97,Non
7673,15756321,Johnston,612,Espagne,Femme,52.0,5,72386.345,1,Non,Non,49151.285,Oui
7674,15751561,Meng,498,Allemagne,Homme,61.0,7,51226.63,1,Oui,Non,93623.78,Oui
7675,15678497,Lederer,850,Espagne,Homme,48.0,2,0.0,1,Oui,Non,84712.65,Oui
7676,15584477,K?,655,Espagne,Femme,35.0,1,53202.515,1,Oui,Oui,41450.125,Non
7677,15570601,Cheng,785,France,Femme,47.0,9,61015.775,1,Oui,Oui,16911.75,Oui
7678,15749583,Bellucci,686,Allemagne,Femme,38.0,2,46784.93,3,Non,Non,5068.67,Oui
7679,15760521,Thompson,796,France,Femme,50.0,1,47082.0,1,Oui,Oui,94707.37,Non
7680,15720050,Barrett,727,France,Femme,28.0,2,55498.88,1,Oui,Non,50716.88,Non
7681,15587640,Rowntree,718,France,Femme,43.0,0,46571.695,1,Oui,Non,83777.43,Non
7682,15694860,Uspensky,675,France,Femme,38.0,6,34032.9,1,Non,Non,69388.5,Oui
7683,15806081,Fleming,608,Allemagne,Femme,48.0,2,63962.125,2,Oui,Non,16101.305,Non
7684,15742229,Mackay,583,France,Homme,59.0,7,63725.07,1,Non,Oui,33776.355,Non
7685,15783865,Kulikova,622,France,Homme,59.0,5,59690.185,1,Oui,Oui,30214.715,Non
7686,15683560,Gallo,642,France,Femme,40.0,7,0.0,2,Oui,Non,91981.67,Non
7687,15768367,Nebechukwu,781,France,Femme,27.0,7,93279.275,1,Oui,Oui,87535.645,Oui
7688,15736420,Macdonald,596,France,Homme,21.0,4,105216.54,2,Non,Oui,98648.885,Oui
7689,15696674,Robinson,643,Allemagne,Femme,45.0,2,75421.465,1,Non,Oui,,Oui
7690,15608338,Chiemenam,757,Espagne,Femme,55.0,9,58647.06,4,Oui,Non,47093.735,Oui
7691,15576641,Crawford,733,Allemagne,Homme,40.0,5,62862.51,2,Oui,Oui,25391.55,Non
7692,15709780,Azuka,667,France,Femme,37.0,9,35893.45,2,Oui,Oui,,Non
7693,15696361,Chung,648,Allemagne,Homme,31.0,7,62840.755,1,Non,Oui,64990.465,Non
7694,15790489,Lo Duca,534,Espagne,Homme,34.0,5,85300.39,1,Non,Oui,2620.265,Non
7695,15786539,Olisaemeka,808,France,Homme,32.0,1,0.0,2,Oui,Oui,23100.355,Non
7696,15614520,Smith,682,France,Femme,37.0,8,74290.06,1,Oui,Non,17589.59,Non
7697,15757559,Broadhurst,595,France,Femme,53.0,7,0.0,2,Oui,Non,20685.84,Oui
7698,15689201,Dobie,721,France,Femme,49.0,1,60054.28,1,Non,Oui,91710.88,Non
7699,15726403,Glenny,660,Allemagne,Homme,41.0,1,64950.605,1,Oui,Non,13012.8,Oui
7700,15699309,Gerasimov,510,Espagne,Femme,38.0,4,0.0,1,Oui,Non,59456.765,Oui
7701,15772262,Vavilov,545,Allemagne,Homme,37.0,9,55241.93,1,Oui,Oui,63697.335,Non
7702,15633233,McFarland,500,France,Homme,56.0,1,50187.29,1,Oui,Non,59245.4,Oui
7703,15603436,Savage,594,Espagne,Femme,49.0,2,63307.97,2,Non,Oui,61607.37,Non
7704,15585985,Wang,746,France,Homme,48.0,5,82641.21,1,Oui,Non,76893.23,Oui
7705,15658889,Watson,689,France,Homme,22.0,4,68222.125,1,Oui,Non,25990.125,Oui
7706,15587233,Donoghue,457,France,Homme,41.0,8,36850.06,3,Oui,Oui,92875.01,Oui
7707,15612627,Ozuluonye,627,Allemagne,Homme,29.0,5,69770.79,2,Oui,Non,40303.665,Non
7708,15742210,Ugochukwu,700,France,Homme,38.0,9,32981.315,1,Oui,Oui,50475.24,Non
7709,15572792,Bellucci,535,Espagne,Homme,35.0,8,59494.96,1,Oui,Oui,67768.36,Non
7710,15612193,Hsia,762,Espagne,Homme,29.0,10,57772.665,2,Oui,Non,74128.215,Non
7711,15732778,Templeman,468,Allemagne,Homme,29.0,1,55840.99,2,Oui,Oui,97855.58,Non
7712,15633870,Ozioma,850,France,Femme,36.0,10,0.0,2,Oui,Oui,50375.015,Non
7713,15625592,Sal,486,France,Homme,26.0,2,0.0,2,Oui,Oui,15699.7,Non
7714,15774382,Longo,579,Allemagne,Homme,49.0,4,84688.655,1,Oui,Oui,61767.525,Non
7715,15669301,Romani,778,Allemagne,Femme,29.0,6,75179.485,1,Oui,Non,31227.005,Oui
7716,15626710,Yudina,642,France,Femme,39.0,4,0.0,1,Oui,Oui,38410.62,Non
7717,15609458,Vincent,797,France,Homme,30.0,10,34706.72,1,Oui,Oui,37318.785,Non
7718,15643024,Huang,479,Allemagne,Homme,35.0,4,69359.46,1,Oui,Oui,23625.895,Oui
7719,15652401,Lafleur,496,France,Femme,36.0,7,0.0,2,Non,Non,54049.14,Non
7720,15623730,Ch'iu,792,France,Homme,34.0,1,0.0,1,Non,Oui,43165.16,Non
7721,15611699,Tao,641,France,Femme,40.0,7,0.0,1,Oui,Non,,Non
7722,15746333,Blake,562,France,Femme,57.0,3,0.0,3,Oui,Non,,Oui
7723,15734438,Kanayochukwu,590,France,Femme,29.0,4,0.0,2,Oui,Non,60923.405,Non
7724,15632324,Pisani,602,France,Homme,59.0,7,0.0,2,Oui,Oui,81173.525,Non
7725,15585490,Nkemdilim,746,France,Femme,34.0,4,0.0,1,Non,Oui,32583.3,Non
7726,15715750,Okeke,646,Allemagne,Femme,44.0,2,56531.915,1,Non,Non,26536.245,Oui
7727,15634719,Chinwendu,704,France,Homme,31.0,0,0.0,2,Oui,Non,91519.165,Non
7728,15745843,Kinlaw,689,Espagne,Femme,31.0,4,0.0,2,Oui,Oui,68305.01,Non
7729,15674573,Gearhart,713,France,Femme,25.0,4,60586.485,1,Oui,Oui,28134.49,Non
7730,15741180,Eddy,617,,Homme,54.0,6,51070.95,1,Oui,Oui,22662.63,Non
7731,15567446,Coffman,646,Allemagne,Homme,39.0,9,55787.205,1,Oui,Oui,15419.255,Non
7732,15666163,Hayward,695,France,Homme,43.0,1,50210.55,1,Oui,Oui,50570.64,Non
7733,15814468,Wei,551,Allemagne,Homme,50.0,1,60699.99,1,Non,Oui,42254.22,Oui
7734,15796617,McGregor,720,France,Homme,29.0,2,0.0,2,Oui,Non,19962.76,Non
7735,15770543,Lowe,679,France,Homme,37.0,7,37130.015,1,Oui,Non,,Non
7736,15601263,Young,493,,Femme,48.0,7,0.0,2,Oui,Non,24272.55,Non
7737,15730830,Dale,752,France,Femme,,3,0.0,2,Oui,Oui,52495.64,Non
7738,15714046,Trevisano,720,Espagne,Homme,33.0,3,61891.955,2,Oui,Oui,71451.72,Non
7739,15611409,Sun,676,Espagne,Homme,35.0,0,0.0,2,Non,Non,,Non
7740,15609735,Campbell,533,Allemagne,Homme,51.0,6,63772.78,2,Non,Non,,Oui
7741,15612139,Fu,786,France,Femme,33.0,0,41518.025,1,Non,Oui,77495.29,Oui
7742,15626898,Teng,743,France,Homme,,7,38799.615,1,Non,Non,72203.55,Non
7743,15709252,Fuller,616,Allemagne,Femme,28.0,10,52586.995,1,Non,Oui,14917.685,Oui
7744,15769586,Horan,820,France,Femme,49.0,1,0.0,2,Oui,Oui,59543.625,Non
7745,15774164,Coles,502,Allemagne,Homme,33.0,5,87336.825,2,Oui,Non,16650.28,Non
7746,15637315,Melvin,601,Espagne,Femme,41.0,3,0.0,2,Oui,Non,27171.415,Non
7747,15809823,Thurgood,491,Allemagne,Homme,19.0,2,62930.1,1,Non,Non,,Non
7748,15652835,Liang,419,Espagne,Femme,27.0,2,60790.21,1,Non,Oui,67360.255,Non
7749,15619616,Costa,571,France,Femme,33.0,9,51008.625,2,Non,Non,64300.245,Non
7750,15709487,Freeman,668,Allemagne,Homme,34.0,5,40121.185,2,Non,Non,28390.485,Non
7751,15668774,Chiemenam,758,Allemagne,Femme,23.0,5,61369.55,1,Oui,Non,51230.42,Oui
7752,15654025,Jones,646,France,Femme,51.0,4,50814.65,1,Non,Non,65270.55,Non
7753,15683124,Evans,713,France,Homme,53.0,6,57514.7,1,Non,Non,95760.66,Oui
7754,15719294,Wood,800,France,Femme,29.0,2,0.0,2,Non,Non,,Non
7755,15736154,Gallo,823,France,Femme,44.0,1,0.0,2,Non,Oui,91247.85,Non
7756,15650442,Hsieh,644,Allemagne,Femme,32.0,8,70764.44,1,Oui,Oui,83543.67,Oui
7757,15580914,Okechukwu,478,Espagne,Homme,48.0,0,41643.525,2,Non,Oui,22073.975,Oui
7758,15586821,Bellew,727,France,Homme,28.0,5,0.0,2,Non,Oui,9826.54,Non
7759,15600337,Dobie,661,Espagne,Homme,42.0,2,89410.455,1,Non,Non,14679.285,Oui
7760,15791769,Gardener,691,France,Femme,,9,58268.215,1,Oui,Non,25993.995,Non
7761,15756299,Davis,741,France,Femme,64.0,2,34655.58,1,Oui,Oui,29618.86,Non
7762,15716781,Dolgorukova,815,France,Homme,24.0,7,85961.36,1,Non,Oui,89014.48,Non
7763,15711921,Scott,695,France,Homme,29.0,5,0.0,2,Oui,Oui,3385.22,Non
7764,15712596,Huang,499,France,Homme,31.0,4,0.0,1,Oui,Non,12975.245,Non
7765,15592765,Marks,637,France,Homme,40.0,8,62735.405,1,Oui,Oui,87268.085,Non
7766,15672640,Kambinachi,850,Espagne,Femme,45.0,4,57173.925,2,Oui,Oui,54544.52,Non
7767,15703059,Scott,549,Allemagne,Femme,49.0,6,62414.58,1,Non,Oui,46775.68,Non
7768,15565796,Docherty,745,Allemagne,Homme,48.0,10,48024.275,1,Oui,Non,37255.325,Non
7769,15690372,Henry,553,Espagne,Homme,38.0,1,90555.065,2,Oui,Non,92272.295,Non
7770,15689328,Harrison,705,Allemagne,Homme,48.0,9,57084.58,1,Non,Non,86636.6,Oui
7771,15715047,Joshua,640,Espagne,Homme,43.0,9,86239.075,1,Oui,Non,95542.2,Oui
7772,15683118,Rechner,590,France,Homme,32.0,9,0.0,2,Oui,Non,69444.575,Non
7773,15604891,Zaytseva,624,Espagne,Femme,38.0,8,0.0,2,Oui,Non,47701.705,Non
7774,15738063,Shen,631,France,Homme,29.0,2,0.0,2,Oui,Oui,9290.92,Non
7775,15679075,Onyemere,701,France,Homme,37.0,8,53899.425,1,Oui,Non,8483.365,Non
7776,15623277,Ross,696,France,Femme,30.0,8,0.0,2,Oui,Oui,98067.22,Non
7777,15642448,Onyemauchechukwu,656,,Homme,28.0,8,60023.885,1,Oui,Oui,68586.695,Non
7778,15675316,Avdeeva,619,France,Femme,38.0,3,0.0,2,Non,Oui,58233.675,Non
7779,15775888,McDonald,593,Allemagne,Femme,38.0,5,42813.3,1,Oui,Oui,62539.825,Non
7780,15579433,Pugh,793,Espagne,Homme,29.0,8,48337.275,2,Non,Non,96060.33,Non
7781,15653547,Madukwe,850,France,Homme,56.0,7,65658.74,1,Oui,Oui,59587.725,Non
7782,15595766,Watts,527,Espagne,Homme,37.0,5,46861.365,2,Oui,Oui,69546.865,Non
7783,15639217,McKenzie,806,France,Homme,34.0,6,0.0,2,Non,Non,50404.995,Non
7784,15578374,Gilroy,620,Espagne,Homme,36.0,7,84656.36,1,Oui,Non,22707.045,Non
7785,15747878,Aiken,739,Espagne,Homme,60.0,4,0.0,1,Oui,Oui,25818.835,Non
7786,15750497,Longo,850,France,Femme,37.0,7,76573.875,1,Oui,Oui,76117.65,Non
7787,15814092,Wang,626,France,Femme,,2,0.0,1,Non,Oui,86558.61,Oui
7788,15752846,Pinto,699,France,Homme,28.0,7,0.0,2,Oui,Oui,11342.39,Non
7789,15658409,Mao,686,France,Homme,41.0,5,64438.355,3,Oui,Oui,53469.67,Oui
7790,15799479,Coles,809,Espagne,Homme,33.0,9,0.0,1,Oui,Oui,62022.825,Non
7791,15737051,Denisov,639,France,Homme,27.0,8,0.0,2,Oui,Non,96123.675,Non
7792,15630349,Hollis,543,Espagne,Homme,23.0,5,0.0,2,Oui,Non,58916.195,Non
7793,15670528,Franz,787,Allemagne,Homme,43.0,0,66108.725,1,Oui,Non,10477.515,Oui
7794,15771728,Mackenzie,641,Allemagne,Homme,41.0,7,52202.77,3,Oui,Non,8692.105,Non
7795,15713770,Shih,586,Espagne,Homme,41.0,3,31936.78,1,Oui,Non,41876.82,Non
7796,15813850,Christian,720,France,Homme,52.0,7,0.0,1,Oui,Oui,7390.56,Non
7797,15645835,Milani,605,France,Homme,32.0,9,0.0,2,Oui,Oui,27862.12,Non
7798,15791700,Ugochukwutubelum,773,Allemagne,Homme,47.0,2,59039.735,4,Oui,Oui,71503.745,Oui
7799,15731026,Han,683,Allemagne,Femme,39.0,2,50031.08,2,Oui,Non,54600.715,Non
7800,15583303,Monaldo,593,France,Femme,,2,76132.715,1,Oui,Non,17002.22,Non
7801,15686974,Sergeyeva,751,France,Femme,48.0,4,0.0,1,Non,Oui,15082.53,Oui
7802,15632848,Ferrari,634,France,Femme,36.0,1,34759.475,1,Oui,Non,58119.195,Non
7803,15642710,Napolitani,686,France,Homme,26.0,7,0.0,2,Oui,Non,770.445,Non
7804,15667871,Kerr,572,Espagne,Homme,35.0,4,76195.13,1,Oui,Non,64061.83,Non
7805,15580953,Forbes,544,France,Homme,30.0,4,36609.445,1,Non,Oui,63398.345,Non
7806,15627484,Obielumani,686,France,Femme,47.0,5,56664.465,1,Oui,Non,62085.45,Non
7807,15590676,Kharlamova,735,France,Homme,34.0,1,70898.215,1,Oui,Non,22929.245,Non
7808,15674811,Kellway,739,Allemagne,Homme,29.0,3,29692.99,2,Oui,Oui,52766.98,Non
7809,15751180,Adams,539,France,Femme,40.0,7,40566.105,1,Oui,Non,83644.91,Non
7810,15785705,Thomson,705,Allemagne,Femme,44.0,10,53365.79,1,Oui,Non,68709.935,Oui
7811,15740104,Tuan,425,Espagne,Femme,22.0,7,84824.865,2,Non,Oui,68182.5,Oui
7812,15684696,Lei,560,Espagne,Femme,26.0,3,58288.225,1,Oui,Non,78783.685,Non
7813,15753831,Cox,642,Espagne,Homme,32.0,7,50216.9,1,Oui,Oui,19884.295,Non
7814,15709441,Cocci,745,Espagne,Femme,59.0,8,0.0,1,Oui,Oui,18062.49,Non
7815,15633181,Swinton,792,France,Homme,31.0,6,35634.945,2,Non,Oui,62956.385,Non
7816,15723013,Sutherland,613,Allemagne,Homme,28.0,7,38328.2,2,Oui,Oui,92741.62,Non
7817,15730738,Chiang,786,Espagne,Homme,31.0,9,0.0,2,Oui,Oui,9105.18,Non
7818,15603764,Chang,560,France,Homme,49.0,4,0.0,1,Oui,Oui,50037.55,Oui
7819,15592386,Campbell,520,France,Homme,58.0,3,0.0,2,Non,Oui,16395.01,Non
7820,15806230,Trevisano,629,Allemagne,Homme,40.0,2,60823.77,2,Oui,Oui,32424.87,Oui
7821,15605916,Uvarova,659,France,Femme,50.0,3,0.0,1,Oui,Non,91699.56,Oui
7822,15721189,Kung,666,France,Femme,66.0,7,0.0,2,Oui,Oui,49896.41,Non
7823,15587038,Ogochukwu,654,Espagne,Femme,32.0,2,0.0,1,Oui,Oui,25986.46,Oui
7824,15611729,Kerr,703,Allemagne,Homme,39.0,1,70779.75,1,Oui,Oui,15628.55,Oui
7825,15720636,McGregor,628,France,Femme,50.0,4,71527.28,1,Non,Oui,54804.405,Oui
7826,15624641,Kharlamova,740,Espagne,Homme,43.0,9,0.0,1,Oui,Non,99645.34,Oui
7827,15609704,Mao,608,France,Femme,33.0,4,0.0,1,Oui,Non,39652.19,Oui
7828,15623560,Onyekachukwu,668,France,Femme,35.0,6,51241.38,1,Oui,Oui,26997.32,Non
7829,15656921,Locke,850,France,Homme,31.0,4,0.0,2,Non,Non,76149.14,Non
7830,15582168,Muravyova,713,Allemagne,Femme,61.0,4,74762.67,2,Oui,Non,61831.815,Non
7831,15635240,Onuoha,553,France,Homme,42.0,1,0.0,2,Non,Non,11911.02,Non
7832,15660147,Dore,493,Espagne,Homme,32.0,8,23080.59,1,Oui,Oui,39788.7,Non
7833,15678146,Wong,668,Espagne,Femme,24.0,7,86981.16,1,Non,Non,53228.555,Oui
7834,15815534,Guidry,505,Espagne,Homme,37.0,0,67003.195,1,Oui,Oui,46868.345,Non
7835,15639314,Cartwright,589,France,Homme,32.0,2,0.0,2,Non,Oui,4734.32,Non
7836,15768219,Sung,850,Espagne,Homme,36.0,0,0.0,2,Oui,Non,70621.285,Non
7837,15677522,Rossi,593,France,Homme,,1,0.0,2,Non,Non,,Non
7838,15723263,Cocci,495,Allemagne,Femme,34.0,9,58580.16,1,Oui,Oui,,Oui
7839,15665678,Tan,607,Espagne,Homme,36.0,8,79130.84,1,Oui,Oui,38372.36,Non
7840,15710316,Fang,454,,Femme,48.0,5,72418.895,1,Oui,Oui,46575.885,Non
7841,15755178,Ramos,660,France,Homme,50.0,1,0.0,3,Oui,Oui,,Oui
7842,15636330,Ch'in,588,Allemagne,Femme,48.0,1,71639.79,2,Oui,Non,,Oui
7843,15626212,Wark,616,France,Homme,29.0,9,0.0,1,Oui,Oui,83492.22,Non
7844,15696054,Tychonoff,596,France,Homme,,2,0.0,1,Non,Oui,60587.93,Non
7845,15656029,Marsden,609,France,Homme,37.0,6,0.0,2,Non,Oui,11015.36,Non
7846,15675896,Gough,680,Allemagne,Femme,42.0,7,52861.345,1,Oui,Oui,45279.12,Oui
7847,15808386,Cocci,721,Allemagne,Femme,45.0,7,69261.6,1,Non,Non,29802.225,Oui
7848,15613085,Ibrahimova,628,Espagne,Femme,33.0,3,0.0,1,Oui,Oui,94096.625,Non
7849,15759555,Murphy,569,Espagne,Homme,41.0,2,0.0,2,Oui,Non,,Non
7850,15657306,Kershaw,567,France,Femme,47.0,2,0.0,1,Non,Non,55450.215,Oui
7851,15581811,Chukwubuikem,678,Allemagne,Femme,30.0,1,69838.475,2,Non,Oui,,Non
7852,15656710,Cocci,613,France,Homme,40.0,4,0.0,1,Non,Non,75662.62,Non
7853,15754105,Olisanugo,650,France,Homme,37.0,5,53483.59,1,Non,Non,12247.515,Non
7854,15755722,H?,554,France,Homme,24.0,10,0.0,1,Non,Non,46090.31,Non
7855,15730448,Iroawuchi,538,Allemagne,Homme,25.0,5,31241.475,1,Oui,Oui,51379.215,Non
7856,15790717,Osinachi,695,Espagne,Homme,35.0,7,0.0,2,Oui,Non,80193.99,Non
7857,15810716,Kerr,750,Allemagne,Homme,42.0,8,75918.18,2,Oui,Non,34347.69,Non
7858,15745354,Franklin,611,Espagne,Femme,37.0,4,0.0,2,Oui,Non,62848.13,Non
7859,15608588,Mackinlay,563,Allemagne,Homme,41.0,2,50260.46,1,Oui,Oui,9706.4,Oui
7860,15674671,Conway,551,Espagne,Homme,76.0,2,64205.355,2,Oui,Oui,90859.365,Non
7861,15789974,Enemuo,713,France,Homme,33.0,6,47299.24,1,Non,Non,98759.83,Oui
7862,15703037,Edwards,618,France,Homme,37.0,5,0.0,1,Non,Oui,89352.725,Oui
7863,15577587,Reynolds,550,Allemagne,Homme,52.0,5,60508.115,1,Oui,Oui,20865.185,Oui
7864,15635285,Taylor,647,France,Homme,28.0,8,0.0,2,Oui,Oui,45527.635,Non
7865,15708791,Abazu,584,Espagne,Homme,32.0,9,42767.415,1,Non,Non,84568.62,Non
7866,15799652,Daigle,763,France,Femme,38.0,0,76291.1,2,Non,Non,15946.41,Non
7867,15667521,Crawford,631,France,Femme,22.0,3,0.0,2,Non,Non,15390.885,Non
7868,15626475,Gamble,685,France,Homme,30.0,2,0.0,2,Oui,Oui,70444.66,Non
7869,15616954,Smith,592,France,Homme,71.0,4,0.0,2,Non,Oui,8506.77,Non
7870,15645904,Parsons,685,France,Femme,33.0,6,0.0,2,Non,Oui,93392.505,Non
7871,15797065,Goloubev,613,Espagne,Femme,32.0,0,0.0,2,Non,Oui,63337.81,Non
7872,15772421,Tretiakov,645,,Femme,31.0,1,64463.965,1,Oui,Oui,1425.005,Non
7873,15756625,Crawford,752,France,Femme,41.0,8,0.0,2,Oui,Non,69922.02,Oui
7874,15732113,Butters,671,Espagne,Homme,50.0,8,0.0,1,Non,Oui,1280.055,Non
7875,15770121,Bancroft,623,France,Femme,34.0,9,0.0,1,Oui,Non,12127.605,Non
7876,15686436,Newbery,523,Espagne,Homme,32.0,4,0.0,2,Oui,Non,83924.01,Non
7877,15581280,Atkinson,714,Allemagne,Homme,29.0,6,46443.565,1,Oui,Oui,34789.245,Non
7878,15607690,Hsing,689,Allemagne,Homme,47.0,2,59406.25,2,Non,Non,15560.71,Non
7879,15575185,Bushell,757,Espagne,Homme,33.0,5,38626.61,1,Non,Oui,97119.815,Non
7880,15600975,Chiemenam,556,France,Femme,54.0,4,75002.69,1,Oui,Non,,Oui
7881,15785485,Zhou,595,Allemagne,Femme,41.0,2,69439.405,1,Non,Oui,56134.835,Non
7882,15584453,Burtch,555,Espagne,Homme,32.0,10,0.0,2,Non,Oui,84302.98,Non
7883,15606641,Beggs,762,Allemagne,Homme,56.0,10,50130.44,3,Oui,Oui,38571.21,Oui
7884,15798615,Wan,850,France,Femme,47.0,9,68650.935,1,Oui,Non,22175.885,Non
7885,15716085,Norris,739,Espagne,Femme,,8,0.0,1,Oui,Non,95847.385,Oui
7886,15740868,Pirogova,658,Allemagne,Femme,45.0,9,67281.4,1,Oui,Oui,79634.335,Non
7887,15807609,Yuan,650,Espagne,Femme,25.0,3,43302.75,3,Oui,Non,8324.655,Oui
7888,15673907,Alexander,659,France,Homme,20.0,8,0.0,2,Non,Non,56286.01,Non
7889,15600739,Galkin,562,Espagne,Femme,35.0,0,0.0,2,Oui,Non,59949.76,Non
7890,15590730,Hunt,745,Espagne,Homme,34.0,9,0.0,2,Oui,Non,25023.125,Non
7891,15616929,De Luca,730,Espagne,Homme,62.0,5,56090.54,1,Non,Oui,30756.935,Non
7892,15666884,Su,508,Allemagne,Femme,41.0,5,41080.85,2,Oui,Non,93888.245,Non
7893,15681476,Foveaux,520,France,Femme,39.0,1,36746.585,1,Non,Oui,54813.065,Oui
7894,15697310,O'Callaghan,559,Allemagne,Femme,28.0,3,76132.405,1,Non,Non,32121.155,Non
7895,15648858,King,666,France,Femme,27.0,1,42612.605,1,Non,Oui,32255.72,Non
7896,15748616,Napolitani,599,France,Homme,27.0,5,0.0,2,Oui,Non,15273.2,Non
7897,15794841,Kung,739,Espagne,Homme,19.0,5,44875.105,1,Oui,Non,96504.26,Non
7898,15773639,Truscott,745,Allemagne,Homme,35.0,4,49135.17,1,Oui,Non,,Non
7899,15637891,Docherty,613,Allemagne,Femme,43.0,4,70340.84,1,Non,Oui,10067.035,Non
7900,15611331,Niu,511,France,Femme,46.0,1,0.0,1,Oui,Oui,57889.74,Oui
7901,15566111,Estes,596,France,Homme,39.0,9,0.0,1,Oui,Non,24481.795,Non
7902,15573456,Cunningham,648,Espagne,Homme,46.0,9,63604.5,2,Oui,Non,38702.975,Oui
7903,15760570,Stephenson,590,France,Homme,32.0,5,0.0,2,Oui,Non,29624.915,Non
7904,15737452,Romeo,653,Allemagne,Homme,58.0,1,66301.44,1,Oui,Non,2548.835,Oui
7905,15740428,Wyatt,507,France,Femme,35.0,1,0.0,2,Non,Non,46065.77,Non
7906,15751943,Mai,529,Espagne,Femme,43.0,5,0.0,2,Non,Non,39738.315,Non
7907,15630920,Du Cane,724,France,Homme,34.0,2,77242.87,2,Non,Non,39280.32,Non
7908,15572461,Kung,663,Allemagne,Femme,29.0,4,51357.325,2,Non,Non,10585.405,Non
7909,15655389,Leckie,638,France,Homme,41.0,1,65881.47,1,Oui,Oui,23837.645,Non
7910,15608109,Greco,710,Allemagne,Homme,58.0,7,85056.5,2,Non,Oui,5247.32,Non
7911,15616700,Leach,622,Espagne,Femme,41.0,9,0.0,2,Oui,Oui,,Non
7912,15765461,Giles,632,Espagne,Homme,47.0,3,0.0,2,Oui,Non,89411.16,Non
7913,15734588,Manning,684,France,Homme,46.0,0,0.0,2,Oui,Oui,18188.485,Non
7914,15571778,Trentini,817,France,Femme,55.0,10,58780.745,1,Oui,Non,47970.775,Oui
7915,15760825,Fraser,604,France,Femme,40.0,1,0.0,2,Oui,Non,61603.585,Non
7916,15664035,Parsons,590,Espagne,Femme,38.0,9,0.0,2,Oui,Oui,74375.08,Non
7917,15673747,Ayers,519,France,Femme,22.0,8,0.0,1,Non,Oui,83776.53,Non
7918,15649150,Buddicom,531,France,Femme,53.0,5,63821.22,1,Oui,Non,70750.725,Oui
7919,15670552,Peavy,560,France,Femme,31.0,3,57570.59,1,Oui,Non,19903.375,Non
7920,15670859,Smith,718,Allemagne,Femme,,7,46574.37,2,Oui,Oui,95373.19,Non
7921,15757912,Bradley,722,Allemagne,Femme,37.0,0,62988.905,1,Non,Non,80081.21,Non
7922,15651664,Wilder,615,France,Femme,61.0,1,52133.85,1,Oui,Non,31422.82,Oui
7923,15673971,Houghton,655,Allemagne,Femme,44.0,6,73249.38,1,Oui,Non,32426.755,Oui
7924,15801701,Robson,653,Espagne,Homme,35.0,9,0.0,2,Oui,Oui,22978.025,Non
7925,15680201,Marcelo,627,Allemagne,Homme,24.0,5,51386.6,2,Oui,Non,28396.51,Oui
7926,15578648,Marino,543,Allemagne,Homme,49.0,6,29766.09,1,Oui,Non,52126.78,Non
7927,15757981,Loggia,748,France,Homme,66.0,8,0.0,1,Oui,Oui,81665.825,Non
7928,15691287,Ford,675,Allemagne,Femme,33.0,0,70908.125,1,Oui,Non,32407.525,Oui
7929,15710366,Hamilton,569,Espagne,Femme,42.0,1,0.0,1,Oui,Oui,41814.8,Oui
7930,15687218,West,674,France,Femme,27.0,4,39572.17,1,Non,Oui,25371.915,Non
7931,15627377,Sabbatini,593,France,Homme,41.0,6,0.0,2,Oui,Oui,49568.245,Non
7932,15772632,Ts'ui,680,France,Femme,34.0,1,0.0,2,Oui,Non,83517.535,Non
7933,15669282,Uchechukwu,636,France,Femme,20.0,10,62133.43,1,Non,Non,50283.405,Non
7934,15658475,Lori,834,France,Homme,36.0,8,71441.245,1,Oui,Non,44991.51,Oui
7935,15592123,Buccho,768,France,Homme,30.0,6,0.0,2,Oui,Oui,99727.185,Non
7936,15613786,Ogbonnaya,818,Espagne,Homme,26.0,4,0.0,2,Oui,Oui,83518.47,Non
7937,15680772,Hu,721,,Femme,36.0,2,0.0,2,Oui,Oui,53488.9,Non
7938,15677117,Crawford,629,France,Femme,61.0,6,0.0,2,Oui,Oui,66836.305,Non
7939,15582903,Edwards,643,France,Homme,39.0,7,0.0,2,Oui,Oui,85196.295,Non
7940,15801351,Milanesi,583,France,Homme,40.0,3,0.0,2,Oui,Non,23864.0,Non
7941,15777743,Cattaneo,705,France,Femme,39.0,3,46112.28,1,Oui,Oui,27258.625,Non
7942,15651900,Bergamaschi,782,Allemagne,Femme,53.0,1,40785.525,1,Oui,Non,91480.23,Oui
7943,15625311,Dickinson,589,Allemagne,Femme,41.0,7,46309.31,1,Oui,Oui,,Non
7944,15792679,Troupe,575,,Homme,24.0,2,0.0,2,Oui,Oui,59963.905,Non
7945,15651001,Tsao,725,Allemagne,Femme,39.0,5,58401.9,1,Oui,Non,62026.485,Non
7946,15732917,Li,729,Allemagne,Homme,46.0,5,58918.715,1,Oui,Non,52008.305,Oui
7947,15776743,Eberegbulam,647,France,Homme,43.0,9,0.0,2,Oui,Oui,39244.195,Non
7948,15724402,Tyler,770,France,Femme,30.0,8,0.0,2,Oui,Non,50278.515,Non
7949,15729804,Manfrin,714,France,Homme,34.0,10,0.0,2,Oui,Oui,40117.07,Non
7950,15642041,Burns,727,Allemagne,Homme,40.0,1,46525.82,2,Oui,Non,35932.655,Oui
7951,15664897,Bryant,682,France,Femme,,2,90583.22,1,Oui,Oui,31868.595,Oui
7952,15712772,Onwubiko,757,France,Homme,28.0,3,37690.575,1,Oui,Oui,99863.86,Non
7953,15769356,Stevenson,520,Allemagne,Femme,23.0,3,58011.265,2,Oui,Oui,18788.83,Non
7954,15611669,Nyhan,623,Allemagne,Homme,50.0,7,63304.185,1,Non,Oui,322.805,Oui
7955,15733597,Y?an,669,France,Femme,41.0,0,75109.705,2,Non,Non,53919.515,Non
7956,15684358,Kang,711,France,Homme,41.0,3,0.0,2,Oui,Oui,96873.785,Non
7957,15708256,Chien,803,France,Homme,28.0,3,0.0,2,Oui,Non,79827.0,Non
7958,15801265,Tang,689,Espagne,Femme,45.0,0,28892.11,1,Oui,Non,98902.0,Oui
7959,15627848,Tsui,683,France,Homme,38.0,7,54673.065,2,Oui,Non,51332.96,Non
7960,15628144,Soares,635,France,Femme,72.0,4,37406.42,1,Non,Oui,13724.165,Non
7961,15588341,Chigozie,647,Espagne,Homme,47.0,10,49917.585,1,Non,Oui,44551.525,Non
7962,15659234,Y?,494,France,Homme,30.0,3,42852.475,1,Non,Oui,13943.03,Non
7963,15636700,Marsh,701,France,Homme,39.0,9,70118.49,1,Non,Oui,73325.995,Non
7964,15585599,Stone,530,France,Femme,34.0,8,0.0,2,Non,Oui,70936.26,Non
7965,15699492,Lorenzo,665,Allemagne,Femme,27.0,2,73717.98,1,Non,Non,93754.03,Non
7966,15610643,De Luca,435,Allemagne,Homme,44.0,3,75869.825,1,Oui,Non,83730.75,Non
7967,15785042,Hsiung,488,France,Femme,31.0,8,48794.3,1,Non,Non,62105.265,Non
7968,15636238,Graham,611,,Homme,40.0,1,0.0,2,Oui,Oui,51273.78,Non
7969,15677141,Turnbull,586,Espagne,Homme,29.0,2,66225.12,1,Oui,Oui,18088.315,Non
7970,15584364,Trentini,652,France,Homme,48.0,4,29743.155,1,Oui,Non,81972.09,Oui
7971,15801247,Fan,605,Espagne,Homme,39.0,10,52658.865,2,Oui,Non,69010.68,Non
7972,15650454,Tran,641,France,Homme,57.0,5,0.0,2,Oui,Oui,61224.59,Non
7973,15755241,Rahman,714,France,Femme,52.0,2,0.0,1,Non,Oui,72022.54,Oui
7974,15614054,Pankhurst,665,,Homme,36.0,1,0.0,2,Non,Oui,,Non
7975,15619932,Lombardi,847,France,Homme,66.0,7,61880.34,1,Non,Oui,26578.58,Non
7976,15566494,Fang,487,France,Homme,45.0,2,0.0,2,Oui,Non,38737.865,Non
7977,15677921,Bobrov,720,Allemagne,Homme,60.0,9,57960.31,2,Non,Non,78776.04,Oui
7978,15752694,Taylor,653,France,Femme,32.0,4,41886.475,1,Non,Oui,11960.325,Non
7979,15569867,Chinweuba,529,France,Femme,29.0,8,0.0,2,Oui,Non,9921.055,Non
7980,15604497,Beale,458,Allemagne,Homme,44.0,7,42193.285,1,Oui,Non,89321.365,Non
7981,15701200,Lucciano,576,France,Homme,36.0,6,0.0,2,Oui,Oui,24157.0,Non
7982,15805627,Nebechukwu,670,France,Homme,37.0,2,0.0,2,Oui,Oui,27114.87,Non
7983,15621457,Chu,850,France,Homme,27.0,6,48327.36,2,Non,Non,76370.08,Non
7984,15630113,Morphett,593,Espagne,Homme,35.0,4,80818.875,1,Oui,Oui,10004.23,Non
7985,15787051,Georg,750,Espagne,Femme,39.0,7,59782.96,1,Oui,Non,43533.865,Non
7986,15813504,Onyemachukwu,543,Allemagne,Femme,25.0,1,73283.005,1,Non,Oui,80703.74,Non
7987,15705448,Gilbert,647,Allemagne,Homme,52.0,7,65006.56,1,Oui,Oui,95403.18,Oui
7988,15791972,Bergamaschi,748,France,Femme,20.0,7,0.0,2,Non,Non,5396.21,Non
7989,15757632,Hughes-Jones,496,,Femme,41.0,1,88012.025,2,Oui,Non,91168.99,Non
7990,15747807,Gallagher,720,France,Femme,43.0,6,68912.015,2,Oui,Non,86278.885,Non
7991,15721487,Pirogova,739,France,Femme,27.0,6,0.0,1,Oui,Oui,28786.19,Non
7992,15617982,Pirozzi,661,Espagne,Femme,42.0,3,0.0,2,Oui,Non,,Non
7993,15811842,Artemyeva,630,Espagne,Homme,26.0,7,0.0,2,Oui,Oui,3328.32,Non
7994,15804853,McVey,781,,Femme,48.0,0,28549.48,1,Oui,Non,42822.03,Oui
7995,15805104,Smith,743,France,Femme,73.0,6,0.0,2,Non,Oui,53933.69,Non
7996,15571550,Dore,699,France,Homme,39.0,9,0.0,1,Oui,Non,40481.96,Non
7997,15786469,Montalvo,686,France,Femme,34.0,1,0.0,2,Oui,Non,43639.24,Non
7998,15664720,Kovalyova,714,Espagne,Homme,33.0,8,61008.595,1,Non,Non,,Non
7999,15607170,Boyle,699,France,Homme,35.0,5,0.0,2,Oui,Oui,39198.62,Non
8000,15661433,Zetticci,519,France,Homme,34.0,5,0.0,1,Oui,Non,34239.8,Non
8001,15646372,Outhwaite,616,France,Femme,66.0,1,67921.205,1,Oui,Non,91920.255,Oui
8002,15663194,Voronova,582,Allemagne,Femme,40.0,3,55075.215,1,Oui,Oui,95878.825,Oui
8003,15637118,Burns,684,France,Homme,33.0,4,70350.305,1,Oui,Non,51778.965,Non
8004,15785519,May,565,France,Homme,36.0,6,53096.05,1,Oui,Non,74787.795,Non
8005,15598700,Hysell,676,Espagne,Femme,30.0,5,0.0,2,Non,Oui,78944.25,Non
8006,15679968,Ting,623,France,Homme,40.0,5,59394.285,1,Oui,Non,96433.7,Non
8007,15814032,Hsieh,807,Allemagne,Femme,31.0,1,46730.235,2,Non,Non,86391.345,Non
8008,15718912,Hsueh,608,Allemagne,Femme,44.0,5,63073.92,1,Non,Oui,66212.345,Oui
8009,15684908,Davidson,540,Allemagne,Homme,64.0,1,45934.845,1,Non,Oui,47710.5,Non
8010,15781505,Giordano,685,France,Homme,20.0,4,52359.97,2,Oui,Non,19345.67,Non
8011,15792180,Chiekwugo,566,Allemagne,Homme,22.0,7,72477.375,2,Oui,Non,51123.0,Non
8012,15757568,Bogolyubov,704,France,Femme,45.0,6,0.0,1,Oui,Oui,68869.725,Non
8013,15732672,Stewart,743,Espagne,Homme,,6,39694.165,1,Oui,Oui,96680.345,Non
8014,15747960,Eluemuno,733,France,Homme,33.0,3,0.0,1,Oui,Oui,3833.365,Non
8015,15596972,Brownlow,534,France,Homme,38.0,3,0.0,1,Non,Non,71969.135,Non
8016,15626322,Lees,699,Espagne,Femme,29.0,9,63785.465,2,Oui,Non,82378.405,Non
8017,15615456,Aleksandrova,680,France,Femme,37.0,10,61903.14,1,Oui,Non,40888.42,Oui
8018,15688973,Vinogradova,598,Espagne,Femme,39.0,5,0.0,2,Oui,Oui,41551.73,Non
8019,15720649,Ferdinand,641,France,Femme,36.0,5,33196.32,1,Oui,Non,15553.335,Non
8020,15752097,Chiazagomekpere,708,Espagne,Homme,38.0,8,49820.445,1,Oui,Non,6214.61,Non
8021,15598157,Onyeorulu,728,France,Homme,34.0,4,53164.04,1,Oui,Non,44340.325,Non
8022,15629793,Banks,652,Espagne,Homme,28.0,8,78411.85,2,Oui,Non,99125.76,Non
8023,15598097,Johnstone,550,France,Homme,44.0,9,0.0,2,Oui,Non,13128.505,Non
8024,15625713,Lindeman,679,Espagne,Femme,39.0,7,45593.95,1,Non,Oui,3037.68,Non
8025,15675190,Chia,623,France,Homme,21.0,10,0.0,2,Non,Oui,67925.65,Non
8026,15707681,Pokrovsky,501,Allemagne,Homme,38.0,9,44488.695,2,Non,Oui,66701.535,Non
8027,15626679,Linger,584,,Homme,33.0,3,0.0,2,Non,Oui,29551.565,Non
8028,15659100,Lane,605,France,Homme,33.0,9,64076.41,1,Non,Non,73911.405,Non
8029,15775703,Lo,702,France,Homme,26.0,2,35640.645,1,Oui,Oui,54373.56,Oui
8030,15596339,French,422,,Homme,54.0,3,70007.21,1,Non,Oui,43175.485,Non
8031,15766869,Uspenskaya,634,Allemagne,Homme,37.0,1,44848.42,2,Oui,Oui,96589.94,Non
8032,15634373,Yang,764,France,Homme,30.0,5,0.0,2,Non,Oui,52577.83,Non
8033,15637593,Greco,722,France,Homme,20.0,6,0.0,2,Oui,Non,97743.14,Non
8034,15623107,Chukwumaobim,686,Espagne,Homme,45.0,3,37137.435,3,Oui,Non,32453.74,Oui
8035,15714355,Sinclair,775,Allemagne,Homme,32.0,8,60834.615,1,Non,Oui,62949.195,Non
8036,15713479,Ozuluonye,656,France,Homme,35.0,6,0.0,2,Oui,Non,742.635,Non
8037,15654891,He,811,France,Homme,30.0,6,0.0,2,Oui,Oui,,Non
8038,15630580,Y?,751,Allemagne,Homme,34.0,9,54256.625,2,Oui,Oui,13548.91,Non
8039,15671917,Wade,666,France,Homme,46.0,5,61936.595,1,Oui,Oui,88922.03,Non
8040,15672798,O'Brien,656,France,Femme,45.0,7,72966.635,1,Oui,Oui,99696.07,Non
8041,15610403,Anderson,659,France,Homme,43.0,1,53043.21,2,Oui,Non,13450.315,Non
8042,15642248,Ko,608,Espagne,Homme,66.0,8,61967.675,1,Oui,Oui,32879.095,Non
8043,15772528,Mishin,750,France,Femme,47.0,7,60688.075,2,Oui,Non,27236.8,Oui
8044,15592222,Lo,505,,Homme,49.0,7,40000.615,1,Non,Non,67590.055,Non
8045,15776223,Davide,597,France,Femme,42.0,4,32370.06,1,Oui,Oui,53420.56,Non
8046,15703541,Wang,772,Allemagne,Femme,51.0,9,71965.46,1,Non,Oui,23337.755,Oui
8047,15677785,Stevenson,656,Espagne,Homme,32.0,5,68481.56,1,Oui,Non,66907.14,Non
8048,15593897,Carr,650,Espagne,Homme,25.0,7,80299.53,2,Oui,Oui,14195.76,Non
8049,15677939,Ch'eng,584,France,Femme,41.0,3,0.0,2,Oui,Oui,80047.74,Non
8050,15636812,Rose,583,France,Homme,40.0,9,56350.52,1,Non,Non,14606.815,Non
8051,15724269,Yao,670,France,Homme,25.0,7,0.0,2,Oui,Oui,72361.69,Non
8052,15781451,Buccho,504,France,Homme,42.0,3,67468.485,2,Non,Non,67589.455,Non
8053,15578722,Bradley,689,France,Homme,39.0,4,0.0,2,Oui,Non,98056.225,Non
8054,15804142,Tan,670,Espagne,Femme,57.0,3,87787.975,2,Oui,Non,49530.875,Oui
8055,15728010,Capon,485,France,Homme,37.0,5,0.0,2,Non,Oui,85113.235,Non
8056,15624677,Marquez,543,Allemagne,Femme,37.0,3,61152.325,2,Non,Non,,Non
8057,15731267,Rizzo,797,France,Homme,37.0,4,37631.85,1,Oui,Non,42900.885,Non
8058,15764226,Lu,630,Allemagne,Femme,28.0,8,53212.875,1,Oui,Oui,10172.42,Non
8059,15679760,Slattery,721,France,Homme,46.0,1,57882.16,2,Non,Non,51475.395,Non
8060,15696120,Wallace,701,Espagne,Femme,30.0,2,0.0,2,Oui,Non,57825.315,Non
8061,15621653,Rice,716,France,Femme,29.0,10,43973.195,1,Oui,Oui,91265.87,Non
8062,15706464,White,667,Espagne,Homme,35.0,4,48792.66,2,Non,Non,28606.73,Non
8063,15663168,MacDonald,665,France,Homme,35.0,8,55467.27,1,Oui,Non,84643.995,Non
8064,15645103,Su,812,Allemagne,Homme,25.0,5,27408.775,1,Oui,Non,65830.155,Non
8065,15648069,Onyemachukwu,850,France,Femme,36.0,6,0.0,2,Oui,Oui,95097.475,Non
8066,15623647,Dellucci,655,Espagne,Femme,36.0,1,67757.88,1,Oui,Non,43006.98,Non
8067,15598086,Brown,624,France,Femme,45.0,3,34319.785,1,Oui,Non,84001.155,Oui
8068,15640855,T'ien,729,Allemagne,Homme,40.0,5,56787.305,2,Oui,Non,51698.04,Non
8069,15712483,Chidi,608,Espagne,Femme,28.0,4,0.0,2,Oui,Non,5449.815,Oui
8070,15743293,Waters,651,Allemagne,Femme,35.0,1,81850.39,3,Oui,Oui,14791.74,Oui
8071,15764866,Synnot,539,Allemagne,Femme,43.0,3,58110.25,3,Oui,Non,27901.98,Oui
8072,15681991,Walsh,542,France,Homme,32.0,7,53935.86,1,Oui,Non,62651.32,Non
8073,15704160,Wan,648,Espagne,Homme,49.0,5,0.0,1,Oui,Non,74973.215,Oui
8074,15706899,Ma,559,France,Homme,34.0,4,0.0,2,Oui,Oui,33360.99,Non
8075,15785488,Palmer,701,Espagne,Femme,39.0,9,0.0,2,Oui,Oui,55021.94,Non
8076,15712930,Duncan,587,France,Homme,42.0,1,0.0,1,Non,Non,61503.455,Non
8077,15764153,Rowe,704,France,Femme,33.0,0,65249.545,2,Oui,Oui,37402.18,Non
8078,15664808,Nicoll,790,Espagne,Femme,37.0,3,0.0,3,Non,Non,49448.66,Non
8079,15646969,Anayolisa,776,Espagne,Homme,33.0,2,0.0,2,Oui,Oui,88460.5,Non
8080,15656188,Davis,584,Espagne,Femme,30.0,5,0.0,2,Oui,Oui,92600.79,Non
8081,15692664,Diribe,677,France,Femme,58.0,1,45011.425,1,Non,Oui,1494.14,Non
8082,15707473,Summers,850,Allemagne,Femme,48.0,6,55981.495,1,Oui,Non,55877.9,Non
8083,15627876,Pavlova,719,Espagne,Femme,47.0,9,58196.795,1,Oui,Non,31525.66,Oui
8084,15736769,Lucchesi,663,France,Femme,27.0,9,0.0,2,Oui,Non,75425.145,Non
8085,15615219,Obielumani,518,France,Homme,,5,69386.075,1,Non,Oui,61936.0,Non
8086,15587311,Dobbs,582,Espagne,Homme,33.0,6,0.0,2,Non,Oui,36485.465,Non
8087,15615050,Savage,575,Allemagne,Homme,47.0,9,53957.97,2,Oui,Oui,31726.09,Oui
8088,15813862,Yevseyev,526,Espagne,Homme,66.0,7,66022.3,2,Oui,Oui,79182.945,Non
8089,15716347,Griffin,663,Allemagne,Homme,37.0,7,71812.915,2,Non,Oui,88243.525,Non
8090,15682928,Chiazagomekpere,695,Espagne,Homme,39.0,4,32760.6,1,Oui,Oui,621.985,Non
8091,15595917,Mackay,580,France,Femme,35.0,1,51048.665,1,Non,Oui,84142.925,Non
8092,15761713,Johnstone,678,France,Femme,43.0,7,89037.165,1,Non,Non,55202.95,Non
8093,15583857,Siciliano,623,Espagne,Femme,43.0,4,61768.26,2,Non,Non,77454.26,Non
8094,15715638,Ch'ang,824,Allemagne,Homme,77.0,3,13758.575,2,Non,Oui,1373.205,Non
8095,15702416,Cecil,734,France,Homme,43.0,7,53902.835,1,Non,Non,91252.84,Non
8096,15654975,Wu,641,France,Femme,53.0,0,61917.76,2,Non,Oui,80055.325,Non
8097,15689671,Packham,775,Espagne,Homme,27.0,4,0.0,1,Oui,Oui,20403.63,Non
8098,15586752,Parkes,628,Allemagne,Homme,33.0,8,76071.945,1,Oui,Oui,16087.015,Non
8099,15776936,Whitworth,475,France,Homme,40.0,7,80409.04,1,Non,Oui,,Oui
8100,15702541,Fraser,551,France,Femme,59.0,2,83484.14,1,Oui,Non,79741.88,Oui
8101,15785339,H?,640,France,Femme,50.0,9,58782.515,2,Non,Non,41279.885,Non
8102,15759717,Mazzi,763,Espagne,Femme,39.0,7,0.0,2,Oui,Non,9729.375,Non
8103,15701537,Ignatiev,756,France,Homme,60.0,2,0.0,1,Oui,Oui,83256.745,Oui
8104,15795370,Mazure,648,Allemagne,Homme,37.0,6,65876.705,1,Oui,Non,43447.335,Non
8105,15765375,Butusov,797,France,Femme,46.0,8,0.0,1,Non,Non,81334.165,Non
8106,15726103,Tsou,689,Allemagne,Femme,55.0,1,38148.405,1,Oui,Non,21182.375,Oui
8107,15634143,Onyemauchechi,581,Espagne,Homme,30.0,0,26645.93,1,Non,Non,98291.14,Non
8108,15668521,Jamieson,693,France,Homme,37.0,1,0.0,2,Oui,Oui,41433.775,Non
8109,15589715,Fulks,584,France,Femme,,5,0.0,1,Oui,Non,24776.69,Oui
8110,15573893,Barry,569,Allemagne,Homme,25.0,9,86729.725,2,Oui,Oui,22190.53,Non
8111,15639662,Phillips,710,France,Homme,38.0,2,0.0,2,Oui,Non,48.135,Non
8112,15775153,Buchi,630,Espagne,Homme,32.0,4,41017.0,1,Non,Non,73163.225,Non
8113,15597951,Muir,471,France,Femme,,4,57356.785,1,Oui,Oui,18157.515,Non
8114,15698732,K'ung,789,Allemagne,Homme,51.0,3,52338.545,1,Oui,Non,37132.69,Non
8115,15670080,Mackenzie,584,Allemagne,Femme,29.0,7,52602.005,1,Non,Oui,69245.015,Non
8116,15742009,Hsueh,489,Espagne,Homme,58.0,4,0.0,2,Oui,Oui,95709.66,Non
8117,15598940,Achebe,681,Allemagne,Homme,38.0,6,90902.17,2,Oui,Oui,28758.855,Non
8118,15641110,Abron,708,France,Homme,41.0,0,0.0,1,Oui,Non,64200.31,Non
8119,15596175,McIntosh,659,Allemagne,Homme,67.0,6,58705.8,1,Oui,Oui,22535.545,Oui
8120,15587266,Douglas,606,Allemagne,Femme,27.0,6,86155.165,1,Non,Oui,55724.46,Non
8121,15808283,Kelly,647,France,Femme,33.0,4,0.0,1,Oui,Non,76161.52,Non
8122,15779522,Efimov,736,France,Femme,24.0,0,0.0,2,Oui,Non,54677.865,Oui
8123,15635775,Watt,781,France,Homme,33.0,3,44638.24,1,Oui,Non,,Non
8124,15764892,Spinelli,590,Espagne,Femme,51.0,10,42237.31,2,Oui,Oui,95468.545,Non
8125,15692761,Pratt,718,France,Homme,36.0,9,0.0,1,Oui,Non,22954.935,Non
8126,15796179,Moore,683,France,Homme,43.0,8,0.0,1,Oui,Non,48377.4,Non
8127,15673481,Morton,726,Espagne,Femme,48.0,6,49953.095,1,Oui,Non,32161.62,Non
8128,15623450,Brown,637,Allemagne,Femme,27.0,7,67921.445,1,Oui,Oui,50709.025,Non
8129,15727811,Ts'ui,661,Allemagne,Femme,47.0,0,54746.81,1,Non,Non,94162.005,Oui
8130,15733361,Davide,651,Allemagne,Femme,45.0,6,43357.03,1,Oui,Non,42934.945,Oui
8131,15700854,Cunningham,595,Espagne,Homme,35.0,8,0.0,1,Oui,Non,50007.895,Oui
8132,15632446,Allan,667,France,Homme,24.0,4,0.0,2,Non,Non,90164.915,Non
8133,15574879,Wright,631,Allemagne,Femme,37.0,2,60900.86,2,Non,Oui,11573.31,Non
8134,15745201,Frewin,612,,Femme,43.0,4,69748.175,2,Oui,Oui,38564.115,Non
8135,15569670,Alexeyeva,627,Allemagne,Homme,30.0,6,56186.48,1,Oui,Oui,59014.545,Non
8136,15571193,Morrison,579,Allemagne,Homme,42.0,0,72193.16,1,Oui,Oui,11248.55,Oui
8137,15625623,Stevenson,567,France,Femme,45.0,4,0.0,2,Non,Oui,60526.595,Non
8138,15626383,Tang,596,,Homme,60.0,7,60953.985,1,Non,Oui,15157.02,Non
8139,15627185,Terry,744,Allemagne,Homme,29.0,6,61868.52,2,Oui,Non,70779.02,Non
8140,15626044,Lettiere,762,Allemagne,Homme,28.0,3,62577.915,2,Oui,Oui,53012.01,Non
8141,15577359,Bezrukov,767,Espagne,Homme,47.0,5,0.0,1,Oui,Non,60982.23,Oui
8142,15745844,Kerr,642,Allemagne,Femme,40.0,6,64751.245,2,Non,Oui,43049.615,Oui
8143,15754112,Musgrove,653,Espagne,Homme,55.0,7,0.0,2,Oui,Oui,20983.515,Non
8144,15594404,Bevan,834,France,Femme,49.0,8,80301.125,2,Oui,Non,64636.97,Non
8145,15652999,Milne,742,Allemagne,Homme,33.0,1,68968.975,1,Oui,Oui,,Non
8146,15577107,Milne,657,Espagne,Femme,22.0,6,0.0,3,Non,Oui,84206.035,Oui
8147,15671514,Sinclair,669,Espagne,Femme,33.0,8,0.0,2,Non,Oui,64269.025,Non
8148,15770984,Fanucci,697,Espagne,Femme,40.0,7,65167.175,2,Non,Oui,58475.55,Non
8149,15756848,Edmondson,633,Espagne,Homme,42.0,10,0.0,1,Non,Oui,39704.085,Non
8150,15626474,Onyemere,686,France,Femme,31.0,1,0.0,2,Oui,Non,2401.125,Non
8151,15567486,Li,634,Espagne,Femme,41.0,4,0.0,2,Oui,Oui,82274.87,Non
8152,15771417,Thomas,640,France,Homme,43.0,7,66206.19,1,Non,Non,34792.15,Oui
8153,15751531,Shaw,598,Espagne,Homme,41.0,8,0.0,2,Oui,Oui,80977.215,Non
8154,15787196,T'ien,692,Espagne,Homme,46.0,2,0.0,2,Oui,Oui,52991.545,Non
8155,15628007,Genovese,653,France,Homme,33.0,1,0.0,2,Non,Non,26689.76,Non
8156,15758482,Montalvo,626,France,Femme,32.0,0,0.0,2,Non,Non,93586.27,Non
8157,15655274,Bardin,548,France,Femme,29.0,4,0.0,2,Non,Oui,24336.59,Non
8158,15694129,Summers,569,Allemagne,Femme,28.0,3,50016.26,1,Oui,Non,2579.605,Oui
8159,15589435,Davide,784,France,Homme,31.0,7,0.0,2,Oui,Oui,71602.205,Non
8160,15645543,Bell,636,France,Femme,34.0,3,0.0,2,Oui,Oui,22378.125,Non
8161,15715673,Niu,651,Espagne,Femme,46.0,4,44871.525,1,Oui,Non,78212.785,Oui
8162,15651868,Clark,672,France,Homme,34.0,6,0.0,1,Non,Non,11368.03,Non
8163,15792029,Lee,620,France,Homme,32.0,6,0.0,2,Oui,Non,,Non
8164,15807563,Ch'iu,841,,Femme,52.0,5,0.0,1,Non,Non,91619.855,Oui
8165,15703544,Hung,559,Espagne,Homme,34.0,0,0.0,1,Oui,Non,91494.47,Non
8166,15703264,Chukwufumnanya,735,France,Homme,44.0,9,60340.815,1,Oui,Non,37418.17,Non
8167,15626144,Chu,675,France,Homme,40.0,7,56604.43,2,Oui,Non,17288.68,Non
8168,15795759,Bergamaschi,698,Allemagne,Femme,52.0,1,53953.375,1,Oui,Non,84443.195,Oui
8169,15580493,Chin,469,France,Homme,33.0,1,63909.26,1,Oui,Non,81738.61,Non
8170,15745088,Chen,443,Allemagne,Femme,29.0,9,49513.805,2,Oui,Non,,Non
8171,15742848,Gratton,673,France,Homme,41.0,5,0.0,1,Oui,Oui,32828.645,Non
8172,15674000,Cattaneo,645,France,Homme,44.0,10,0.0,2,Non,Oui,83353.61,Non
8173,15609913,Clark,743,France,Femme,46.0,9,0.0,1,Oui,Non,56718.04,Non
8174,15769402,Carpenter,667,France,Homme,27.0,7,78405.87,1,Oui,Oui,74701.295,Non
8175,15734987,Robertson,658,France,Femme,43.0,7,70130.18,2,Oui,Non,1374.36,Non
8176,15581871,Butler,504,,Homme,42.0,7,65643.68,2,Oui,Oui,74848.89,Non
8177,15815295,John,662,France,Femme,38.0,2,48239.905,1,Oui,Non,60129.705,Non
8178,15566467,Hannah,683,Allemagne,Femme,32.0,0,69085.55,2,Oui,Oui,94101.79,Non
8179,15636626,Morrison,718,France,Homme,35.0,3,48780.08,1,Oui,Oui,26755.87,Non
8180,15711540,Pacheco,712,France,Femme,29.0,2,0.0,1,Oui,Oui,72187.5,Non
8181,15574119,Okwuadigbo,598,Espagne,Femme,,1,31489.965,1,Oui,Oui,76136.785,Non
8182,15610557,McCarthy,695,Espagne,Femme,35.0,7,39929.065,2,Oui,Oui,63988.83,Non
8183,15646566,Bell,763,France,Femme,58.0,9,93955.775,1,Non,Oui,17912.59,Non
8184,15682686,Chukwuemeka,722,France,Femme,38.0,3,0.0,2,Non,Oui,83992.36,Non
8185,15676576,Stephenson,646,France,Femme,43.0,8,71530.94,1,Oui,Non,30968.8,Non
8186,15603135,Boni,634,Allemagne,Femme,59.0,3,47863.525,1,Non,Non,48969.7,Oui
8187,15785559,De Luca,678,France,Homme,43.0,1,66618.605,1,Oui,Non,55516.395,Oui
8188,15737025,Roberts,635,France,Homme,33.0,1,0.0,3,Non,Non,89033.665,Oui
8189,15814816,Kambinachi,466,France,Homme,40.0,4,45796.03,1,Oui,Non,70605.09,Oui
8190,15673619,Bazhenov,530,France,Homme,25.0,9,81280.16,1,Oui,Non,32064.515,Non
8191,15802351,Beers,755,Allemagne,Femme,33.0,6,45280.15,2,Oui,Oui,21303.845,Non
8192,15718673,Mirams,839,Espagne,Femme,33.0,10,37796.215,1,Oui,Non,31337.21,Non
8193,15568088,Jamieson,481,Allemagne,Homme,44.0,3,81857.26,1,Oui,Non,48061.86,Non
8194,15715920,De Bernales,782,Espagne,Homme,23.0,10,49026.33,1,Oui,Oui,71293.66,Non
8195,15635660,Rossi,612,Allemagne,Homme,30.0,9,71455.075,1,Oui,Non,52945.275,Oui
8196,15740237,Millar,671,Allemagne,Homme,36.0,2,58347.635,1,Non,Non,96600.93,Non
8197,15642636,Glossop,755,France,Homme,29.0,9,58517.945,1,Oui,Oui,10931.095,Non
8198,15682273,Burns,683,France,Femme,38.0,5,63808.28,1,Oui,Non,61923.035,Non
8199,15615207,Yeh,792,Espagne,Homme,47.0,0,0.0,1,Oui,Oui,2778.94,Oui
8200,15624186,McGregor,813,Allemagne,Femme,25.0,5,61808.215,1,Non,Oui,66479.665,Non
8201,15768244,Macleod,538,Espagne,Femme,30.0,8,0.0,2,Oui,Oui,20596.475,Non
8202,15712608,Costa,787,Allemagne,Femme,42.0,2,37241.985,2,Non,Oui,22136.955,Non
8203,15745431,Chinonyelum,604,France,Homme,,7,0.0,2,Oui,Oui,94039.275,Non
8204,15790630,Olisaemeka,619,France,Femme,,4,0.0,1,Non,Non,9047.48,Oui
8205,15684348,Zhdanova,656,France,Homme,63.0,8,0.0,2,Non,Oui,28507.215,Non
8206,15574830,Townsley,633,Allemagne,Homme,58.0,2,64068.71,2,Oui,Non,73817.665,Oui
8207,15727251,Vincent,642,France,Homme,30.0,8,58747.135,1,Non,Non,30988.91,Non
8208,15744044,Fiorentini,572,Allemagne,Homme,47.0,4,49676.71,1,Oui,Non,98274.925,Oui
8209,15596228,Uwaezuoke,490,France,Homme,29.0,4,0.0,2,Oui,Non,16044.785,Non
8210,15790744,Nash,850,France,Femme,34.0,9,46449.635,2,Oui,Non,,Non
8211,15661219,Trentino,627,France,Homme,32.0,10,0.0,2,Oui,Non,51643.81,Non
8212,15696175,Echezonachukwu,602,Allemagne,Homme,35.0,7,45301.21,2,Oui,Oui,,Non
8213,15657937,Lord,709,Allemagne,Homme,22.0,0,56474.855,1,Non,Non,77615.775,Non
8214,15765857,Genovesi,623,Espagne,Homme,41.0,2,71206.065,1,Oui,Non,14389.49,Non
8215,15605263,Chin,552,France,Homme,33.0,5,70465.785,1,Non,Oui,5460.75,Non
8216,15773809,Campbell,620,France,Homme,42.0,4,0.0,2,Oui,Non,3116.155,Non
8217,15764708,Chiabuotu,572,France,Homme,30.0,6,58848.335,1,Oui,Non,50421.91,Non
8218,15721779,Arnold,826,Espagne,Homme,41.0,5,73233.23,2,Non,Non,90467.335,Non
8219,15804201,Jones,457,Allemagne,Homme,42.0,4,63386.285,1,Non,Oui,63053.2,Non
8220,15812518,Palermo,657,Espagne,Femme,37.0,0,81803.59,1,Non,Oui,22101.775,Non
8221,15766288,Ikechukwu,586,Allemagne,Femme,36.0,5,51850.345,1,Oui,Non,97036.28,Oui
8222,15721462,Shubin,622,Espagne,Femme,58.0,2,0.0,2,Oui,Oui,16638.655,Non
8223,15645839,Yudin,570,France,Homme,37.0,6,0.0,1,Oui,Oui,93879.25,Non
8224,15645316,Han,612,Allemagne,Femme,58.0,1,74820.765,1,Oui,Oui,57580.64,Non
8225,15760774,Hargraves,519,France,Femme,21.0,1,73164.785,2,Oui,Oui,97433.635,Non
8226,15746515,Greece,750,France,Homme,36.0,7,68246.46,3,Oui,Oui,13250.145,Oui
8227,15787907,Wang,719,Allemagne,Femme,42.0,5,68613.52,3,Oui,Non,74548.69,Oui
8228,15580872,Chinweike,761,Allemagne,Femme,38.0,1,60265.065,2,Oui,Non,54697.31,Non
8229,15693752,Reed,487,France,Homme,,2,0.0,2,Oui,Oui,63361.285,Non
8230,15759751,Tsui,483,France,Homme,48.0,1,0.0,2,Oui,Oui,55029.69,Non
8231,15645778,Reid,670,Espagne,Homme,42.0,3,40794.52,1,Oui,Non,94113.9,Non
8232,15589329,Pirozzi,775,France,Homme,30.0,4,0.0,2,Oui,Non,24668.92,Non
8233,15753092,He,791,Allemagne,Homme,35.0,5,64914.29,1,Oui,Oui,90959.13,Oui
8234,15604732,Milani,483,France,Femme,30.0,9,0.0,2,Non,Non,68178.485,Non
8235,15714380,Butcher,827,France,Homme,38.0,5,0.0,2,Non,Non,51652.505,Non
8236,15768201,Paterson,850,France,Femme,39.0,2,74293.32,1,Oui,Oui,88395.635,Non
8237,15617065,Pan,650,Espagne,Homme,42.0,4,97266.33,1,Oui,Non,85522.655,Oui
8238,15796413,Green,794,,Homme,46.0,6,0.0,2,Oui,Non,,Non
8239,15613749,Lees,569,Espagne,Homme,34.0,0,75919.63,1,Oui,Non,51149.905,Oui
8240,15771483,Arnold,609,France,Homme,40.0,6,0.0,2,Oui,Oui,48708.17,Non
8241,15712403,McMillan,589,France,Femme,61.0,1,0.0,1,Oui,Non,30554.28,Oui
8242,15803681,Sims,803,France,Femme,26.0,4,0.0,2,Oui,Oui,90604.235,Non
8243,15685536,Chu,552,France,Femme,34.0,5,0.0,2,Oui,Oui,675.705,Non
8244,15750658,Obiuto,798,France,Homme,37.0,8,0.0,3,Non,Non,55391.64,Non
8245,15617134,Iqbal,716,France,Homme,38.0,4,0.0,2,Oui,Non,94839.35,Non
8246,15719508,Davis,575,Allemagne,Homme,49.0,7,60602.575,4,Oui,Oui,84040.265,Oui
8247,15567437,Emenike,734,Allemagne,Femme,30.0,7,61520.19,1,Oui,Oui,,Non
8248,15739548,Johnson,775,France,Homme,28.0,9,55583.85,1,Oui,Non,74665.505,Non
8249,15646091,Frankland,560,Espagne,Femme,43.0,4,47570.22,2,Oui,Non,61590.72,Oui
8250,15566495,Hanson,704,Espagne,Femme,24.0,2,0.0,1,Oui,Non,17800.125,Oui
8251,15727197,Pinto,576,France,Femme,52.0,9,85114.295,2,Non,Non,74238.785,Oui
8252,15759034,Li Fonti,654,France,Homme,,2,56131.42,1,Oui,Non,6436.695,Non
8253,15677739,Dellucci,562,France,Homme,36.0,6,0.0,2,Oui,Non,16422.66,Non
8254,15664547,Black,760,France,Homme,,7,0.0,1,Non,Non,16431.62,Oui
8255,15808689,Morres,850,France,Femme,31.0,4,0.0,2,Oui,Oui,16541.405,Non
8256,15785170,Neal,850,Allemagne,Femme,32.0,0,58484.455,1,Non,Non,87547.31,Non
8257,15625698,Dumetochukwu,624,Espagne,Femme,23.0,6,0.0,2,Non,Oui,98334.255,Non
8258,15737647,Obioma,775,Allemagne,Femme,77.0,6,67560.28,1,Oui,Non,18918.32,Non
8259,15760063,Chiedozie,595,Espagne,Homme,23.0,7,0.0,2,Oui,Oui,84042.985,Non
8260,15697948,Henderson,752,Espagne,Femme,36.0,3,0.0,2,Oui,Oui,24252.55,Non
8261,15621768,Chukwuhaenye,712,Espagne,Homme,45.0,6,56497.325,1,Non,Non,99199.34,Non
8262,15758136,King,778,France,Homme,37.0,3,70901.885,1,Non,Oui,89710.92,Non
8263,15708228,Toscani,476,Allemagne,Homme,30.0,3,67183.21,1,Oui,Non,34171.765,Non
8264,15654457,Cross,685,Espagne,Femme,30.0,2,0.0,3,Oui,Oui,86288.215,Oui
8265,15724620,Dodds,538,France,Homme,37.0,1,67376.04,1,Oui,Non,,Non
8266,15725028,Chialuka,679,France,Homme,29.0,3,0.0,2,Oui,Oui,31843.53,Non
8267,15623219,Smith,596,France,Homme,33.0,8,0.0,1,Oui,Non,60594.65,Oui
8268,15601387,Yen,721,France,Homme,35.0,10,0.0,2,Oui,Non,35797.13,Non
8269,15575510,Milanesi,659,France,Femme,32.0,2,77792.105,1,Non,Oui,76831.44,Non
8270,15610446,Chinedum,714,France,Femme,51.0,4,44154.435,3,Non,Non,2931.265,Oui
8271,15633866,Hsiung,753,Allemagne,Homme,30.0,1,55412.26,1,Oui,Oui,,Non
8272,15702434,Hsieh,850,France,Femme,30.0,3,0.0,2,Oui,Non,58346.4,Non
8273,15790412,Norton,471,Espagne,Homme,26.0,8,0.0,2,Oui,Oui,89827.935,Non
8274,15711251,Chizuoke,514,France,Homme,45.0,1,89413.895,1,Oui,Non,30187.59,Non
8275,15635116,Burgos,659,Espagne,Homme,60.0,2,0.0,1,Oui,Non,88740.225,Oui
8276,15644896,Thompson,663,Allemagne,Homme,32.0,3,54293.43,1,Oui,Oui,91177.605,Non
8277,15597109,Vanzetti,627,France,Homme,70.0,1,47208.39,1,Non,Oui,72649.75,Non
8278,15632365,Booth,542,Allemagne,Homme,33.0,8,71435.635,2,Non,Non,38868.93,Non
8279,15681755,Dennys,605,France,Femme,32.0,5,0.0,2,Oui,Oui,21067.64,Non
8280,15590993,Findlay,579,Espagne,Homme,37.0,5,76106.44,2,Non,Non,60109.57,Non
8281,15666095,Costa,753,Espagne,Homme,51.0,4,39905.86,2,Non,Oui,34130.135,Oui
8282,15736413,Hall,739,France,Homme,29.0,1,0.0,2,Oui,Oui,82242.39,Non
8283,15588219,Ford,850,France,Femme,38.0,1,53435.905,2,Oui,Non,14666.505,Non
8284,15596074,Keating,502,France,Homme,37.0,10,0.0,1,Oui,Oui,38321.34,Non
8285,15781530,Hsieh,690,France,Homme,21.0,8,0.0,2,Oui,Oui,,Non
8286,15769353,Jenkins,550,France,Femme,40.0,8,75245.16,1,Non,Non,83234.105,Oui
8287,15590337,Golubov,659,France,Homme,29.0,6,61596.06,1,Oui,Oui,28485.705,Oui
8288,15707441,White,690,Espagne,Homme,,8,58159.115,1,Oui,Oui,41626.525,Non
8289,15733460,Martin,622,Espagne,Homme,36.0,9,0.0,2,Oui,Oui,52426.3,Non
8290,15608688,Andreyeva,442,France,Homme,34.0,4,0.0,2,Oui,Non,34171.54,Non
8291,15731815,Nepean,529,Espagne,Homme,63.0,4,48067.055,3,Oui,Non,54366.48,Oui
8292,15654183,Aitken,738,France,Femme,26.0,3,0.0,2,Oui,Non,33742.08,Non
8293,15771750,Sawtell,655,Allemagne,Femme,36.0,10,61157.195,1,Oui,Non,4590.83,Non
8294,15698932,Groves,756,Allemagne,Homme,44.0,10,68726.045,1,Oui,Non,,Non
8295,15658435,Hingston,781,France,Femme,27.0,5,0.0,2,Non,Non,36484.95,Non
8296,15679928,Horsfall,592,France,Femme,31.0,2,42051.055,2,Non,Oui,58192.62,Non
8297,15785831,Sinclair,591,France,Homme,35.0,7,91513.625,1,Oui,Oui,28014.395,Non
8298,15684319,Baranova,780,,Femme,,10,47598.13,1,Oui,Non,63155.195,Oui
8299,15783629,Degtyaryov,616,Allemagne,Femme,42.0,6,58949.975,2,Non,Non,75133.405,Non
8300,15578045,Mitchell,538,,Femme,49.0,9,70717.02,1,Non,Non,86889.625,Oui
8301,15621004,Chukwuhaenye,603,France,Homme,32.0,7,0.0,1,Oui,Non,,Oui
8302,15704657,Denman,601,France,Homme,39.0,3,36323.82,1,Oui,Non,,Oui
8303,15777830,Hutchinson,639,France,Femme,42.0,4,0.0,2,Non,Non,83841.185,Non
8304,15677796,Becher,766,Allemagne,Homme,47.0,9,64644.99,1,Oui,Non,84967.73,Oui
8305,15572547,Vaguine,670,France,Femme,45.0,9,52465.19,1,Oui,Non,77960.905,Oui
8306,15749947,Black,665,France,Femme,44.0,7,0.0,2,Oui,Oui,,Non
8307,15737173,Andrews,497,Espagne,Homme,24.0,3,0.0,2,Oui,Non,,Non
8308,15713949,Woods,850,France,Homme,40.0,1,38457.105,1,Oui,Non,87091.72,Non
8309,15651369,Wright,626,France,Homme,21.0,1,0.0,2,Oui,Non,33116.115,Non
8310,15659175,Severson,755,France,Femme,43.0,9,0.0,2,Oui,Non,9033.345,Non
8311,15800233,Okwuadigbo,850,France,Femme,40.0,5,0.0,2,Oui,Non,17517.075,Non
8312,15733138,Paterson,663,Allemagne,Homme,42.0,5,45124.395,1,Oui,Oui,39584.865,Non
8313,15636428,Sutherland,703,Espagne,Femme,45.0,1,0.0,1,Oui,Non,91392.055,Oui
8314,15765257,Meng,564,Espagne,Homme,31.0,5,60730.935,1,Oui,Oui,10216.045,Oui
8315,15585892,Zakharov,639,France,Femme,35.0,8,0.0,1,Non,Non,82226.99,Non
8316,15752622,Kerr,729,France,Femme,32.0,7,19275.03,1,Non,Oui,89615.115,Non
8317,15796334,Chukwualuka,558,Allemagne,Homme,39.0,10,72378.51,1,Oui,Non,11439.08,Oui
8318,15775761,Iweobiegbunam,610,Allemagne,Femme,69.0,5,43019.105,3,Non,Non,96371.53,Oui
8319,15641640,Uspenskaya,545,Espagne,Femme,33.0,7,86665.76,1,Oui,Non,75226.44,Non
8320,15713559,Onyemauchechukwu,473,,Femme,32.0,5,73301.125,2,Oui,Oui,36473.475,Non
8321,15603247,Bruner,743,Allemagne,Femme,35.0,1,73390.62,1,Oui,Non,94653.85,Non
8322,15799785,Ikemefuna,679,Allemagne,Femme,30.0,4,38974.845,1,Oui,Oui,60575.73,Non
8323,15608344,Dawson,749,Allemagne,Femme,29.0,7,68529.525,3,Oui,Non,,Oui
8324,15680736,Milne,597,Allemagne,Femme,72.0,6,62489.095,2,Oui,Oui,3572.23,Non
8325,15726631,Hilton,758,France,Femme,39.0,6,63678.88,1,Non,Oui,28288.5,Non
8326,15613292,Ch'eng,715,France,Homme,21.0,8,0.0,2,Oui,Non,34333.315,Non
8327,15627232,Jibunoh,608,Allemagne,Homme,44.0,7,57101.735,1,Oui,Oui,38915.18,Oui
8328,15613216,Cameron,639,Espagne,Femme,39.0,1,70894.575,1,Oui,Non,46227.98,Non
8329,15718765,Maclean,501,Espagne,Homme,43.0,6,52266.62,1,Non,Non,40561.795,Oui
8330,15775295,McIntyre,630,France,Femme,40.0,0,59316.54,1,Non,Oui,30016.23,Oui
8331,15691111,Pai,648,Allemagne,Femme,42.0,8,60990.28,2,Oui,Non,2013.51,Non
8332,15814237,Watkins,627,Allemagne,Homme,30.0,3,64385.44,2,Oui,Oui,20099.505,Non
8333,15626612,Yin,741,Espagne,Homme,40.0,4,52392.115,1,Oui,Non,67581.88,Oui
8334,15647008,Adams,624,Allemagne,Homme,54.0,3,58363.11,1,Oui,Non,55249.05,Oui
8335,15718247,Hayden,606,Espagne,Femme,46.0,8,0.0,2,Oui,Oui,91858.97,Non
8336,15727467,Mellor,485,France,Femme,27.0,3,0.0,2,Oui,Non,70724.93,Non
8337,15672467,Coles,766,France,Femme,52.0,7,46255.45,2,Non,Oui,33096.805,Non
8338,15731744,Carslaw,692,France,Homme,30.0,2,0.0,2,Non,Oui,65243.285,Non
8339,15769902,Christie,679,France,Femme,33.0,6,0.0,2,Oui,Oui,49007.925,Non
8340,15809777,Gadsden,497,Allemagne,Femme,55.0,7,65889.33,1,Oui,Oui,4986.32,Non
8341,15760450,Rutherford,512,France,Homme,43.0,1,0.0,2,Oui,Oui,26235.68,Non
8342,15664737,Lei,779,Espagne,Femme,38.0,7,0.0,2,Oui,Oui,69271.435,Non
8343,15643908,Turnbull,433,France,Femme,49.0,10,0.0,1,Oui,Oui,43855.805,Non
8344,15661626,Algeranoff,732,Allemagne,Femme,45.0,6,49396.2,1,Oui,Non,40745.85,Oui
8345,15650924,Foster,761,Espagne,Femme,32.0,4,51757.695,2,Oui,Oui,88811.19,Non
8346,15656249,Esposito,720,France,Femme,34.0,3,59153.785,2,Oui,Oui,68060.145,Non
8347,15566292,Okwuadigbo,574,Espagne,Homme,36.0,1,0.0,2,Non,Oui,35854.56,Non
8348,15718465,Sadler,671,Allemagne,Homme,51.0,3,48445.73,1,Oui,Non,88201.665,Oui
8349,15612670,Berry,631,Espagne,Femme,46.0,10,0.0,2,Oui,Oui,64754.48,Non
8350,15635893,T'ien,693,France,Femme,28.0,8,0.0,2,Oui,Oui,79272.625,Non
8351,15666982,Spears,629,Allemagne,Femme,38.0,9,61974.425,1,Oui,Non,38026.535,Non
8352,15566139,Ts'ui,526,France,Femme,37.0,5,26786.59,1,Oui,Non,31415.485,Non
8353,15712199,Ijendu,655,Allemagne,Femme,61.0,2,91998.85,2,Oui,Oui,80608.59,Non
8354,15787258,Ross,596,,Femme,29.0,6,0.0,2,Oui,Non,58348.385,Non
8355,15760121,Maynard,712,France,Homme,32.0,9,50303.01,1,Oui,Non,82846.53,Non
8356,15655339,Spencer,566,France,Homme,36.0,1,71060.455,1,Oui,Non,39808.185,Non
8357,15635388,Austin,640,Espagne,Homme,47.0,6,44523.57,1,Oui,Non,58143.125,Non
8358,15577695,Zito,678,France,Homme,41.0,2,74044.055,1,Oui,Non,7041.56,Non
8359,15647306,Gibbs,777,France,Femme,29.0,9,65620.305,1,Oui,Oui,81873.045,Oui
8360,15617301,Chamberlin,774,Allemagne,Homme,36.0,9,65404.885,1,Oui,Non,76145.14,Non
8361,15711316,Ch'ang,771,France,Homme,,2,0.0,2,Oui,Oui,99763.67,Non
8362,15660840,Kalinin,723,France,Homme,30.0,3,62059.77,1,Oui,Non,81099.16,Non
8363,15678058,Ayers,584,France,Homme,38.0,9,52292.08,1,Oui,Non,88339.36,Non
8364,15656937,Johnston,468,Espagne,Homme,26.0,1,65821.625,1,Oui,Non,32218.08,Non
8365,15814116,Castiglione,583,France,Femme,42.0,7,0.0,2,Oui,Non,72019.525,Non
8366,15605059,Mackie,576,Allemagne,Homme,63.0,3,74421.78,1,Oui,Non,34707.065,Oui
8367,15602354,Ginikanwa,564,Allemagne,Homme,33.0,3,54670.935,1,Oui,Non,37816.39,Non
8368,15638983,Jara,684,France,Femme,38.0,5,66594.7,1,Non,Non,63694.03,Non
8369,15593795,Linton,516,Allemagne,Femme,53.0,1,78337.1,1,Oui,Non,59251.17,Oui
8370,15780140,Bellucci,435,Allemagne,Homme,32.0,2,28508.53,2,Oui,Oui,2953.555,Non
8371,15671930,H?,717,France,Femme,36.0,5,0.0,2,Oui,Oui,72775.8,Non
8372,15601417,T'ang,681,France,Homme,32.0,3,74442.235,2,Oui,Oui,45483.685,Non
8373,15722692,Kazakova,464,France,Homme,,3,58219.825,1,Oui,Non,37787.24,Non
8374,15742824,Isayeva,696,Allemagne,Homme,42.0,7,81159.305,1,Oui,Non,60530.945,Non
8375,15569595,Walker,678,France,Femme,50.0,6,0.0,1,Oui,Non,4099.75,Non
8376,15591279,Nwagugheuzo,734,France,Homme,37.0,3,40193.905,1,Non,Oui,38636.31,Non
8377,15790958,Sanders,685,Espagne,Homme,38.0,4,0.0,2,Oui,Oui,,Non
8378,15761886,Franklin,740,France,Homme,36.0,4,86190.9,1,Oui,Oui,43240.145,Non
8379,15568878,Cheng,654,Espagne,Homme,34.0,5,0.0,2,Oui,Non,79655.73,Non
8380,15652615,Ferri,742,France,Homme,39.0,8,70002.48,1,Oui,Oui,46492.89,Non
8381,15638272,Tien,609,Espagne,Homme,32.0,4,49941.58,1,Oui,Oui,60297.425,Non
8382,15797692,Volkova,659,France,Femme,33.0,7,44969.81,1,Oui,Non,68270.045,Non
8383,15707637,Zikoranachukwudimma,765,France,Femme,56.0,1,0.0,1,Oui,Non,6614.465,Oui
8384,15660422,Chung,569,,Homme,28.0,7,0.0,2,Oui,Non,36988.615,Non
8385,15789097,Keeley,644,France,Homme,48.0,8,0.0,2,Non,Oui,22482.77,Oui
8386,15787699,Burke,650,Allemagne,Homme,34.0,4,71196.555,1,Oui,Oui,5638.24,Non
8387,15627881,Diehl,603,France,Homme,30.0,8,0.0,2,Oui,Oui,23768.23,Non
8388,15607598,Muravyov,575,Espagne,Femme,31.0,6,0.0,2,Oui,Oui,47843.21,Non
8389,15748360,Cocci,644,Allemagne,Femme,34.0,10,61098.495,2,Oui,Oui,91049.855,Non
8390,15794849,Aitken,850,Allemagne,Homme,22.0,7,45780.29,2,Non,Non,,Non
8391,15665861,Avdeev,733,Espagne,Homme,44.0,3,53035.445,1,Non,Oui,50808.715,Non
8392,15706186,McKenzie,640,Allemagne,Homme,33.0,8,40838.61,2,Non,Non,17462.78,Non
8393,15650026,Barclay-Harvey,513,France,Homme,44.0,1,31781.01,2,Non,Oui,26314.865,Oui
8394,15669169,Hargreaves,775,Espagne,Homme,29.0,10,0.0,2,Oui,Oui,34071.965,Non
8395,15641009,Wilhelm,544,France,Homme,37.0,3,42248.355,1,Non,Non,39986.045,Non
8396,15633546,Frederick,652,Espagne,Femme,33.0,3,62416.255,1,Oui,Non,97938.53,Non
8397,15799710,Wei,739,France,Homme,37.0,7,52480.23,1,Non,Oui,40441.91,Non
8398,15568164,Istomin,850,France,Femme,34.0,4,35689.765,2,Oui,Oui,77000.495,Non
8399,15625916,Chien,562,Espagne,Homme,32.0,6,80814.33,1,Oui,Non,45741.25,Non
8400,15646161,Steinhoff,673,Espagne,Femme,37.0,8,0.0,2,Oui,Oui,91659.395,Non
8401,15791535,Caraway,592,France,Homme,28.0,5,68611.385,1,Non,Non,19804.29,Non
8402,15578603,Alexeieva,584,Allemagne,Femme,54.0,1,38677.185,1,Non,Non,69096.49,Oui
8403,15727281,Macintyre,653,France,Femme,27.0,9,0.0,2,Oui,Non,48214.645,Non
8404,15672598,Walker,613,Espagne,Homme,30.0,9,55963.725,1,Oui,Oui,87897.935,Non
8405,15672970,Chigolum,714,Espagne,Homme,20.0,3,0.0,2,Non,Oui,75232.965,Non
8406,15611644,Onyemauchechukwu,627,France,Homme,73.0,0,73164.865,1,Non,Oui,21807.835,Non
8407,15587133,Thompson,518,France,Homme,42.0,7,75513.525,2,Oui,Non,59688.68,Non
8408,15752857,Palerma,452,Allemagne,Homme,52.0,1,49221.57,2,Non,Non,46016.99,Non
8409,15609669,Chuang,542,France,Femme,39.0,4,54974.695,2,Oui,Oui,20634.325,Non
8410,15566689,Chimaoke,554,Espagne,Homme,66.0,8,0.0,2,Oui,Oui,58373.81,Non
8411,15743498,Winter,532,Allemagne,Homme,52.0,9,68877.88,1,Oui,Non,81595.995,Oui
8412,15672432,Giles,594,France,Femme,,4,0.0,1,Oui,Non,2704.37,Oui
8413,15653620,Gordon,546,France,Femme,27.0,8,0.0,2,Oui,Oui,,Non
8414,15795640,Mai,683,Allemagne,Femme,35.0,1,66185.65,2,Non,Non,93061.785,Non
8415,15773421,Genovese,673,France,Femme,42.0,4,0.0,2,Oui,Non,60720.4,Non
8416,15714642,Hawkins,792,Espagne,Femme,40.0,7,0.0,1,Oui,Non,70826.1,Non
8417,15768471,Wagner,554,Allemagne,Femme,54.0,6,54377.5,1,Oui,Non,20457.16,Oui
8418,15726289,Cawood,645,France,Homme,25.0,0,87200.18,1,Oui,Non,21334.685,Non
8419,15709604,McMillan,781,France,Homme,23.0,2,53716.74,1,Oui,Non,86921.605,Non
8420,15784286,Wood,641,Espagne,Homme,40.0,5,51072.565,1,Oui,Oui,50318.535,Non
8421,15799217,Zetticci,791,Allemagne,Femme,35.0,7,26218.1,1,Oui,Non,80525.875,Non
8422,15692463,Rahman,799,,Femme,28.0,3,71126.825,1,Oui,Non,22521.28,Non
8423,15603319,Graham,693,France,Homme,29.0,2,75676.37,1,Non,Non,98572.945,Non
8424,15631339,Adams,791,France,Homme,28.0,4,0.0,1,Oui,Non,,Non
8425,15728012,Everett,678,Espagne,Femme,40.0,3,64199.19,1,Oui,Non,84329.15,Non
8426,15608381,Dean,585,,Homme,50.0,2,62922.83,1,Oui,Non,4719.655,Oui
8427,15706762,Ignatyev,597,France,Femme,41.0,4,72904.765,2,Oui,Oui,26159.63,Non
8428,15807728,Ferri,530,France,Femme,45.0,1,0.0,1,Non,Oui,95331.945,Oui
8429,15585777,Pai,710,France,Homme,38.0,3,65294.41,1,Oui,Oui,77498.82,Non
8430,15693326,Whitehouse,641,France,Femme,42.0,7,62718.57,2,Non,Non,82064.29,Non
8431,15686255,Mouzon,738,Allemagne,Homme,35.0,6,50872.42,1,Non,Non,42592.72,Non
8432,15607560,Groom,572,France,Femme,39.0,2,0.0,2,Oui,Oui,277.64,Non
8433,15742204,Hsu,579,Allemagne,Homme,31.0,6,69864.77,1,Non,Oui,67907.69,Non
8434,15642093,Piccio,646,France,Homme,30.0,7,0.0,2,Oui,Non,76783.485,Non
8435,15579183,Spaull,586,France,Homme,64.0,1,0.0,2,Oui,Oui,26855.115,Non
8436,15637829,Sharpe,691,France,Femme,34.0,7,0.0,2,Non,Oui,80779.56,Non
8437,15582960,Short,473,France,Femme,33.0,5,62913.715,1,Non,Oui,72849.365,Non
8438,15624451,Huddart,641,France,Femme,38.0,3,0.0,2,Oui,Non,58233.095,Non
8439,15691483,Chin,549,France,Femme,25.0,5,0.0,2,Non,Non,95428.895,Non
8440,15584928,Ugochukwutubelum,594,Allemagne,Femme,32.0,4,60037.485,2,Oui,Oui,81480.895,Non
8441,15568360,Rolon,569,Espagne,Femme,41.0,4,69920.18,1,Oui,Oui,81762.35,Non
8442,15751057,Douglas,701,Allemagne,Homme,32.0,5,51250.17,1,Non,Non,53143.885,Non
8443,15751392,Fanucci,689,Espagne,Femme,57.0,4,0.0,2,Oui,Non,68324.9,Oui
8444,15759537,Bianchi,717,Allemagne,Homme,35.0,7,29234.685,2,Oui,Oui,86229.695,Non
8445,15579207,Watkins,545,France,Homme,37.0,3,45592.005,1,Oui,Non,52738.325,Non
8446,15702464,Ross,549,France,Femme,34.0,4,0.0,2,Non,Non,69731.785,Non
8447,15786063,Chin,776,France,Femme,31.0,2,0.0,2,Oui,Oui,56174.755,Non
8448,15694765,Sabbatini,610,Allemagne,Homme,49.0,6,56941.165,1,Oui,Non,97906.905,Oui
8449,15621685,Davies,769,France,Homme,29.0,2,61878.76,2,Oui,Non,42436.33,Non
8450,15783338,Williams,449,,Homme,32.0,0,77809.68,1,Oui,Oui,83346.015,Non
8451,15814004,Fyodorova,589,France,Homme,29.0,2,0.0,2,Non,Oui,49160.135,Non
8452,15694272,Nkemakolam,673,France,Homme,30.0,1,32048.875,1,Oui,Oui,38891.675,Non
8453,15815428,Biryukova,823,France,Homme,34.0,3,52528.665,1,Oui,Non,4608.96,Non
8454,15653937,McIntyre,638,Allemagne,Femme,53.0,1,61958.335,1,Oui,Non,8328.84,Oui
8455,15582180,Lees,561,France,Homme,29.0,9,60134.065,1,Oui,Oui,86935.195,Non
8456,15782758,Ozerova,632,France,Homme,40.0,5,73825.34,1,Oui,Oui,99837.415,Non
8457,15780359,Storey,643,Allemagne,Homme,25.0,4,57571.45,1,Oui,Oui,74049.475,Non
8458,15686812,Jones,692,Espagne,Femme,44.0,8,0.0,1,Non,Oui,,Non
8459,15744983,Burgmann,712,Espagne,Homme,47.0,1,69943.505,1,Oui,Oui,47859.865,Non
8460,15804009,Amechi,806,Allemagne,Homme,36.0,8,83991.585,2,Oui,Oui,53357.14,Non
8461,15571002,Yusupov,706,France,Femme,44.0,4,64802.995,1,Non,Non,34932.745,Non
8462,15724663,Christmas,654,Espagne,Femme,36.0,5,0.0,2,Non,Non,78619.025,Non
8463,15737521,Ball,619,Allemagne,Homme,,9,51802.155,2,Non,Non,70473.525,Non
8464,15697214,Korovin,686,Espagne,Femme,36.0,5,0.0,2,Oui,Oui,76489.57,Non
8465,15572021,Ts'ao,798,Allemagne,Femme,29.0,8,40102.055,2,Oui,Non,35111.61,Non
8466,15589975,Maclean,646,France,Femme,73.0,6,48629.625,1,Non,Oui,52359.83,Non
8467,15726466,Esposito,751,France,Homme,43.0,1,57487.12,1,Oui,Non,62960.27,Non
8468,15777352,Ikedinachukwu,568,Espagne,Femme,32.0,7,84699.8,1,Oui,Non,,Non
8469,15730657,Ibekwe,548,France,Femme,41.0,4,41298.4,1,Non,Oui,27836.045,Non
8470,15719649,Lambie,553,France,Homme,38.0,3,49922.34,1,Non,Non,93957.85,Non
8471,15714658,Yates,696,France,Femme,33.0,4,0.0,2,Oui,Oui,36685.825,Non
8472,15714240,Ponomarev,712,Espagne,Homme,74.0,5,0.0,2,Non,Non,75712.91,Non
8473,15699637,Anenechi,694,Espagne,Homme,57.0,8,58163.035,1,Oui,Oui,58852.325,Non
8474,15684512,Gibson,818,Allemagne,Femme,72.0,8,67645.21,2,Oui,Oui,31864.86,Non
8475,15748696,Page,733,France,Homme,42.0,9,75253.605,1,Non,Oui,,Non
8476,15627042,Reilly,555,France,Femme,26.0,7,0.0,2,Oui,Non,46561.205,Non
8477,15594898,Hewitt,731,France,Homme,43.0,2,0.0,1,Oui,Oui,85017.475,Oui
8478,15642022,Zito,621,Espagne,Homme,34.0,8,0.0,1,Non,Non,23986.325,Non
8479,15614934,McEwan,625,Allemagne,Femme,37.0,4,71355.905,1,Oui,Non,17812.705,Non
8480,15647782,Brown,729,Allemagne,Homme,,8,76449.62,2,Oui,Non,88565.165,Non
8481,15808971,Lajoie,693,Espagne,Femme,57.0,9,0.0,2,Oui,Oui,67751.385,Non
8482,15715079,Bold,465,France,Homme,41.0,9,58610.575,1,Oui,Non,84140.475,Non
8483,15684367,Chigbogu,555,Espagne,Homme,27.0,5,0.0,2,Non,Non,48199.255,Non
8484,15749050,Justice,548,France,Femme,36.0,3,0.0,1,Oui,Non,32998.45,Non
8485,15634281,P'an,720,Allemagne,Femme,43.0,10,55411.45,1,Non,Non,36430.97,Non
8486,15575438,Pease,613,France,Homme,42.0,7,57538.03,1,Oui,Oui,39661.805,Non
8487,15807768,Cohn,702,Allemagne,Homme,28.0,1,51516.915,1,Oui,Oui,,Non
8488,15697201,Yocum,640,Espagne,Femme,46.0,3,0.0,1,Oui,Oui,78130.04,Non
8489,15678720,Evans,741,France,Femme,44.0,7,0.0,2,Oui,Oui,95267.38,Non
8490,15623668,Johnson,653,Allemagne,Homme,31.0,2,77370.725,2,Non,Non,12591.505,Non
8491,15682048,Pisano,605,France,Femme,51.0,3,68094.39,1,Oui,Oui,33555.295,Oui
8492,15669987,Sung,728,Allemagne,Femme,35.0,8,62942.475,2,Oui,Non,27179.51,Oui
8493,15597945,Dellucci,636,Espagne,Femme,32.0,8,0.0,2,Oui,Non,69277.73,Non
8494,15632210,Hill,657,Allemagne,Homme,25.0,2,85885.275,1,Oui,Non,11372.75,Non
8495,15679531,Collins,618,France,Homme,,5,67477.265,1,Oui,Oui,75977.195,Non
8496,15707362,Yin,514,Allemagne,Homme,43.0,1,47778.155,1,Non,Oui,99636.99,Oui
8497,15689351,Johnson,742,Allemagne,Femme,41.0,4,46402.86,1,Non,Oui,36871.975,Oui
8498,15677828,Chalmers,598,France,Femme,34.0,4,0.0,2,Non,Non,30447.13,Non
8499,15724863,Sheppard,420,Espagne,Femme,55.0,4,45946.66,1,Oui,Non,72435.14,Oui
8500,15710527,Matthews,782,France,Femme,35.0,4,0.0,1,Oui,Oui,59782.67,Non
8501,15586425,Lo Duca,579,France,Homme,28.0,4,0.0,2,Oui,Oui,88462.845,Non
8502,15763063,Price,685,Espagne,Femme,25.0,10,64254.815,1,Oui,Non,60781.165,Non
8503,15638003,Komarova,648,Espagne,Homme,55.0,1,40685.035,1,Non,Oui,90767.02,Non
8504,15640418,Omeokachie,649,Allemagne,Femme,41.0,4,57948.865,1,Oui,Non,71772.24,Non
8505,15577078,Zakharov,539,Espagne,Homme,,6,0.0,1,Oui,Oui,76440.035,Oui
8506,15757931,Fang,804,France,Homme,24.0,3,0.0,2,Oui,Non,86597.665,Non
8507,15738181,Douglas,850,France,Homme,31.0,6,33998.115,2,Non,Non,25064.935,Oui
8508,15636820,Loggia,725,Allemagne,Homme,40.0,8,52074.83,1,Oui,Non,31013.95,Non
8509,15712903,Diaz,499,France,Femme,21.0,3,88255.54,1,Oui,Oui,76960.11,Non
8510,15718064,Chia,635,Espagne,Homme,29.0,2,0.0,2,Non,Non,58586.9,Non
8511,15613854,Mauldon,622,Espagne,Femme,46.0,4,53536.635,2,Oui,Oui,15492.295,Oui
8512,15783029,Monaldo,671,France,Homme,34.0,7,53301.87,2,Oui,Oui,13193.855,Non
8513,15713843,Kao,850,Espagne,Homme,30.0,2,0.0,2,Non,Oui,13968.56,Non
8514,15767954,Osborne,635,Allemagne,Femme,28.0,3,40811.835,2,Oui,Oui,78395.68,Non
8515,15692408,Brown,463,Espagne,Femme,35.0,2,0.0,2,Oui,Oui,,Non
8516,15734312,Kang,577,Espagne,Homme,43.0,6,0.0,2,Oui,Oui,74728.905,Non
8517,15719856,Lamb,646,France,Femme,45.0,3,23567.375,1,Oui,Oui,28618.22,Non
8518,15762455,Yeh,624,Espagne,Homme,33.0,6,33110.085,1,Non,Oui,85409.505,Non
8519,15718588,Meng,548,France,Femme,37.0,9,0.0,2,Non,Non,49014.79,Non
8520,15681562,Trevisan,516,France,Femme,43.0,2,56386.865,2,Oui,Oui,69683.29,Non
8521,15693764,Mai,663,Espagne,Homme,52.0,0,68149.325,1,Oui,Non,72296.65,Oui
8522,15647311,Hill,608,,Femme,41.0,1,41903.93,1,Non,Oui,56271.29,Non
8523,15755642,Bulgakov,667,France,Homme,34.0,5,0.0,2,Oui,Oui,51454.315,Non
8524,15790247,Sims,536,Espagne,Homme,40.0,9,0.0,2,Oui,Oui,5979.515,Non
8525,15806688,Manfrin,726,Espagne,Femme,56.0,8,61555.45,3,Non,Oui,65056.89,Oui
8526,15711572,O'Kane,705,Allemagne,Femme,31.0,9,55470.965,2,Oui,Non,81742.4,Non
8527,15732987,Hs?,721,Espagne,Homme,43.0,3,44399.17,1,Non,Non,22805.315,Non
8528,15815259,Fang,835,France,Femme,56.0,2,0.0,2,Oui,Oui,19910.065,Non
8529,15643042,Han,590,Allemagne,Femme,40.0,2,58820.715,2,Non,Non,46099.025,Non
8530,15594917,Miller,676,France,Femme,34.0,1,31547.505,1,Oui,Oui,20322.905,Non
8531,15797227,Otutodilinna,754,France,Homme,28.0,8,0.0,2,Oui,Oui,26307.81,Non
8532,15812324,King,779,France,Homme,27.0,1,0.0,2,Oui,Oui,95311.51,Non
8533,15570485,Udegbunam,558,Espagne,Homme,40.0,4,80883.435,1,Non,Non,46189.27,Non
8534,15642544,Henderson,723,France,Homme,34.0,5,0.0,2,Non,Oui,6046.015,Non
8535,15583462,Graham,695,France,Homme,28.0,5,85534.695,2,Oui,Oui,44344.7,Non
8536,15598162,Saunders,754,Allemagne,Femme,39.0,3,80380.705,1,Oui,Oui,12078.015,Non
8537,15603035,Vincent,651,France,Homme,34.0,3,0.0,2,Oui,Oui,52799.825,Non
8538,15754443,Fadden,443,France,Femme,35.0,9,54154.0,1,Oui,Non,64515.595,Oui
8539,15601569,Ndubueze,598,France,Femme,40.0,2,85589.125,1,Oui,Non,68990.29,Oui
8540,15737509,Morrison,850,Espagne,Homme,34.0,8,99614.57,1,Non,Non,34053.145,Non
8541,15707110,Endrizzi,660,Allemagne,Homme,28.0,2,85445.025,2,Oui,Non,20879.45,Non
8542,15753719,Rickards,547,Allemagne,Femme,30.0,9,36196.205,1,Oui,Non,38538.57,Non
8543,15776229,MacPherson,682,France,Homme,44.0,3,57641.15,1,Non,Non,11883.2,Non
8544,15581736,Bartlett,673,Allemagne,Homme,47.0,1,91789.77,2,Non,Oui,17023.77,Non
8545,15705512,Welch,668,Allemagne,Femme,37.0,6,83932.2,1,Oui,Non,57819.145,Non
8546,15567893,Lei,556,Allemagne,Homme,33.0,3,62106.68,2,Oui,Non,31313.775,Non
8547,15586029,Davis,806,Allemagne,Homme,34.0,2,48076.34,2,Oui,Non,71855.51,Non
8548,15763874,Ho,635,Espagne,Homme,46.0,8,0.0,2,Oui,Oui,30369.58,Non
8549,15627195,Parrott,568,Allemagne,Homme,26.0,1,56465.14,2,Oui,Non,11047.865,Non
8550,15602844,Niu,717,France,Homme,38.0,7,48729.53,1,Non,Non,94587.855,Non
8551,15763055,Onuchukwu,572,Espagne,Homme,31.0,5,49054.395,1,Non,Oui,59998.475,Non
8552,15713463,Tate,645,Allemagne,Femme,41.0,2,69440.52,1,Oui,Non,64968.265,Oui
8553,15600258,Chesnokova,701,France,Homme,43.0,2,0.0,2,Oui,Oui,82651.895,Non
8554,15631756,Tuan,482,France,Femme,35.0,5,73906.525,2,Non,Non,54514.86,Non
8555,15727696,Zubareva,592,France,Homme,42.0,1,73624.645,2,Oui,Oui,31511.51,Non
8556,15713532,Wang,646,Allemagne,Femme,29.0,4,52978.72,1,Oui,Non,7735.455,Non
8557,15573171,Liao,695,Espagne,Homme,63.0,1,73101.465,1,Oui,Oui,63344.415,Oui
8558,15627854,Mai,707,Espagne,Homme,44.0,3,0.0,2,Oui,Oui,67538.505,Non
8559,15628034,Wilder,629,France,Femme,37.0,6,64550.65,1,Oui,Oui,11985.665,Non
8560,15704340,Fu,581,France,Femme,37.0,10,52127.515,1,Oui,Non,43304.685,Non
8561,15629846,Sheehan,827,Allemagne,Femme,47.0,8,71500.75,2,Oui,Non,54488.75,Non
8562,15623828,Akobundu,682,France,Homme,30.0,4,0.0,1,Non,Oui,80732.655,Non
8563,15601184,Abramovich,604,Espagne,Femme,26.0,3,0.0,2,Oui,Non,77624.31,Non
8564,15796480,Reilly,687,France,Femme,,2,0.0,2,Non,Oui,72705.695,Non
8565,15793478,Li Fonti,593,Allemagne,Femme,39.0,8,75695.84,1,Oui,Non,13637.3,Oui
8566,15749951,Sacco,766,Allemagne,Homme,27.0,5,63142.865,1,Oui,Non,88807.085,Oui
8567,15690332,Wang,647,Allemagne,Homme,35.0,3,96203.985,1,Oui,Oui,20072.64,Non
8568,15620000,Chambers,760,Allemagne,Homme,34.0,6,60651.885,2,Oui,Oui,29662.605,Non
8569,15648721,Hsueh,711,France,Homme,64.0,4,0.0,2,Oui,Oui,1592.835,Non
8570,15711716,Ferguson,580,France,Femme,56.0,1,65684.15,1,Oui,Non,53459.335,Oui
8571,15701160,Azubuike,556,Allemagne,Femme,43.0,4,62945.36,1,Oui,Oui,37427.485,Non
8572,15678374,Colombo,666,France,Femme,59.0,5,0.0,2,Oui,Oui,92561.545,Non
8573,15584532,Liu,709,France,Femme,36.0,7,0.0,1,Non,Oui,,Oui
8574,15643696,Young,611,France,Homme,49.0,3,0.0,2,Oui,Oui,71458.77,Non
8575,15762605,Wall,685,France,Homme,58.0,1,52398.27,1,Oui,Oui,77090.705,Non
8576,15775880,McElyea,554,France,Femme,30.0,9,0.0,2,Oui,Oui,20160.15,Non
8577,15632079,Hardy,720,Allemagne,Femme,37.0,8,78141.395,1,Oui,Non,22992.76,Non
8578,15737795,Scott,512,Espagne,Homme,36.0,1,0.0,1,Non,Oui,67741.13,Oui
8579,15625501,Wall,570,Allemagne,Homme,38.0,1,63600.79,1,Oui,Non,73584.14,Oui
8580,15741417,Chibuzo,624,Espagne,Femme,,7,59828.225,2,Oui,Oui,2297.525,Non
8581,15662758,Watson,620,France,Homme,41.0,0,48962.555,1,Oui,Non,42500.16,Non
8582,15668580,Todd,716,Espagne,Homme,33.0,2,0.0,2,Oui,Oui,46458.265,Non
8583,15596011,Artyomova,529,Espagne,Homme,34.0,9,0.0,1,Oui,Oui,46604.11,Non
8584,15748068,Boyle,571,Espagne,Femme,31.0,3,0.0,2,Oui,Oui,97333.96,Non
8585,15664521,David,659,,Homme,31.0,7,74810.44,2,Oui,Oui,52266.755,Non
8586,15606836,Lombardo,782,France,Femme,33.0,2,47246.515,1,Non,Oui,50933.195,Non
8587,15658486,Gidney,579,Espagne,Femme,59.0,3,74010.56,1,Oui,Oui,37439.11,Non
8588,15814430,Ma,747,Espagne,Homme,41.0,9,0.0,1,Oui,Non,16215.47,Oui
8589,15667742,Vincent,627,Espagne,Homme,41.0,5,50440.38,1,Non,Oui,67332.625,Non
8590,15794493,Chimaijem,641,Espagne,Homme,32.0,7,0.0,2,Oui,Oui,12133.64,Non
8591,15711219,Jennings,788,Allemagne,Femme,57.0,8,46858.36,1,Oui,Oui,,Oui
8592,15618750,Phillips,590,France,Homme,31.0,8,56105.805,1,Oui,Non,13130.71,Non
8593,15724127,McLean,790,France,Femme,26.0,4,70790.855,2,Non,Non,49154.635,Non
8594,15757521,Ricci,606,France,Homme,35.0,2,66082.13,1,Non,Oui,82407.795,Non
8595,15775663,Otitodilichukwu,712,Allemagne,Homme,53.0,6,67364.995,2,Oui,Oui,,Non
8596,15717426,Armstrong,850,France,Homme,36.0,7,0.0,1,Oui,Oui,20406.45,Non
8597,15656322,Sandover,571,Allemagne,Homme,33.0,3,35921.575,1,Oui,Non,13386.02,Non
8598,15690733,Angelo,608,Espagne,Homme,45.0,4,0.0,2,Non,Non,18348.74,Oui
8599,15713621,Mollison,687,Allemagne,Homme,41.0,10,67159.105,2,Oui,Oui,99032.26,Non
8600,15592751,Okwudiliolisa,684,Allemagne,Femme,63.0,3,40622.895,1,Oui,Non,34821.655,Oui
8601,15727177,Manfrin,557,France,Homme,42.0,6,88911.015,1,Oui,Non,75472.155,Oui
8602,15644977,Goddard,776,France,Femme,31.0,5,0.0,2,Oui,Non,46323.97,Non
8603,15728006,Endrizzi,524,France,Homme,40.0,2,90258.45,1,Oui,Non,90001.21,Non
8604,15718454,Ch'eng,712,Espagne,Femme,44.0,2,0.0,2,Non,Non,,Non
8605,15688644,Holloway,603,France,Homme,31.0,1,64871.875,1,Oui,Non,54572.6,Non
8606,15686941,Hutchinson,575,,Femme,26.0,7,0.0,2,Oui,Non,56253.815,Non
8607,15603082,Yashina,701,France,Homme,51.0,9,0.0,2,Non,Non,30980.785,Non
8608,15801277,Maccallum,715,France,Femme,31.0,2,56106.07,2,Oui,Oui,90800.36,Non
8609,15656683,Johnson,551,France,Homme,52.0,1,0.0,1,Non,Non,31792.275,Oui
8610,15591248,Chukwumaobim,628,France,Femme,29.0,9,35998.145,1,Oui,Oui,17428.73,Non
8611,15813144,Osborne,554,France,Femme,26.0,7,46303.43,2,Oui,Non,96354.845,Non
8612,15676353,Etheridge,598,France,Homme,35.0,8,57106.3,1,Oui,Oui,37161.425,Non
8613,15617082,Sanders,516,France,Homme,33.0,7,57597.79,1,Oui,Oui,5602.75,Non
8614,15748352,Endrizzi,598,Espagne,Homme,34.0,0,52244.085,1,Non,Oui,21624.835,Non
8615,15626787,Wei,698,Espagne,Femme,,8,92539.13,1,Non,Non,57668.87,Oui
8616,15601030,Patel,777,Allemagne,Femme,34.0,5,48346.83,1,Oui,Oui,,Non
8617,15780870,McKay,580,Espagne,Homme,67.0,3,76973.07,1,Oui,Oui,3709.46,Non
8618,15660263,Olisaemeka,622,France,Homme,40.0,4,49899.88,2,Oui,Non,98686.065,Non
8619,15662291,Davidson,534,France,Femme,55.0,8,58486.63,3,Oui,Non,61033.25,Oui
8620,15667438,Ferguson,675,France,Femme,38.0,1,52008.44,1,Non,Non,11034.415,Oui
8621,15642934,Mason,669,Allemagne,Femme,35.0,4,54134.6,2,Oui,Non,,Non
8622,15767339,Chiazagomekpere,777,France,Femme,53.0,10,0.0,2,Oui,Non,94996.485,Non
8623,15666856,Chikwendu,774,,Homme,49.0,1,71383.695,1,Oui,Oui,4107.205,Non
8624,15693259,Wallace,676,,Homme,30.0,1,64103.615,1,Oui,Oui,27700.085,Non
8625,15730076,Osborne,651,France,Homme,45.0,1,0.0,1,Oui,Non,33870.04,Oui
8626,15596021,K?,598,Espagne,Homme,44.0,8,0.0,2,Oui,Non,74243.95,Non
8627,15675749,Baranov,695,France,Femme,23.0,1,0.0,2,Oui,Oui,70878.16,Non
8628,15779174,Young,451,France,Femme,36.0,2,0.0,2,Oui,Oui,90071.21,Non
8629,15573086,Millar,564,France,Homme,42.0,7,49912.225,1,Oui,Oui,18360.7,Non
8630,15692929,Ikechukwu,791,Allemagne,Femme,42.0,10,56828.705,2,Non,Oui,69973.34,Oui
8631,15800806,Pai,685,Espagne,Homme,31.0,7,61224.655,2,Oui,Oui,90384.775,Non
8632,15569503,Yeh,765,France,Homme,44.0,6,0.0,2,Oui,Oui,79949.985,Non
8633,15614220,Benson,750,France,Homme,22.0,5,0.0,2,Non,Oui,52562.825,Non
8634,15578238,Calabrese,727,France,Homme,47.0,7,0.0,2,Oui,Non,96652.675,Non
8635,15785819,Shao,681,France,Homme,38.0,3,0.0,2,Oui,Oui,56245.98,Non
8636,15756901,Ch'ang,641,France,Femme,26.0,4,45773.92,2,Non,Oui,14078.67,Non
8637,15737071,Tang,639,France,Femme,60.0,5,81019.89,1,Oui,Oui,42180.86,Oui
8638,15635396,Thompson,738,Allemagne,Femme,29.0,9,69553.095,1,Oui,Non,70936.025,Oui
8639,15620750,Sugden,559,France,Homme,28.0,3,70549.715,1,Oui,Oui,7803.635,Non
8640,15809178,Pan,569,Allemagne,Femme,42.0,9,73050.375,1,Oui,Non,16287.005,Oui
8641,15609083,Tretiakova,544,France,Femme,26.0,6,0.0,1,Oui,Non,50100.2,Oui
8642,15614716,Okwudilichukwu,515,France,Femme,37.0,0,98426.81,1,Oui,Oui,66385.055,Non
8643,15615991,Udegbulam,654,France,Homme,42.0,7,49631.545,1,Oui,Oui,33803.95,Non
8644,15705515,Lazarev,587,Allemagne,Homme,40.0,5,69120.95,2,Oui,Non,79709.05,Non
8645,15805463,Board,682,Allemagne,Homme,32.0,2,52581.94,2,Oui,Oui,82085.23,Non
8646,15691387,Agafonova,483,France,Homme,29.0,9,0.0,1,Oui,Oui,40817.225,Non
8647,15630617,Lo Duca,727,Allemagne,Homme,36.0,6,70209.405,1,Oui,Oui,56516.865,Oui
8648,15813697,Onyekaozulu,498,Allemagne,Femme,44.0,2,60351.335,2,Oui,Oui,49087.87,Non
8649,15694404,Eberegbulam,781,France,Femme,42.0,3,78277.77,1,Oui,Oui,87837.005,Non
8650,15643752,Wei,540,France,Homme,25.0,5,58080.115,1,Oui,Non,6705.835,Non
8651,15706365,Bianchi,648,France,Femme,50.0,9,51267.785,1,Oui,Oui,94771.595,Non
8652,15799924,Sanchez,668,Espagne,Homme,43.0,1,73583.625,1,Non,Non,70839.865,Non
8653,15739054,Y?,654,France,Femme,29.0,4,48487.485,1,Non,Oui,70702.035,Non
8654,15765518,Gregson,643,France,Femme,51.0,2,52614.765,1,Oui,Non,,Oui
8655,15776844,Hao,762,Espagne,Femme,19.0,6,0.0,2,Oui,Non,27750.085,Non
8656,15642468,Clark,697,France,Homme,42.0,9,66369.63,2,Non,Non,87333.825,Non
8657,15686670,Duke,588,France,Femme,36.0,2,0.0,2,Oui,Non,46268.0,Oui
8658,15719991,Korovina,727,Espagne,Femme,52.0,1,77366.985,1,Oui,Non,40129.835,Oui
8659,15596181,Kwemto,542,France,Homme,38.0,8,32971.13,1,Oui,Oui,34046.615,Oui
8660,15626008,Miller,622,Allemagne,Femme,52.0,9,55986.985,1,Oui,Oui,81378.145,Oui
8661,15642726,Holmes,611,France,Homme,53.0,3,41784.13,1,Non,Non,617.745,Non
8662,15631813,Beneventi,621,France,Homme,39.0,6,0.0,2,Oui,Oui,29441.955,Non
8663,15594576,Zhdanov,524,France,Homme,32.0,1,72437.855,1,Non,Non,93870.02,Non
8664,15793842,Krichauff,700,France,Femme,34.0,2,38161.345,1,Oui,Non,64068.145,Non
8665,15732476,Ifeanyichukwu,600,France,Femme,27.0,3,0.0,2,Non,Oui,,Non
8666,15666252,Ritchie,706,Espagne,Homme,42.0,9,0.0,2,Oui,Oui,14357.17,Non
8667,15591286,Simmons,731,Allemagne,Femme,49.0,4,44413.035,1,Oui,Oui,16879.705,Oui
8668,15717879,Chen,712,Espagne,Femme,79.0,5,54039.28,1,Oui,Oui,87059.465,Non
8669,15640034,Milligan,551,France,Homme,42.0,2,69780.73,1,Oui,Non,21717.715,Oui
8670,15724423,Wilson,571,France,Femme,38.0,6,53596.91,2,Non,Non,19481.47,Non
8671,15632609,Burdekin,554,France,Femme,39.0,10,80066.375,1,Oui,Non,16412.075,Non
8672,15801788,McDonald,706,Allemagne,Femme,29.0,6,92772.18,1,Oui,Non,85518.815,Non
8673,15668695,Endrizzi,536,France,Femme,22.0,5,44746.31,1,Non,Non,21467.215,Non
8674,15728564,Lo,682,France,Homme,41.0,6,0.0,2,Non,Oui,67079.045,Oui
8675,15667602,Cheng,704,Espagne,Homme,33.0,3,0.0,2,Oui,Non,36509.37,Non
8676,15705620,Lu,730,France,Homme,34.0,5,61226.685,2,Oui,Non,69441.49,Non
8677,15611318,Kruglova,599,Espagne,Homme,33.0,4,25845.445,1,Oui,Non,55811.38,Oui
8678,15660429,Ch'in,665,Espagne,Femme,42.0,2,78185.805,2,Non,Oui,78387.47,Oui
8679,15643330,Chukwuemeka,594,France,Homme,37.0,2,0.0,2,Non,Oui,47932.25,Non
8680,15687903,Okonkwo,501,France,Femme,29.0,8,0.0,2,Oui,Non,56332.12,Non
8681,15638487,She,586,Allemagne,Homme,38.0,2,68429.21,1,Non,Oui,94571.97,Non
8682,15703177,Bell,654,France,Femme,35.0,2,45432.9,1,Oui,Oui,43382.23,Non
8683,15661528,Ashbolt,583,Espagne,Homme,47.0,5,51281.115,1,Oui,Non,46354.05,Non
8684,15813917,Kirk,653,Allemagne,Homme,31.0,9,71660.985,1,Oui,Non,41839.73,Non
8685,15743067,Fuller,625,Allemagne,Homme,26.0,3,65241.975,1,Oui,Non,61405.265,Non
8686,15815560,Bogle,666,Allemagne,Homme,74.0,7,52551.25,1,Oui,Oui,23086.235,Non
8687,15602405,Ryrie,703,Allemagne,Femme,38.0,9,49583.77,1,Oui,Non,32860.46,Non
8688,15585255,Moore,577,France,Homme,42.0,9,0.0,1,Oui,Non,37038.955,Non
8689,15633944,McKay,644,Espagne,Homme,32.0,3,68329.87,1,Oui,Oui,7093.89,Non
8690,15585133,Wei,657,Espagne,Femme,27.0,8,0.0,2,Non,Non,3234.12,Non
8691,15712960,Olisanugo,613,Espagne,Homme,,3,85826.585,1,Non,Oui,2676.56,Non
8692,15620746,Lorenzo,632,,Homme,42.0,4,63057.8,1,Oui,Non,50499.25,Non
8693,15626042,Webb,690,Espagne,Femme,26.0,2,0.0,2,Oui,Oui,46627.925,Non
8694,15719809,Endrizzi,516,Allemagne,Homme,32.0,3,72583.045,2,Non,Non,55710.725,Non
8695,15608916,Ndubueze,573,France,Homme,,7,73877.34,1,Oui,Oui,,Non
8696,15750264,Pinto,757,Allemagne,Homme,30.0,6,52564.425,2,Oui,Oui,,Non
8697,15618225,Porter,741,Allemagne,Homme,36.0,8,58496.715,2,Oui,Non,84408.11,Non
8698,15673570,Olsen,580,France,Homme,37.0,9,0.0,2,Non,Oui,38554.33,Non
8699,15652658,Finch,721,France,Homme,36.0,1,77588.415,2,Oui,Oui,24826.685,Non
8700,15569626,Miller,577,Espagne,Homme,35.0,5,55040.15,1,Oui,Oui,54897.155,Non
8701,15677173,Law,555,France,Homme,37.0,9,62484.565,1,Oui,Non,30097.025,Non
8702,15736495,Jackson,712,France,Homme,34.0,8,57044.16,1,Oui,Non,46397.305,Non
8703,15804211,Oluchukwu,719,France,Homme,36.0,3,77711.585,1,Oui,Oui,99920.66,Non
8704,15613630,Tang,775,France,Homme,52.0,8,54961.305,1,Oui,Oui,48411.66,Oui
8705,15734628,Lysaght,623,France,Femme,,5,0.0,2,Oui,Non,50596.04,Non
8706,15603830,Palmer,600,Espagne,Homme,36.0,4,0.0,2,Oui,Non,71817.68,Non
8707,15680901,Potter,652,France,Femme,34.0,6,48717.925,2,Oui,Oui,52165.88,Non
8708,15684196,Aitken,627,France,Femme,55.0,2,79720.635,1,Oui,Non,50343.055,Oui
8709,15803121,Chia,847,France,Homme,,5,48782.87,1,Non,Non,72092.03,Oui
8710,15797905,Walker,682,France,Femme,48.0,7,0.0,2,Oui,Non,32534.515,Non
8711,15735968,Hsing,605,France,Homme,41.0,10,0.0,2,Non,Oui,48606.545,Non
8712,15676707,Sidorov,577,Espagne,Femme,39.0,4,0.0,2,Oui,Non,45683.21,Non
8713,15760456,Eberechukwu,731,France,Femme,38.0,10,61855.865,2,Oui,Non,85670.34,Oui
8714,15574947,Cartwright,656,France,Homme,36.0,8,48893.04,2,Non,Oui,10739.18,Non
8715,15747647,Iadanza,589,Espagne,Femme,27.0,4,0.0,2,Oui,Non,,Non
8716,15593694,Williams,814,France,Homme,49.0,8,0.0,2,Non,Non,78911.27,Non
8717,15613319,Rice,793,France,Femme,33.0,0,0.0,1,Non,Non,87772.01,Non
8718,15745452,Sun,651,Allemagne,Homme,41.0,1,45109.055,1,Oui,Non,87168.84,Non
8719,15611315,Ts'ao,708,Allemagne,Femme,23.0,4,35716.54,1,Oui,Non,51848.785,Non
8720,15686913,Kung,757,France,Homme,38.0,0,0.0,1,Oui,Non,41631.53,Non
8721,15736078,Ting,730,Allemagne,Femme,33.0,7,65183.935,1,Oui,Non,,Oui
8722,15717138,Watson,850,Espagne,Homme,31.0,6,41306.78,2,Oui,Non,74585.46,Non
8723,15716000,Hs?eh,638,Espagne,Homme,48.0,2,0.0,2,Oui,Oui,3959.54,Non
8724,15611599,Curtis,604,France,Femme,71.0,2,0.0,2,Oui,Oui,24753.41,Non
8725,15666197,Boni,430,Allemagne,Femme,38.0,8,76529.32,1,Oui,Non,49688.635,Non
8726,15664849,Colon,573,,Homme,46.0,3,32634.615,1,Non,Oui,94994.325,Oui
8727,15801152,Hill,553,Espagne,Femme,39.0,1,71438.49,2,Oui,Non,22181.71,Non
8728,15800703,Madukwe,485,Espagne,Femme,21.0,5,56578.61,1,Oui,Oui,27070.75,Non
8729,15641782,Humphries,540,France,Femme,31.0,7,0.0,1,Non,Oui,91525.8,Oui
8730,15679909,Pugliesi,665,Espagne,Homme,41.0,8,0.0,2,Oui,Non,66076.16,Non
8731,15643487,Sal,630,Espagne,Homme,39.0,10,52736.87,1,Non,Non,29427.44,Oui
8732,15723907,Lawless,712,Allemagne,Femme,49.0,5,77388.21,2,Non,Non,98128.84,Non
8733,15797160,Glover,492,France,Femme,49.0,8,0.0,1,Oui,Oui,91432.545,Oui
8734,15734970,White,835,Espagne,Homme,38.0,7,43412.045,1,Non,Non,87952.985,Non
8735,15648967,Ch'en,698,Allemagne,Femme,64.0,1,84681.215,1,Oui,Non,42380.16,Oui
8736,15780925,Tretyakova,625,France,Homme,37.0,1,88534.62,2,Oui,Oui,48044.27,Non
8737,15813871,Hs?,690,France,Homme,47.0,2,0.0,2,Oui,Non,75687.865,Non
8738,15720110,Oluchukwu,795,France,Homme,32.0,2,58632.605,1,Oui,Oui,99158.615,Non
8739,15692137,Jen,759,France,Femme,46.0,2,0.0,1,Oui,Oui,69190.055,Non
8740,15592000,Calabresi,781,Allemagne,Femme,48.0,9,41397.09,1,Oui,Non,62360.34,Oui
8741,15633260,Dumetochukwu,600,France,Homme,37.0,1,71331.73,1,Non,Oui,44334.945,Non
8742,15674727,Lazarev,777,,Femme,42.0,5,73765.91,1,Oui,Oui,19409.725,Non
8743,15619955,Bevington,733,Allemagne,Homme,34.0,3,50168.98,3,Oui,Non,24279.595,Oui
8744,15617538,Nwankwo,834,Espagne,Homme,,7,0.0,2,Non,Non,22519.37,Non
8745,15658716,Banks,667,Allemagne,Femme,37.0,5,46085.675,3,Oui,Non,89053.17,Oui
8746,15595036,Doherty,726,Allemagne,Homme,30.0,7,46423.795,1,Oui,Non,73077.03,Non
8747,15746802,Onio,477,France,Femme,30.0,6,65643.23,1,Oui,Non,97072.225,Non
8748,15585853,McCardle,743,Espagne,Homme,41.0,7,0.0,1,Oui,Non,81868.045,Oui
8749,15615457,Burns,842,Espagne,Femme,44.0,2,56326.04,2,Oui,Non,63322.49,Non
8750,15629739,Hartley,621,Allemagne,Femme,31.0,8,50187.695,1,Oui,Oui,45192.13,Non
8751,15574858,Page,530,France,Homme,37.0,8,0.0,2,Oui,Oui,143.995,Non
8752,15574480,Ubanwa,652,Espagne,Homme,31.0,1,66431.295,1,Non,Non,79027.245,Non
8753,15759387,McIntosh,598,Allemagne,Homme,38.0,1,50743.59,1,Oui,Oui,37979.55,Oui
8754,15797748,Lu,729,France,Homme,,5,0.0,2,Non,Oui,4600.27,Non
8755,15804052,Scott,710,Espagne,Homme,23.0,6,0.0,2,Oui,Oui,67094.055,Non
8756,15815615,Kung,681,France,Homme,36.0,5,70976.035,1,Oui,Oui,92572.04,Non
8757,15807335,Spencer,676,Espagne,Femme,64.0,4,58477.16,1,Oui,Oui,45574.74,Non
8758,15755239,Maughan,758,Allemagne,Homme,32.0,4,81328.82,2,Oui,Oui,57762.565,Non
8759,15698271,Graham,523,France,Femme,26.0,4,0.0,2,Oui,Non,92744.405,Non
8760,15577751,Pisano,759,Allemagne,Homme,30.0,4,50901.335,1,Non,Non,4346.9,Non
8761,15663939,Arnott,523,Allemagne,Homme,35.0,8,69391.38,1,Oui,Oui,93059.465,Non
8762,15740404,He,758,France,Femme,34.0,3,0.0,2,Oui,Oui,62113.08,Non
8763,15627517,Taylor,497,Espagne,Homme,,7,74700.135,1,Non,Non,83761.095,Non
8764,15591577,Moran,584,France,Homme,,3,73155.79,1,Oui,Oui,52721.735,Non
8765,15809837,Kent,430,Allemagne,Femme,66.0,6,67696.155,2,Oui,Oui,86426.03,Oui
8766,15695679,Yao,776,Espagne,Homme,39.0,2,52174.725,1,Non,Non,,Non
8767,15602043,Buccho,770,Allemagne,Femme,46.0,5,70894.315,2,Non,Non,82483.605,Non
8768,15710012,Bowen,738,Espagne,Homme,44.0,2,0.0,2,Oui,Non,21509.41,Oui
8769,15660271,Duncan,688,Allemagne,Homme,26.0,8,73066.695,1,Oui,Oui,87648.38,Non
8770,15797665,Docherty,730,France,Femme,27.0,7,0.0,2,Oui,Non,72049.74,Non
8771,15650391,Wallace,633,France,Femme,29.0,7,84994.175,1,Oui,Non,2136.0,Non
8772,15758901,Henderson,713,Espagne,Femme,47.0,1,0.0,1,Oui,Non,53912.54,Oui
8773,15622833,Mahon,835,Allemagne,Femme,,10,65210.1,2,Non,Non,53138.275,Non
8774,15722765,Owen,580,Espagne,Femme,57.0,0,68410.495,1,Non,Oui,,Non
8775,15687372,Padovesi,547,Allemagne,Homme,49.0,8,60768.855,2,Oui,Non,23260.725,Oui
8776,15706071,Hunt,528,Allemagne,Homme,39.0,0,63815.81,1,Non,Oui,11098.9,Oui
8777,15706223,Barnes,715,Espagne,Homme,38.0,2,48399.395,2,Oui,Oui,2277.335,Non
8778,15590146,Mao,630,France,Homme,50.0,1,40973.88,1,Non,Oui,31803.11,Oui
8779,15591130,Medvedev,507,Espagne,Femme,29.0,6,0.0,2,Non,Oui,47390.45,Non
8780,15600280,Tao,703,France,Femme,32.0,6,0.0,2,Non,Non,16803.26,Non
8781,15632977,Hsiao,745,France,Homme,47.0,5,0.0,2,Non,Non,72894.855,Non
8782,15675450,Burt,718,France,Homme,48.0,9,0.0,2,Oui,Oui,36052.815,Non
8783,15654379,Onwuatuegwu,588,Espagne,Homme,59.0,4,0.0,2,Oui,Oui,13717.705,Non
8784,15685226,Morrison,712,Allemagne,Femme,29.0,7,73599.535,1,Oui,Oui,42466.2,Non
8785,15619514,Bull,507,Allemagne,Homme,40.0,3,60052.715,1,Oui,Non,46037.505,Oui
8786,15697460,Lai,596,Allemagne,Homme,34.0,4,49720.605,2,Non,Oui,2401.135,Non
8787,15639530,Buda,679,Espagne,Homme,42.0,2,0.0,1,Oui,Oui,84147.135,Non
8788,15638774,Chong,719,Espagne,Femme,40.0,9,0.0,2,Oui,Non,91112.07,Non
8789,15617252,Lung,697,France,Femme,33.0,1,43673.85,1,Oui,Non,86262.255,Non
8790,15581626,Mancini,664,France,Homme,54.0,8,0.0,1,Oui,Oui,,Oui
8791,15672905,Sani,679,Espagne,Femme,40.0,7,0.0,2,Oui,Oui,81878.645,Non
8792,15717489,Martin,835,France,Homme,23.0,9,0.0,1,Oui,Non,9896.865,Oui
8793,15728829,Weigel,509,France,Homme,18.0,7,51491.955,1,Oui,Non,85885.29,Non
8794,15779414,Rossi,696,Espagne,Homme,40.0,3,76819.555,1,Oui,Oui,,Non
8795,15688563,Marchesi,694,Allemagne,Homme,31.0,4,70994.635,2,Oui,Non,13058.41,Non
8796,15766047,Sukhorukova,748,France,Femme,41.0,2,45810.845,1,Oui,Oui,35569.655,Non
8797,15719779,May,645,Allemagne,Homme,25.0,1,78702.01,2,Oui,Non,46536.52,Non
8798,15636478,Williams,621,France,Homme,31.0,7,68329.305,1,Oui,Oui,74344.565,Non
8799,15574842,Lorenzo,653,Allemagne,Femme,25.0,2,79133.21,3,Oui,Oui,99678.62,Non
8800,15804721,Boni,602,France,Homme,49.0,0,95904.365,1,Non,Non,48820.1,Non
8801,15569410,Tang,601,Allemagne,Femme,33.0,7,57215.09,2,Oui,Oui,76506.065,Non
8802,15597385,Siddons,573,Espagne,Homme,41.0,5,0.0,2,Non,Oui,7239.645,Non
8803,15704053,T'ang,710,Espagne,Homme,62.0,3,65539.21,2,Oui,Non,59674.38,Oui
8804,15636624,Nwabugwu,805,Espagne,Femme,39.0,5,82636.065,1,Oui,Non,7054.925,Oui
8805,15675626,Dawson,726,France,Homme,28.0,2,0.0,1,Non,Non,49030.255,Non
8806,15609824,Fedorov,794,France,Femme,41.0,7,88422.705,3,Oui,Non,83263.13,Oui
8807,15728043,Udinese,648,Allemagne,Femme,37.0,7,69251.755,2,Oui,Non,28607.925,Non
8808,15665129,Kapustin,545,Allemagne,Homme,33.0,1,66263.95,2,Non,Oui,53714.855,Non
8809,15603665,Colombo,638,Allemagne,Femme,39.0,0,61250.64,2,Oui,Oui,47503.9,Non
8810,15624528,L?,664,Allemagne,Homme,26.0,7,58122.07,2,Oui,Oui,47572.57,Non
8811,15777708,Liao,824,Espagne,Femme,38.0,3,0.0,2,Oui,Non,96400.125,Non
8812,15706185,Clements,596,Allemagne,Homme,47.0,5,70093.55,2,Oui,Oui,87155.65,Non
8813,15732903,Fontenot,673,France,Homme,39.0,7,41127.755,2,Oui,Non,,Non
8814,15681220,Chou,503,France,Femme,37.0,8,0.0,2,Oui,Oui,48946.66,Non
8815,15709928,Niu,567,Espagne,Femme,41.0,1,0.0,2,Oui,Non,1707.36,Non
8816,15741921,Moon,622,Espagne,Femme,26.0,8,0.0,2,Oui,Oui,62482.41,Non
8817,15644446,Norton,672,France,Femme,28.0,6,0.0,1,Non,Oui,4407.345,Non
8818,15707674,Marino,515,France,Femme,58.0,2,65926.405,1,Oui,Non,40718.34,Oui
8819,15647725,Napolitano,675,France,Femme,61.0,5,31027.585,3,Oui,Non,83152.58,Oui
8820,15677336,Aitken,557,Allemagne,Homme,57.0,1,60021.565,1,Oui,Non,66185.375,Oui
8821,15640922,Demaine,791,France,Femme,52.0,7,0.0,1,Oui,Oui,61391.25,Non
8822,15733032,Butler,651,Espagne,Homme,47.0,2,0.0,2,Oui,Oui,59904.32,Non
8823,15722991,McGregor,567,France,Homme,54.0,9,48201.48,1,Non,Non,26017.645,Oui
8824,15754526,Walker,699,Allemagne,Homme,36.0,6,73568.87,1,Oui,Oui,16843.95,Non
8825,15723053,T'ang,504,Allemagne,Homme,32.0,8,85145.61,2,Non,Oui,7829.495,Non
8826,15651280,Hunter,742,Allemagne,Homme,35.0,5,68428.5,1,Non,Non,42254.785,Non
8827,15617934,Septimus,579,France,Homme,36.0,9,64914.795,1,Oui,Oui,30453.06,Non
8828,15785350,Austin,528,Espagne,Homme,23.0,7,52372.445,1,Oui,Non,85131.485,Non
8829,15680767,Sabbatini,717,Allemagne,Femme,64.0,10,49181.175,2,Oui,Oui,10815.105,Non
8830,15765902,Gibson,706,Allemagne,Homme,38.0,5,81517.41,2,Oui,Oui,67831.085,Non
8831,15651554,Anenechukwu,618,Allemagne,Femme,54.0,4,59224.605,1,Oui,Oui,66786.645,Oui
8832,15653595,Ts'ai,796,France,Homme,51.0,6,0.0,2,Non,Oui,97366.64,Non
8833,15678779,Quezada,502,France,Homme,33.0,7,0.0,2,Non,Oui,2041.26,Non
8834,15689044,Humphries,539,France,Homme,37.0,2,63804.795,1,Oui,Non,49323.11,Non
8835,15744398,Burns,525,France,Femme,,5,0.0,2,Oui,Non,80124.55,Non
8836,15577313,Lionel,619,France,Homme,44.0,3,58483.84,1,Oui,Non,2537.585,Oui
8837,15660871,Ch'ang,665,France,Homme,28.0,8,68650.115,1,Oui,Non,45087.415,Non
8838,15796569,Donaldson,831,Espagne,Femme,44.0,10,0.0,1,Non,Oui,23864.665,Non
8839,15815660,Mazzi,758,France,Femme,34.0,1,77069.725,1,Oui,Oui,30364.445,Non
8840,15582129,Hsia,517,,Homme,62.0,1,21886.33,3,Oui,Non,93878.12,Oui
8841,15741078,Greece,736,France,Homme,54.0,7,55864.735,2,Non,Oui,42460.245,Non
8842,15671987,Meagher,567,Espagne,Homme,35.0,8,76568.87,1,Oui,Non,44329.535,Non
8843,15638231,Chung,730,Espagne,Femme,62.0,2,0.0,2,Oui,Oui,81444.55,Non
8844,15614740,Walters,684,France,Femme,,6,67601.905,2,Oui,Oui,60983.94,Non
8845,15775741,Powell,608,France,Femme,28.0,9,0.0,2,Oui,Oui,62531.01,Non
8846,15593510,Capon,638,Allemagne,Femme,33.0,5,64667.825,1,Oui,Oui,28292.6,Oui
8847,15566295,Sanders,761,France,Femme,33.0,6,69026.895,2,Oui,Non,74389.705,Non
8848,15734942,Nnamutaezinwa,539,Allemagne,Femme,,8,41203.755,1,Oui,Non,6561.705,Non
8849,15701319,Baxter,614,Allemagne,Femme,37.0,6,48170.405,2,Oui,Oui,69688.62,Oui
8850,15756954,Lombardo,538,France,Femme,32.0,2,0.0,1,Oui,Oui,40065.27,Non
8851,15687431,Faria,642,France,Femme,41.0,7,57585.855,1,Oui,Oui,18837.235,Non
8852,15693526,Ku,618,France,Femme,40.0,0,0.0,1,Oui,Non,59529.565,Non
8853,15775293,Stephenson,680,France,Homme,34.0,3,71646.475,1,Oui,Non,33263.005,Non
8854,15695197,Tochukwu,553,Allemagne,Femme,25.0,7,64262.095,2,Oui,Non,10341.23,Non
8855,15608406,Schmidt,678,France,Homme,26.0,5,55564.02,1,Oui,Non,30470.635,Oui
8856,15796993,McCollum,741,France,Homme,52.0,1,85618.15,2,Non,Non,10917.2,Oui
8857,15674932,Cameron,757,Espagne,Femme,44.0,9,0.0,2,Oui,Non,88764.46,Non
8858,15631848,Grover,727,France,Femme,26.0,9,60754.14,1,Oui,Oui,73392.72,Non
8859,15704586,Osonduagwuike,758,France,Femme,42.0,7,0.0,2,Non,Oui,38104.78,Non
8860,15791030,Edwards,612,France,Femme,33.0,0,32450.16,2,Oui,Non,51213.06,Non
8861,15579781,Buccho,806,Allemagne,Homme,31.0,10,69326.755,1,Oui,Non,95401.685,Non
8862,15802560,Moran,470,Espagne,Femme,48.0,6,70288.055,1,Oui,Oui,,Non
8863,15738291,Nevzorova,671,France,Femme,48.0,8,57856.92,2,Non,Non,41605.42,Non
8864,15603481,Robinson,689,Espagne,Femme,55.0,4,0.0,2,Oui,Oui,29221.125,Non
8865,15649239,Vasilieva,731,Espagne,Homme,46.0,10,0.0,2,Oui,Non,76507.71,Non
8866,15675185,Chuang,697,Allemagne,Femme,48.0,2,54064.48,2,Oui,Oui,51972.185,Non
8867,15726358,Chiemenam,681,France,Homme,34.0,7,0.0,2,Non,Non,65343.295,Non
8868,15792726,Sung,470,France,Femme,25.0,8,63987.03,2,Oui,Oui,91629.675,Non
8869,15773071,Serena,780,Espagne,Femme,33.0,6,72790.305,1,Oui,Oui,77299.28,Non
8870,15606115,P'eng,510,France,Femme,52.0,6,95832.605,1,Oui,Oui,65656.28,Oui
8871,15750299,Davison,746,Espagne,Homme,24.0,10,34390.91,1,Non,Oui,23998.695,Non
8872,15569807,Ejimofor,673,France,Femme,34.0,8,21078.54,1,Oui,Non,10299.295,Oui
8873,15735799,Maconochie,527,Allemagne,Homme,,3,68659.21,1,Oui,Oui,63072.48,Non
8874,15805303,Olisanugo,661,Allemagne,Homme,44.0,1,70568.31,1,Oui,Non,94871.39,Oui
8875,15786170,Tien,659,France,Homme,31.0,4,59171.13,1,Non,Non,80787.095,Non
8876,15701439,Fanucci,698,Espagne,Femme,50.0,1,0.0,4,Oui,Non,44283.45,Oui
8877,15783955,Miah,697,France,Femme,25.0,4,82843.055,2,Oui,Non,7733.99,Non
8878,15643056,McMillan,755,Allemagne,Femme,38.0,1,41041.76,1,Non,Oui,5166.89,Non
8879,15674254,Kerr,554,Espagne,Femme,45.0,4,0.0,2,Oui,Oui,96706.025,Non
8880,15762799,Alexander,720,Allemagne,Homme,23.0,0,93930.59,2,Oui,Oui,52060.085,Non
8881,15732704,Piazza,582,Espagne,Homme,25.0,9,74021.485,2,Oui,Non,26170.575,Non
8882,15748608,Trentini,612,Allemagne,Homme,42.0,5,70963.55,1,Oui,Oui,21509.49,Non
8883,15800805,Maher,451,France,Femme,31.0,7,70465.91,1,Non,Oui,10194.385,Non
8884,15770811,Wallace,519,France,Homme,36.0,9,0.0,2,Non,Oui,72781.2,Non
8885,15801414,Bitter,767,France,Femme,35.0,2,0.0,2,Non,Non,72125.69,Non
8886,15629010,Beam,847,Allemagne,Femme,35.0,5,55871.715,1,Oui,Oui,91792.07,Non
8887,15792222,Johnstone,712,France,Femme,37.0,1,53440.75,2,Non,Non,84693.405,Non
8888,15679770,Smith,611,France,Femme,61.0,3,65791.795,4,Non,Oui,33119.115,Oui
8889,15800856,Ewen,643,Espagne,Homme,,3,41566.045,1,Oui,Oui,10680.44,Non
8890,15758510,Frolova,474,France,Homme,26.0,6,0.0,2,Non,Non,76245.61,Non
8891,15751137,Lei,850,Allemagne,Femme,36.0,3,84512.915,1,Oui,Non,87117.53,Non
8892,15749004,Tsao,718,France,Femme,31.0,0,59050.295,2,Oui,Non,51582.575,Non
8893,15566735,Obialo,548,Allemagne,Femme,36.0,2,54456.92,2,Oui,Oui,70230.005,Non
8894,15574169,Trevisano,595,Allemagne,Femme,32.0,0,46233.105,1,Oui,Non,,Non
8895,15704844,Hsiung,550,Espagne,Homme,62.0,7,40463.78,1,Non,Oui,32245.335,Non
8896,15645942,Macleod,689,Espagne,Homme,40.0,2,0.0,2,Oui,Oui,82384.41,Non
8897,15649668,Wilhelm,637,Allemagne,Femme,36.0,10,72875.225,2,Oui,Oui,48330.38,Non
8898,15713379,Anderson,669,France,Homme,26.0,4,0.0,2,Oui,Oui,,Non
8899,15637428,Briggs,660,France,Homme,35.0,7,0.0,2,Oui,Non,6609.3,Non
8900,15588090,Ferri,726,,Femme,51.0,8,53747.43,2,Oui,Non,70468.955,Oui
8901,15788025,Tseng,715,France,Femme,38.0,0,0.0,2,Oui,Oui,166.405,Non
8902,15659931,Ibezimako,637,Allemagne,Femme,,1,61689.1,1,Oui,Non,40715.995,Oui
8903,15725698,Panicucci,520,Espagne,Femme,35.0,4,57840.405,1,Oui,Oui,45140.35,Non
8904,15674526,Byrne,725,France,Homme,66.0,4,43229.9,1,Oui,Oui,70738.28,Non
8905,15761487,Yefimova,678,France,Femme,55.0,5,0.0,1,Non,Oui,98397.055,Oui
8906,15751926,Trentino,821,Allemagne,Homme,42.0,3,43903.645,2,Oui,Oui,32306.905,Non
8907,15636767,Yang,665,Espagne,Femme,32.0,10,0.0,1,Oui,Oui,11243.725,Non
8908,15634896,Grant,521,France,Femme,39.0,6,0.0,2,Non,Oui,13687.575,Non
8909,15640280,Cameron,850,France,Homme,39.0,4,63885.675,2,Non,Oui,75869.27,Non
8910,15709994,Gallo,658,France,Femme,,7,70298.475,1,Non,Oui,67729.51,Oui
8911,15605130,Seccombe,753,France,Homme,32.0,6,88864.565,1,Oui,Oui,80821.04,Non
8912,15580682,Tsai,652,France,Femme,,4,39963.68,2,Oui,Oui,16762.3,Non
8913,15597739,Tu,674,France,Homme,37.0,3,0.0,1,Oui,Non,79024.95,Non
8914,15668270,Thompson,587,Allemagne,Femme,44.0,5,62792.085,2,Oui,Oui,20926.12,Oui
8915,15578369,Chiedozie,652,Allemagne,Femme,37.0,9,72609.65,1,Oui,Non,79566.415,Non
8916,15764021,Frolov,617,France,Homme,34.0,1,30843.665,2,Oui,Non,52982.625,Non
8917,15738715,Alexander,600,France,Femme,37.0,4,0.0,3,Oui,Non,3656.125,Oui
8918,15804064,Docherty,742,France,Femme,35.0,2,39563.085,1,Oui,Oui,63498.765,Non
8919,15598275,Sochima,709,France,Femme,32.0,7,0.0,2,Oui,Oui,99709.01,Non
8920,15662294,Bennett,710,France,Homme,33.0,10,59163.585,2,Oui,Oui,96464.41,Non
8921,15722965,Yefimova,757,France,Homme,57.0,3,44539.705,1,Oui,Oui,26589.605,Oui
8922,15757628,Savage,571,France,Homme,40.0,10,56448.43,1,Oui,Oui,60701.265,Non
8923,15746553,Castles,526,Allemagne,Homme,50.0,5,62116.62,1,Non,Oui,79728.435,Oui
8924,15573876,Chia,473,Espagne,Homme,,8,0.0,2,Oui,Non,35569.9,Non
8925,15805523,Nnaife,717,France,Femme,28.0,1,45268.58,1,Non,Oui,37400.495,Non
8926,15625761,Maclean,632,Allemagne,Homme,41.0,8,63602.66,4,Oui,Non,46937.435,Oui
8927,15781465,Schofield,675,Allemagne,Femme,29.0,8,60663.21,1,Oui,Non,66728.76,Non
8928,15765311,Zhirov,642,Espagne,Homme,34.0,8,0.0,1,Oui,Non,36042.55,Non
8929,15741032,Tsao,733,France,Homme,48.0,5,0.0,1,Non,Oui,58915.285,Non
8930,15615938,Fleming,502,France,Femme,64.0,3,69831.685,1,Non,Oui,50497.555,Non
8931,15792004,Heath,731,Espagne,Femme,26.0,3,0.0,2,Oui,Non,18848.645,Non
8932,15648951,Kao,785,Espagne,Homme,41.0,7,0.0,2,Oui,Oui,99554.44,Non
8933,15672152,Grant,850,Allemagne,Homme,37.0,9,61253.19,1,Non,Oui,99846.92,Oui
8934,15752838,Lucas,723,Espagne,Homme,38.0,6,0.0,2,Oui,Oui,,Non
8935,15751022,Bowhay,777,Allemagne,Femme,37.0,10,60766.085,2,Oui,Oui,36732.44,Non
8936,15565879,Riley,845,France,Femme,28.0,9,0.0,2,Oui,Oui,28092.99,Non
8937,15729087,Suttor,751,Allemagne,Homme,54.0,9,78183.8,2,Non,Oui,58089.96,Non
8938,15791174,Leibius,540,Espagne,Homme,67.0,1,44191.005,1,Non,Oui,29728.5,Non
8939,15791743,Corbett,727,France,Homme,32.0,1,29635.91,1,Oui,Oui,23009.715,Non
8940,15685243,Jamieson,736,France,Femme,63.0,10,0.0,2,Non,Oui,,Non
8941,15767231,Sun,757,France,Homme,36.0,7,72426.03,1,Non,Non,65430.975,Non
8942,15750602,Clendinnen,662,France,Homme,29.0,5,73546.325,1,Oui,Non,5464.15,Non
8943,15801904,Heard,677,Allemagne,Homme,28.0,0,71994.0,2,Oui,Non,4377.845,Oui
8944,15746076,Saunders,506,Espagne,Homme,50.0,3,0.0,2,Oui,Non,6008.395,Non
8945,15690492,Palermo,625,France,Homme,41.0,6,48831.58,2,Oui,Non,28564.39,Non
8946,15633525,Payne,631,France,Homme,29.0,7,0.0,2,Non,Oui,62938.61,Non
8947,15811947,Gordon,850,France,Homme,33.0,0,62390.835,1,Non,Oui,,Non
8948,15797964,Cameron,732,Allemagne,Femme,29.0,1,77166.91,1,Oui,Oui,69263.78,Non
8949,15713596,Ugochukwu,428,France,Femme,62.0,1,53867.965,1,Non,Oui,29190.885,Non
8950,15632669,Rees,722,Espagne,Femme,32.0,4,0.0,2,Oui,Oui,56833.24,Non
8951,15569590,Yoo,601,Allemagne,Homme,42.0,1,49247.86,1,Oui,Non,20007.38,Oui
8952,15700864,Fiorentini,607,France,Femme,21.0,0,0.0,2,Oui,Non,58053.26,Non
8953,15732563,Swanton,726,Allemagne,Femme,33.0,7,49523.155,2,Oui,Oui,28026.53,Non
8954,15583748,McGuigan,592,Espagne,Homme,38.0,8,0.0,2,Oui,Non,90213.1,Non
8955,15702337,Sinclair,581,France,Homme,37.0,7,0.0,2,Oui,Oui,37160.375,Non
8956,15756824,Giordano,613,Allemagne,Femme,50.0,5,50621.49,2,Oui,Non,6246.805,Non
8957,15660735,T'ang,581,Espagne,Femme,31.0,6,0.0,2,Oui,Non,94188.605,Non
8958,15738835,Slater,850,Allemagne,Homme,38.0,7,50992.905,2,Non,Non,21900.635,Non
8959,15762927,Sung,674,Allemagne,Femme,36.0,6,50381.32,1,Oui,Non,91078.43,Non
8960,15775206,Hunter,699,France,Homme,37.0,10,0.0,2,Non,Non,41631.52,Non
8961,15593283,Higgins,705,Allemagne,Femme,48.0,1,78424.065,2,Oui,Oui,,Oui
8962,15660679,Chimaobim,653,Espagne,Femme,38.0,9,74785.97,1,Oui,Non,59191.59,Non
8963,15648989,Moss,850,France,Homme,37.0,4,63436.3,1,Oui,Non,98633.29,Non
8964,15722322,Green,655,Espagne,Femme,78.0,2,0.0,2,Non,Oui,,Non
8965,15724296,Kerr,684,Espagne,Homme,41.0,2,59891.36,2,Non,Non,60142.335,Non
8966,15581840,DeRose,626,France,Homme,33.0,8,0.0,2,Oui,Non,69252.14,Non
8967,15645600,Obidimkpa,739,Espagne,Femme,27.0,8,49463.2,1,Oui,Oui,,Non
8968,15722479,Ikenna,707,France,Homme,37.0,1,0.0,2,Non,Oui,3017.755,Non
8969,15685947,Henderson,556,Allemagne,Homme,42.0,0,57957.765,2,Non,Oui,62717.735,Oui
8970,15658852,Stevens,676,France,Homme,38.0,8,0.0,2,Oui,Oui,66846.44,Non
8971,15648702,Yuriev,775,Allemagne,Homme,70.0,6,59842.44,2,Oui,Oui,37266.01,Non
8972,15784736,Jamieson,562,France,Homme,45.0,6,68427.62,1,Oui,Non,23432.0,Non
8973,15746695,Wunder,429,France,Femme,39.0,6,24011.915,1,Oui,Non,37435.495,Non
8974,15785899,Ch'en,789,Allemagne,Homme,33.0,8,75803.78,1,Oui,Non,2194.7,Non
8975,15698184,Marshall,484,France,Femme,50.0,2,45204.08,2,Non,Non,24085.285,Non
8976,15672610,Somadina,567,Espagne,Homme,40.0,4,59314.4,1,Non,Non,45986.815,Non
8977,15757646,Olague,584,France,Homme,35.0,9,0.0,2,Oui,Non,96190.605,Non
8978,15787014,King,648,Allemagne,Femme,,8,45185.545,1,Oui,Oui,,Non
8979,15681878,Fan,436,Allemagne,Homme,45.0,3,52169.555,2,Oui,Oui,91770.11,Oui
8980,15613102,Ogochukwu,670,France,Femme,31.0,2,28765.03,1,Oui,Oui,90946.655,Oui
8981,15768566,K?,706,France,Homme,34.0,8,0.0,2,Oui,Oui,18739.985,Non
8982,15678317,Manfrin,603,France,Homme,46.0,2,0.0,2,Oui,Oui,29781.745,Non
8983,15622518,Stephenson,768,France,Femme,26.0,5,25558.13,1,Oui,Oui,,Oui
8984,15802741,Mitchel,625,France,Femme,51.0,7,68147.485,1,Oui,Non,19433.73,Oui
8985,15778219,Izmailov,790,France,Homme,26.0,5,0.0,1,Oui,Non,10255.395,Non
8986,15722072,Hou,630,France,Homme,53.0,5,69026.835,1,Non,Oui,57055.485,Non
8987,15589805,Benson,563,France,Femme,34.0,6,69905.17,1,Oui,Oui,76208.895,Non
8988,15622370,Boyle,813,Allemagne,Homme,30.0,1,58208.47,1,Non,Oui,42904.11,Non
8989,15701318,Poole,763,Espagne,Homme,67.0,9,74282.33,1,Non,Oui,43618.2,Non
8990,15583278,Greece,743,Espagne,Femme,,8,46358.48,1,Oui,Oui,16846.89,Non
8991,15570073,Marian,721,Espagne,Homme,57.0,1,0.0,1,Oui,Oui,97970.48,Non
8992,15673599,Williamson,618,Espagne,Homme,32.0,5,66738.045,1,Non,Oui,77421.7,Non
8993,15758039,Ash,614,France,Homme,44.0,6,0.0,2,Non,Oui,52465.23,Non
8994,15754267,Fleming,697,Allemagne,Homme,31.0,3,54402.71,2,Non,Oui,61912.915,Non
8995,15792989,Bianchi,543,France,Femme,71.0,1,52154.385,1,Oui,Oui,12825.02,Non
8996,15775803,Cawker,841,Espagne,Homme,41.0,1,0.0,2,Non,Oui,96546.885,Non
8997,15724307,Mitchell,780,France,Homme,76.0,10,60656.94,1,Non,Oui,32436.165,Non
8998,15665963,Cattaneo,681,Espagne,Homme,30.0,2,64196.645,1,Oui,Oui,90296.725,Non
8999,15651955,Hanson,603,France,Homme,31.0,4,0.0,2,Non,Oui,4803.55,Non
9000,15573599,Adamson,506,France,Femme,57.0,6,0.0,2,Non,Oui,97210.56,Oui
9001,15620751,Secombe,760,France,Homme,34.0,2,0.0,2,Oui,Non,82081.22,Non
9002,15774258,Gorbunov,678,France,Homme,40.0,1,0.0,2,Oui,Oui,93671.7,Non
9003,15703563,P'eng,774,France,Homme,40.0,9,46508.735,2,Oui,Non,95804.485,Non
9004,15583764,Wilkes,791,Allemagne,Homme,31.0,1,65120.165,1,Non,Non,48273.275,Non
9005,15569976,Woronoff,754,Allemagne,Homme,65.0,1,68093.22,1,Oui,Oui,60764.795,Oui
9006,15656005,Millar,592,Allemagne,Homme,31.0,7,62296.615,1,Oui,Non,43039.835,Non
9007,15630321,Hu,680,France,Homme,44.0,3,0.0,2,Oui,Non,43467.54,Non
9008,15592846,Fiorentini,639,Allemagne,Homme,35.0,10,64086.95,2,Oui,Non,29546.695,Non
9009,15638159,Trentino,649,Espagne,Femme,36.0,6,43303.695,1,Non,Non,9912.545,Non
9010,15577398,Ch'eng,850,France,Homme,30.0,6,43224.695,1,Oui,Oui,94404.615,Non
9011,15773512,Bischof,627,Espagne,Femme,25.0,4,0.0,1,Oui,Oui,97156.965,Non
9012,15755978,Tseng,606,France,Homme,31.0,10,0.0,2,Oui,Non,,Non
9013,15608166,Fallaci,761,France,Homme,36.0,9,63818.96,1,Oui,Oui,40531.465,Non
9014,15752507,K?,769,Allemagne,Homme,60.0,9,74423.195,1,Oui,Non,96415.835,Oui
9015,15801441,Campbell,670,Allemagne,Femme,35.0,2,39792.98,1,Non,Oui,99401.45,Non
9016,15667190,Yuan,630,Espagne,Femme,21.0,1,42909.09,1,Oui,Oui,66551.15,Non
9017,15680517,Sal,769,Allemagne,Femme,34.0,7,68619.585,1,Oui,Oui,35689.96,Oui
9018,15625141,Porter,563,Espagne,Homme,26.0,7,0.0,2,Non,Non,3069.87,Non
9019,15749528,Achebe,652,Espagne,Homme,58.0,6,0.0,2,Non,Oui,85012.715,Non
9020,15697100,Wright,772,Allemagne,Femme,48.0,6,54368.26,1,Oui,Non,92282.335,Oui
9021,15711455,Kuo,740,Allemagne,Femme,36.0,4,54522.3,1,Non,Non,,Oui
9022,15683977,Owens,687,Espagne,Femme,72.0,4,0.0,2,Oui,Oui,25133.845,Non
9023,15671591,Castiglione,439,Espagne,Homme,52.0,3,48098.12,4,Oui,Non,,Oui
9024,15725660,Dellucci,676,France,Homme,20.0,1,40284.865,1,Non,Non,34310.99,Non
9025,15600110,Endrizzi,506,Allemagne,Femme,41.0,3,28872.88,1,Oui,Non,2017.73,Non
9026,15815530,Chin,612,France,Femme,42.0,10,37748.755,1,Non,Non,,Non
9027,15806956,Iqbal,746,Espagne,Homme,30.0,1,56333.335,1,Non,Non,5855.2,Oui
9028,15772009,Scott,664,France,Femme,41.0,5,0.0,1,Oui,Oui,76027.165,Non
9029,15746451,Barry,686,,Homme,41.0,7,51374.86,1,Non,Oui,97456.93,Non
9030,15669887,Lambert,839,France,Femme,51.0,3,0.0,1,Oui,Oui,34550.615,Oui
9031,15733303,Liu,630,France,Homme,67.0,5,0.0,2,Oui,Oui,,Non
9032,15586183,Wallace,561,France,Femme,35.0,5,0.0,2,Oui,Non,29990.81,Non
9033,15682778,Fedorov,680,France,Homme,34.0,9,0.0,2,Oui,Oui,47843.3,Non
9034,15576156,Abazu,710,Espagne,Femme,28.0,6,0.0,1,Oui,Non,24213.49,Non
9035,15568834,Howells,698,Espagne,Homme,27.0,6,62713.685,2,Non,Non,13827.22,Non
9036,15716608,Walker,651,Espagne,Homme,38.0,2,0.0,3,Oui,Non,33514.91,Oui
9037,15574608,Sidorova,713,France,Homme,36.0,8,66944.675,1,Oui,Oui,71632.825,Non
9038,15671137,MacDonald,549,France,Femme,52.0,1,0.0,1,Non,Oui,4318.025,Oui
9039,15665629,Chiang,719,Espagne,Femme,33.0,7,0.0,2,Oui,Non,10008.295,Non
9040,15805151,Ginikanwa,565,Allemagne,Homme,31.0,2,44779.195,2,Oui,Oui,2220.77,Non
9041,15621205,Olisaemeka,578,France,Homme,34.0,4,87555.555,1,Oui,Oui,37429.15,Non
9042,15712877,Morley,724,Espagne,Homme,36.0,1,0.0,2,Oui,Non,26231.125,Non
9043,15653251,Hickey,408,France,Femme,84.0,8,43936.695,1,Non,Non,94242.26,Oui
9044,15666633,Huang,758,,Homme,56.0,1,0.0,2,Oui,Oui,5321.69,Non
9045,15607176,Kang,674,France,Homme,22.0,3,0.0,1,Oui,Oui,86970.295,Non
9046,15704770,Pan,773,France,Homme,25.0,1,62266.39,2,Non,Oui,5861.785,Non
9047,15681332,Tate,437,France,Femme,43.0,6,0.0,1,Oui,Non,74165.485,Oui
9048,15706587,Johnston,560,France,Homme,,0,0.0,2,Non,Oui,58390.855,Non
9049,15699095,Chandler,603,France,Femme,24.0,3,0.0,1,Oui,Oui,99413.015,Oui
9050,15763859,Brown,840,France,Femme,43.0,7,0.0,2,Oui,Non,45454.475,Non
9051,15641655,Black,700,France,Femme,26.0,2,0.0,2,Non,Non,25025.71,Non
9052,15567431,Kodilinyechukwu,773,France,Homme,64.0,2,72789.14,1,Non,Oui,93086.425,Non
9053,15723950,Kruglov,684,Espagne,Homme,40.0,2,35145.51,1,Oui,Oui,57734.42,Oui
9054,15671609,Ibeabuchi,701,France,Homme,44.0,7,0.0,2,Oui,Non,11712.89,Non
9055,15769504,Munro,743,Allemagne,Femme,34.0,1,65868.44,1,Oui,Oui,54271.605,Non
9056,15760924,Doherty,575,Espagne,Homme,41.0,2,50031.195,1,Non,Non,63153.625,Non
9057,15756472,Odinakachukwu,804,France,Homme,25.0,7,54198.335,1,Oui,Non,64138.475,Non
9058,15676966,Capon,730,Espagne,Homme,42.0,4,0.0,2,Non,Oui,42991.235,Non
9059,15671804,Wilding,648,Espagne,Homme,36.0,8,73471.69,2,Oui,Oui,65020.725,Non
9060,15783541,Fomina,755,France,Homme,31.0,5,0.0,2,Non,Oui,97330.39,Non
9061,15774224,Nixon,613,Allemagne,Femme,30.0,5,65781.94,2,Oui,Non,85319.49,Non
9062,15604345,Kemp,730,France,Femme,22.0,9,32881.785,1,Oui,Oui,72896.005,Non
9063,15707138,Nagy,679,Espagne,Homme,39.0,5,0.0,2,Oui,Oui,50030.27,Non
9064,15693264,Onyinyechukwuka,583,France,Femme,29.0,10,0.0,2,Oui,Oui,55642.925,Non
9065,15659677,Beluchi,746,France,Homme,47.0,8,71191.015,1,Oui,Oui,31043.31,Non
9066,15739972,Hughes,650,Allemagne,Femme,45.0,9,76183.605,3,Oui,Non,75417.605,Oui
9067,15771535,Tsui,794,Espagne,Femme,37.0,9,0.0,2,Oui,Non,34004.425,Non
9068,15570508,Azubuike,600,France,Homme,49.0,7,45109.45,1,Oui,Non,45673.88,Non
9069,15673439,Sun,646,Espagne,Femme,50.0,5,71322.32,2,Oui,Oui,71104.25,Oui
9070,15636572,Christmas,760,France,Femme,32.0,7,0.0,2,Oui,Oui,52984.525,Non
9071,15649292,Bellucci,748,France,Femme,,7,14801.04,1,Non,Non,81775.29,Oui
9072,15765322,Connely,755,France,Homme,23.0,5,42142.24,2,Oui,Oui,31425.8,Non
9073,15780038,Paterson,756,Espagne,Homme,,6,59604.425,1,Oui,Non,84881.945,Oui
9074,15709412,H?,776,Espagne,Homme,30.0,6,0.0,2,Non,Oui,,Non
9075,15654390,He,640,France,Homme,33.0,7,77287.88,1,Oui,Non,12861.14,Oui
9076,15630328,Bird,635,France,Femme,48.0,8,65398.165,2,Oui,Oui,21625.15,Non
9077,15589358,Stanley,848,Allemagne,Homme,31.0,4,45009.225,2,Oui,Non,96566.49,Non
9078,15762803,Innes,509,France,Homme,31.0,3,0.0,2,Oui,Non,7680.455,Non
9079,15615624,De Salis,605,France,Femme,28.0,6,0.0,2,Non,Non,79754.26,Non
9080,15753337,Yeates,555,France,Homme,51.0,5,0.0,3,Oui,Non,94561.445,Oui
9081,15799641,Bruno,540,Espagne,Homme,39.0,2,0.0,2,Oui,Non,40997.96,Non
9082,15638257,P'an,682,Espagne,Femme,54.0,0,41551.36,2,Oui,Oui,27066.465,Non
9083,15694566,Roberts,602,France,Femme,42.0,10,0.0,2,Non,Non,84960.555,Oui
9084,15632665,Yevseyev,832,France,Homme,61.0,2,0.0,1,Non,Oui,63902.33,Oui
9085,15606554,Douglas,797,France,Homme,29.0,1,0.0,1,Non,Oui,74995.66,Non
9086,15787222,Ch'in,676,Allemagne,Homme,28.0,1,34729.525,2,Oui,Oui,64230.645,Non
9087,15716605,Chukwufumnanya,710,Allemagne,Femme,24.0,7,51549.585,2,Oui,Non,86638.31,Non
9088,15724334,Alekseyeva,529,France,Homme,22.0,5,0.0,1,Oui,Non,75584.915,Non
9089,15717156,Sokolov,520,France,Homme,,3,71698.27,2,Oui,Oui,449.255,Non
9090,15715345,Sergeyeva,743,Espagne,Homme,25.0,6,0.0,2,Oui,Non,,Non
9091,15762268,Hancock,666,France,Femme,41.0,10,70581.04,1,Oui,Non,25454.24,Non
9092,15690209,Hsiao,715,Allemagne,Femme,32.0,3,52428.595,2,Oui,Non,57074.9,Non
9093,15626806,Labrador,668,France,Femme,32.0,2,0.0,2,Oui,Oui,20326.165,Non
9094,15624781,Mbanefo,672,France,Femme,34.0,1,71075.875,2,Oui,Oui,84376.67,Non
9095,15569079,Hagins,632,Allemagne,Homme,48.0,6,63033.13,1,Oui,Non,32172.805,Oui
9096,15770030,Conti,689,Espagne,Femme,28.0,3,0.0,2,Oui,Oui,96224.51,Non
9097,15761763,Jamieson,845,France,Homme,33.0,8,82192.765,1,Oui,Non,75332.485,Non
9098,15628170,Brown,565,Allemagne,Femme,32.0,9,34033.62,1,Oui,Non,71643.79,Non
9099,15609998,Okwudilichukwu,700,Allemagne,Femme,,5,68824.205,1,Oui,Non,71488.525,Oui
9100,15706200,Graham,637,Allemagne,Homme,41.0,2,69007.2,2,Oui,Non,70149.12,Non
9101,15778526,Bradshaw,719,Espagne,Femme,48.0,5,0.0,2,Non,Non,39281.83,Non
9102,15640667,Yu,662,France,Femme,41.0,4,0.0,2,Oui,Non,63275.74,Non
9103,15789936,T'ao,663,France,Femme,33.0,2,0.0,2,Oui,Non,76647.5,Non
9104,15693893,Davis,684,Allemagne,Homme,59.0,9,61235.545,1,Non,Oui,7903.535,Non
9105,15603741,MacDonnell,719,Espagne,Homme,40.0,4,64194.56,1,Oui,Oui,88045.655,Non
9106,15621893,Bellucci,727,France,Homme,18.0,4,66775.335,1,Oui,Oui,23470.705,Non
9107,15692744,Davison,512,France,Homme,36.0,4,76084.56,2,Non,Non,19314.65,Oui
9108,15683503,Hudson,601,France,Femme,43.0,8,0.0,3,Non,Oui,55458.075,Oui
9109,15789941,Yevseyev,633,France,Femme,36.0,6,62565.14,1,Non,Non,62980.74,Non
9110,15581700,Paterson,615,Allemagne,Homme,43.0,3,43460.43,1,Oui,Oui,75024.185,Non
9111,15662085,Read,678,France,Femme,32.0,9,0.0,1,Oui,Oui,74105.32,Non
9112,15735221,Sousa,697,France,Femme,42.0,10,0.0,2,Oui,Non,30656.075,Non
9113,15624510,Tien,696,France,Homme,52.0,6,69890.53,1,Oui,Non,13722.7,Oui
9114,15694209,Fanucci,484,France,Femme,32.0,3,0.0,2,Oui,Oui,,Non
9115,15752534,Mironov,744,France,Homme,36.0,10,0.0,2,Oui,Oui,91433.92,Non
9116,15734765,Mahmood,739,France,Femme,20.0,4,66900.49,1,Non,Oui,75122.905,Non
9117,15632816,Williams,521,Allemagne,Femme,49.0,2,63974.285,1,Oui,Oui,,Non
9118,15791513,Manfrin,647,France,Homme,41.0,4,69468.675,1,Oui,Oui,50808.82,Oui
9119,15738150,Chidozie,591,France,Homme,45.0,5,0.0,2,Oui,Oui,77746.435,Non
9120,15590637,Ahmed,721,France,Homme,41.0,7,0.0,2,Non,Oui,30509.425,Non
9121,15780411,Norris,570,France,Femme,46.0,3,0.0,2,Non,Non,410.23,Non
9122,15747014,Pisani,850,France,Femme,28.0,1,52622.67,1,Non,Oui,37390.065,Non
9123,15711834,Long,650,Espagne,Femme,30.0,6,0.0,1,Non,Non,33998.565,Oui
9124,15647333,Fleming,621,France,Homme,27.0,4,68501.84,1,Oui,Non,10627.03,Non
9125,15688637,Witt,592,France,Femme,27.0,4,0.0,2,Oui,Oui,91784.625,Non
9126,15761497,Udinesi,713,Espagne,Femme,48.0,1,81880.41,1,Non,Non,78690.57,Oui
9127,15623712,Coates,453,Espagne,Femme,,5,0.0,3,Oui,Non,,Oui
9128,15587676,Alexeieva,699,France,Homme,30.0,9,0.0,1,Oui,Oui,,Non
9129,15626983,Ledford,605,Espagne,Femme,48.0,6,0.0,2,Oui,Oui,20031.495,Non
9130,15772896,Dumetochukwu,763,Allemagne,Homme,42.0,6,50080.375,1,Oui,Non,16731.47,Oui
9131,15695129,Milanesi,718,France,Femme,31.0,1,76331.885,1,Non,Oui,8564.32,Non
9132,15678206,Yeh,464,France,Homme,46.0,6,80899.265,1,Oui,Non,91472.235,Non
9133,15809137,Sagese,453,France,Homme,29.0,6,0.0,1,Non,Non,99188.01,Oui
9134,15666055,Rowe,705,France,Femme,49.0,7,0.0,1,Oui,Non,31702.6,Oui
9135,15667938,Hurst,628,France,Homme,32.0,9,74568.155,2,Oui,Oui,8201.055,Non
9136,15713632,Ham,551,Espagne,Femme,48.0,5,47839.645,1,Non,Non,47489.05,Non
9137,15640268,Avdeeva,652,Espagne,Homme,71.0,4,0.0,1,Oui,Oui,60053.55,Non
9138,15716420,Kelly,612,Espagne,Homme,39.0,5,85144.19,1,Oui,Oui,29800.575,Non
9139,15770309,McDonald,656,France,Homme,18.0,10,75881.37,1,Non,Oui,63507.16,Non
9140,15803078,Bruno,635,Espagne,Femme,38.0,1,0.0,2,Oui,Non,45302.525,Non
9141,15747980,Cattaneo,737,Espagne,Homme,38.0,6,73141.395,2,Oui,Non,99258.1,Non
9142,15611338,Kashiwagi,714,Espagne,Homme,29.0,4,0.0,2,Oui,Oui,18802.95,Non
9143,15610056,Dufresne,631,Allemagne,Femme,34.0,6,62613.91,2,Non,Oui,64123.515,Non
9144,15700964,Pollard,624,Allemagne,Femme,27.0,7,52424.34,1,Oui,Oui,83693.68,Non
9145,15713853,Ifeajuna,732,Allemagne,Homme,42.0,9,54374.04,2,Oui,Oui,32661.555,Non
9146,15753229,Genovese,802,France,Homme,29.0,9,63707.275,1,Oui,Oui,67229.56,Non
9147,15671334,Nixon,527,France,Homme,31.0,4,0.0,1,Oui,Non,84680.945,Non
9148,15718507,Su,647,,Homme,37.0,3,58254.995,1,Oui,Oui,74758.855,Oui
9149,15603088,Rossi,451,Espagne,Femme,23.0,9,0.0,2,Non,Oui,24010.855,Non
9150,15769451,Hayes,764,France,Femme,44.0,1,0.0,2,Oui,Oui,5733.69,Non
9151,15567335,Allsop,559,,Femme,42.0,7,0.0,2,Oui,Oui,95020.145,Non
9152,15699772,Barclay,428,Allemagne,Femme,40.0,3,64624.055,2,Oui,Non,36438.215,Oui
9153,15792649,Patterson,547,Espagne,Femme,31.0,9,0.0,2,Non,Non,49647.11,Non
9154,15682914,Bolton,850,France,Homme,34.0,2,36039.855,1,Oui,Oui,57883.965,Non
9155,15638882,Cardell,710,Allemagne,Femme,62.0,9,74107.18,1,Oui,Non,24285.57,Oui
9156,15591135,Forster,726,France,Homme,37.0,2,66028.96,2,Oui,Non,17371.99,Non
9157,15628558,Pan,447,France,Femme,44.0,5,44594.415,1,Oui,Oui,37704.12,Non
9158,15568748,Poole,671,Allemagne,Homme,45.0,6,49782.11,1,Oui,Oui,,Oui
9159,15804962,Nnaife,606,France,Homme,,1,77827.73,1,Oui,Oui,96193.755,Oui
9160,15775042,Ku,615,France,Femme,23.0,4,0.0,2,Oui,Non,98238.095,Non
9161,15737732,Onwuemelie,751,France,Femme,44.0,10,0.0,2,Oui,Non,85317.245,Non
9162,15608968,Averyanov,714,Allemagne,Homme,21.0,6,43201.26,2,Non,Non,13665.295,Non
9163,15642579,Chang,731,Espagne,Femme,37.0,1,64466.2,1,Oui,Oui,90356.26,Non
9164,15631436,Gleeson,564,France,Homme,,4,0.0,1,Oui,Non,79468.775,Non
9165,15631310,Hsieh,537,France,Femme,53.0,3,0.0,1,Oui,Oui,45703.31,Non
9166,15698028,Duncan,506,France,Femme,41.0,1,0.0,2,Oui,Non,15883.15,Non
9167,15809736,Steigrad,664,France,Homme,46.0,2,0.0,1,Oui,Oui,88711.51,Oui
9168,15600832,Moss,508,France,Femme,43.0,9,0.0,1,Oui,Non,51863.355,Non
9169,15706537,Pirogov,577,Allemagne,Femme,59.0,7,55698.485,1,Non,Oui,95535.005,Non
9170,15770631,Sutherland,730,,Homme,25.0,5,83692.905,1,Oui,Oui,28153.755,Non
9171,15789014,Scott,600,France,Femme,26.0,6,54454.56,1,Oui,Non,41273.505,Non
9172,15574012,Chu,645,Espagne,Homme,44.0,8,56877.89,2,Oui,Non,74878.355,Oui
9173,15589431,Pedder,807,Allemagne,Homme,47.0,1,85968.635,1,Oui,Oui,32818.46,Non
9174,15711062,Thomas,633,Allemagne,Homme,40.0,5,43086.405,2,Oui,Oui,58639.745,Non
9175,15577970,Alexeeva,489,France,Homme,34.0,5,0.0,1,Non,Non,21770.295,Non
9176,15762198,Capon,812,France,Homme,34.0,5,51909.215,1,Oui,Oui,83019.135,Non
9177,15710450,Okwudiliolisa,848,Espagne,Homme,22.0,7,60405.945,1,Oui,Oui,92755.17,Non
9178,15755330,Forbes,512,Allemagne,Homme,41.0,7,61201.62,1,Non,Oui,18719.95,Oui
9179,15759274,Micklem,447,,Femme,32.0,10,0.0,1,Oui,Oui,75907.88,Non
9180,15757821,Burgess,771,Espagne,Homme,18.0,1,0.0,2,Non,Non,20771.475,Non
9181,15702377,Knorr,627,Espagne,Homme,48.0,1,66379.9,1,Oui,Non,39449.61,Non
9182,15654964,Piccio,608,Espagne,Homme,48.0,7,37900.87,1,Oui,Non,62881.475,Non
9183,15766649,Vincent,670,,Homme,38.0,10,44708.495,1,Non,Non,72137.695,Non
9184,15640865,Romano,636,Allemagne,Femme,31.0,9,40422.345,2,Oui,Oui,37320.95,Non
9185,15752508,Docherty,614,Allemagne,Homme,32.0,7,49731.4,2,Oui,Oui,25558.53,Non
9186,15702061,Findlay,654,France,Homme,29.0,7,0.0,2,Oui,Oui,74592.075,Non
9187,15790267,Onuoha,625,France,Femme,40.0,7,70633.835,1,Non,Oui,88698.745,Non
9188,15668309,Maslow,350,France,Femme,40.0,0,55549.425,1,Oui,Oui,86160.605,Oui
9189,15796313,Olsen,662,France,Femme,36.0,4,83454.6,2,Oui,Non,69435.56,Oui
9190,15598161,Clements,654,France,Homme,47.0,10,0.0,2,Oui,Non,85240.99,Non
9191,15723894,Younger,625,France,Homme,45.0,7,68777.72,1,Non,Non,62303.85,Non
9192,15623196,Morley,686,France,Homme,38.0,6,74619.485,1,Oui,Oui,48912.615,Non
9193,15612358,Christie,573,Allemagne,Homme,35.0,9,67249.27,2,Oui,Oui,,Non
9194,15760865,Fan,754,Allemagne,Femme,,7,70909.51,1,Oui,Non,46775.265,Oui
9195,15774250,Gallo,532,France,Homme,42.0,1,79512.355,1,Oui,Non,50491.465,Oui
9196,15720929,Kazantseva,604,France,Femme,47.0,8,31047.355,3,Non,Non,,Oui
9197,15656627,Lin,602,France,Homme,34.0,5,0.0,2,Oui,Oui,38707.225,Non
9198,15787174,Sergeyev,512,France,Femme,37.0,1,0.0,2,Non,Oui,78052.515,Non
9199,15699753,Zakharov,590,France,Homme,41.0,1,44543.155,1,Oui,Non,12249.985,Non
9200,15700046,Yuan,635,France,Homme,41.0,4,51772.44,2,Oui,Non,96873.275,Non
9201,15644501,Enyinnaya,579,France,Femme,26.0,10,81241.38,1,Oui,Oui,9229.1,Non
9202,15707199,Cooper,643,France,Homme,36.0,0,74079.855,1,Non,Non,27917.83,Non
9203,15568562,Moss,689,France,Homme,40.0,8,80136.135,1,Oui,Non,24828.12,Non
9204,15740557,Fedorova,753,France,Femme,43.0,5,0.0,2,Oui,Non,54940.855,Non
9205,15627360,Fuller,432,France,Homme,42.0,9,76301.725,1,Oui,Non,,Oui
9206,15667460,Moore,797,France,Homme,31.0,9,0.0,2,Oui,Oui,12374.445,Non
9207,15669741,Hou,777,France,Homme,36.0,7,0.0,1,Oui,Non,53236.17,Non
9208,15803365,Coffee,653,Espagne,Homme,55.0,2,35131.915,1,Non,Oui,31173.855,Non
9209,15694192,Nwankwo,598,Espagne,Femme,38.0,6,0.0,2,Non,Non,86891.69,Non
9210,15710687,Mills,593,France,Femme,33.0,0,47963.52,1,Oui,Non,99739.025,Non
9211,15709256,Glover,850,France,Femme,28.0,9,0.0,2,Oui,Oui,82432.335,Non
9212,15583392,Woronoff,747,Allemagne,Homme,37.0,9,67888.18,3,Oui,Non,42735.225,Oui
9213,15725772,Ch'in,654,Espagne,Femme,36.0,2,0.0,2,Oui,Oui,73326.055,Non
9214,15674206,Walker,716,France,Femme,22.0,8,0.0,2,Oui,Oui,,Non
9215,15623989,Griffin,435,France,Homme,54.0,3,0.0,1,Oui,Non,78455.23,Oui
9216,15609160,Marsden,586,France,Homme,32.0,1,0.0,2,Non,Non,15817.995,Non
9217,15598046,Su,662,France,Femme,39.0,5,69781.025,2,Oui,Non,30818.11,Non
9218,15788634,Romani,750,Espagne,Femme,37.0,2,56908.53,1,Non,Non,44166.87,Non
9219,15648320,Heller,658,,Femme,31.0,7,61987.48,1,Oui,Non,51076.875,Non
9220,15732293,Chia,759,Espagne,Homme,31.0,8,0.0,2,Oui,Oui,49543.37,Non
9221,15589589,Bryan,613,France,Homme,34.0,5,72047.1,1,Oui,Non,22255.13,Non
9222,15780142,Wang,632,France,Homme,43.0,2,50006.755,1,Oui,Non,12137.66,Non
9223,15702095,Clarke,585,Espagne,Femme,56.0,1,64236.4,1,Oui,Non,93238.455,Oui
9224,15731327,Hale,652,Allemagne,Homme,27.0,2,83263.94,2,Non,Oui,73003.85,Non
9225,15593773,Olejuru,784,Espagne,Homme,35.0,3,0.0,2,Non,Non,40741.82,Non
9226,15651533,Brown,570,Allemagne,Femme,50.0,5,64646.87,1,Oui,Non,88902.72,Oui
9227,15655632,MacDonald,655,France,Homme,27.0,2,65845.665,1,Oui,Non,24740.33,Non
9228,15655298,Lewis,654,Espagne,Femme,54.0,5,0.0,2,Non,Oui,23569.53,Non
9229,15698664,Liang,567,Espagne,Homme,43.0,2,57821.79,2,Non,Non,87303.175,Non
9230,15688868,Birdsall,684,France,Femme,26.0,5,43549.455,1,Non,Non,53047.91,Non
9231,15676715,Madukaego,640,France,Homme,68.0,9,0.0,2,Oui,Oui,99746.69,Non
9232,15777923,Johnston,544,France,Femme,45.0,6,0.0,2,Non,Oui,75700.665,Non
9233,15738936,Stevenson,760,Allemagne,Homme,29.0,5,51803.62,2,Non,Oui,43167.32,Non
9234,15635502,Ch'iu,443,France,Homme,44.0,2,0.0,1,Oui,Non,79582.85,Non
9235,15760861,Phillipps,619,France,Homme,43.0,1,62605.96,1,Oui,Oui,56705.245,Non
9236,15588350,McIntyre,744,France,Femme,43.0,10,73916.075,1,Non,Oui,12117.055,Non
9237,15695699,Calabrese,687,France,Homme,35.0,8,0.0,2,Oui,Non,5167.025,Non
9238,15810878,Baker,537,Espagne,Femme,38.0,6,70893.39,1,Non,Oui,73898.77,Non
9239,15690182,Kapustin,635,Allemagne,Homme,37.0,5,56744.34,1,Oui,Non,47805.87,Oui
9240,15751193,Nnaemeka,621,Espagne,Homme,33.0,4,0.0,2,Oui,Oui,20149.615,Non
9241,15626233,Onyekachi,593,France,Femme,32.0,3,0.0,2,Oui,Oui,75989.18,Non
9242,15711901,Iheatu,500,France,Homme,45.0,2,54581.41,1,Oui,Oui,63072.54,Non
9243,15667751,Herrera,487,Espagne,Femme,36.0,1,70068.575,1,Oui,Non,97036.665,Non
9244,15723671,Lucciano,661,France,Homme,35.0,9,50053.995,1,Oui,Non,41974.84,Non
9245,15733842,Pirozzi,597,France,Femme,24.0,1,51609.735,1,Oui,Non,30210.035,Non
9246,15767818,Graham,640,France,Homme,55.0,10,66218.17,1,Oui,Non,489.33,Non
9247,15711181,Clapp,589,France,Femme,50.0,4,0.0,2,Non,Oui,91038.485,Non
9248,15591552,Okonkwo,600,France,Femme,32.0,7,49438.975,1,Oui,Non,66486.605,Non
9249,15755223,Tseng,692,Allemagne,Homme,53.0,7,75463.495,2,Non,Non,59908.595,Non
9250,15657342,Dawson,850,Allemagne,Homme,28.0,4,73986.095,1,Oui,Non,,Oui
9251,15742358,Humphreys,696,Allemagne,Homme,32.0,8,50580.495,1,Oui,Oui,57958.275,Non
9252,15640686,Greco,700,France,Homme,46.0,5,47936.43,1,Oui,Non,,Oui
9253,15770039,Kuo,572,Allemagne,Homme,,4,56145.11,1,Oui,Non,,Oui
9254,15737169,Johnson,642,Espagne,Homme,,8,72119.35,1,Oui,Oui,92199.88,Non
9255,15575748,Conti,809,France,Homme,36.0,9,34440.795,2,Non,Oui,54567.555,Non
9256,15580805,Marino,655,France,Homme,27.0,10,0.0,2,Oui,Non,25810.47,Non
9257,15656597,Wang,432,Allemagne,Homme,38.0,2,67779.9,2,Oui,Oui,35928.15,Non
9258,15671934,Veale,552,Allemagne,Homme,39.0,2,66453.44,1,Non,Oui,74692.215,Non
9259,15731569,Hudson,850,France,Homme,81.0,5,0.0,2,Oui,Oui,22413.735,Non
9260,15791944,Harker,697,France,Homme,32.0,7,87732.425,3,Oui,Non,58221.21,Oui
9261,15770214,Bryant,754,France,Femme,27.0,7,0.0,2,Oui,Non,72067.32,Non
9262,15674991,Kao,667,France,Homme,42.0,9,0.0,2,Non,Oui,29068.71,Non
9263,15786153,McKenzie,644,Allemagne,Homme,47.0,9,68887.055,2,Oui,Non,75951.39,Non
9264,15725511,Wallace,559,France,Femme,31.0,3,63535.365,1,Non,Oui,80470.89,Non
9265,15779744,Chou,537,Espagne,Homme,30.0,1,51569.085,1,Oui,Oui,48277.71,Non
9266,15680918,Freeman,613,Espagne,Homme,34.0,8,58650.01,1,Oui,Non,69705.04,Non
9267,15709621,Wan,662,France,Homme,31.0,3,0.0,2,Non,Oui,13865.525,Non
9268,15630195,Johnstone,745,France,Femme,40.0,6,65592.335,1,Oui,Oui,24907.81,Non
9269,15776494,Siciliano,754,France,Homme,61.0,5,73311.175,1,Oui,Oui,20907.61,Oui
9270,15743153,Singh,740,Allemagne,Femme,40.0,2,61147.585,2,Oui,Oui,15406.42,Non
9271,15738785,Kang,545,France,Homme,26.0,7,0.0,2,Non,Oui,78299.115,Non
9272,15589437,Lu,466,France,Homme,26.0,3,78407.855,1,Oui,Oui,68738.045,Non
9273,15713160,Lin,669,Espagne,Homme,25.0,7,78614.305,2,Oui,Non,62191.45,Non
9274,15600173,Manna,595,France,Femme,33.0,9,0.0,2,Oui,Oui,20723.93,Non
9275,15583212,Chidozie,600,France,Femme,43.0,5,67011.03,1,Oui,Non,97382.415,Non
9276,15721047,Ansell,578,Allemagne,Homme,37.0,1,67825.44,1,Oui,Non,99714.095,Non
9277,15608387,Fu,786,France,Femme,29.0,4,0.0,2,Oui,Non,51686.395,Non
9278,15740147,Cremonesi,725,France,Femme,44.0,10,0.0,1,Non,Oui,46888.805,Non
9279,15734626,Gibson,652,Espagne,Femme,36.0,1,0.0,2,Oui,Oui,9651.39,Non
9280,15633834,Milne,700,Allemagne,Femme,28.0,3,49852.845,2,Non,Non,73361.86,Non
9281,15701524,Ting,709,France,Homme,36.0,0,0.0,2,Oui,Non,23405.885,Non
9282,15583755,McClemans,592,Allemagne,Homme,,2,78285.43,1,Oui,Oui,18570.1,Non
9283,15706170,Onyemere,636,France,Homme,34.0,1,42027.715,1,Non,Non,18745.42,Non
9284,15786680,Bianchi,805,Espagne,Homme,37.0,5,0.0,2,Oui,Non,10964.405,Non
9285,15670943,See,778,Allemagne,Homme,31.0,9,91137.615,2,Oui,Non,95315.615,Non
9286,15758171,Tien,582,France,Homme,20.0,4,0.0,1,Oui,Oui,27881.83,Non
9287,15592028,Roberts,549,France,Femme,46.0,7,0.0,1,Oui,Oui,54528.78,Non
9288,15761692,Muir,594,France,Homme,40.0,9,61208.585,2,Non,Oui,95441.345,Non
9289,15793856,Abdulov,667,Espagne,Femme,36.0,3,60771.285,2,Oui,Oui,93420.855,Non
9290,15610156,Ma,637,France,Homme,40.0,2,66731.55,1,Non,Oui,46582.67,Non
9291,15704581,Robertson,595,Allemagne,Homme,34.0,2,43983.71,2,Non,Oui,78154.76,Non
9292,15739592,Sokolov,707,Allemagne,Femme,,10,49219.115,1,Non,Non,35389.315,Oui
9293,15762902,Stanley,649,France,Femme,42.0,7,0.0,2,Non,Oui,11487.005,Non
9294,15593622,Service,635,France,Homme,43.0,10,61099.105,2,Non,Oui,89572.27,Non
9295,15759684,Ting,528,France,Femme,27.0,7,88113.535,2,Non,Oui,69740.765,Non
9296,15574071,Muravyova,706,Allemagne,Homme,23.0,2,46650.985,2,Non,Oui,63593.52,Non
9297,15639590,Melendez,758,France,Femme,30.0,3,70790.54,1,Oui,Non,78124.53,Non
9298,15727317,Brady,533,Allemagne,Femme,49.0,1,51143.3,3,Oui,Non,34704.685,Oui
9299,15665374,Dumolo,610,Espagne,Femme,31.0,5,0.0,2,Non,Non,31868.18,Non
9300,15607278,Romano,794,Espagne,Femme,46.0,8,67296.895,1,Oui,Oui,23193.185,Non
9301,15575417,Chou,849,Allemagne,Homme,37.0,7,71726.37,2,Oui,Oui,8647.06,Non
9302,15687688,Hou,564,Allemagne,Femme,32.0,10,69937.6,2,Oui,Non,7689.115,Non
9303,15628950,Coates,501,Allemagne,Homme,25.0,6,52006.895,1,Oui,Non,57387.175,Non
9304,15631406,Munro,459,Allemagne,Homme,50.0,5,54693.95,1,Oui,Non,77860.575,Non
9305,15571995,Harper,775,Allemagne,Femme,33.0,1,59448.55,2,Oui,Oui,13181.2,Non
9306,15588839,Mancini,606,Espagne,Homme,30.0,8,90153.865,2,Oui,Oui,957.205,Non
9307,15565878,Bates,631,Espagne,Homme,,3,0.0,2,Oui,Oui,98981.73,Non
9308,15802617,Hudson,697,Allemagne,Homme,43.0,7,57685.97,2,Oui,Non,32069.55,Non
9309,15764661,Wang,644,France,Homme,33.0,2,0.0,1,Oui,Non,48210.29,Non
9310,15614962,Pavlova,623,Espagne,Femme,50.0,2,43558.355,1,Oui,Oui,52191.055,Non
9311,15658306,Lo,693,France,Homme,,4,48852.995,1,Oui,Oui,30784.535,Non
9312,15772573,Simpson,735,Espagne,Homme,55.0,2,51588.31,1,Non,Oui,81758.08,Non
9313,15738672,Paterson,737,Allemagne,Femme,40.0,2,81242.9,2,Oui,Non,,Non
9314,15583580,Chiawuotu,566,Allemagne,Femme,35.0,1,61521.0,1,Oui,Non,,Oui
9315,15716218,Higgins,709,France,Femme,45.0,3,52059.25,1,Non,Oui,87016.0,Non
9316,15632050,Liebe,779,France,Femme,41.0,10,49893.1,1,Oui,Non,43463.765,Non
9317,15622182,Daniels,628,Allemagne,Femme,28.0,3,76769.065,2,Oui,Non,55388.005,Non
9318,15801915,Rendall,529,France,Femme,31.0,6,76155.275,1,Oui,Non,6527.125,Non
9319,15806771,Yefremova,753,France,Femme,40.0,0,1884.345,2,Oui,Non,88532.62,Oui
9320,15729832,Cheng,658,France,Homme,,3,72756.42,1,Oui,Non,10103.51,Non
9321,15637110,McCulloch,634,Espagne,Femme,35.0,10,0.0,1,Oui,Non,41317.205,Non
9322,15584091,Pitts,742,Allemagne,Femme,36.0,2,64874.27,2,Non,Non,23635.805,Oui
9323,15639004,Chiemezie,668,France,Homme,72.0,2,0.0,2,Oui,Oui,35391.805,Non
9324,15772423,Liao,739,Allemagne,Homme,54.0,8,63209.07,1,Oui,Non,67210.375,Oui
9325,15772329,Fiorentino,580,Allemagne,Homme,45.0,8,51870.57,1,Oui,Non,23714.365,Oui
9326,15684103,Mellor,674,France,Femme,26.0,10,0.0,2,Oui,Oui,69211.55,Non
9327,15717056,Pan,828,Allemagne,Femme,25.0,7,72175.93,1,Oui,Non,58306.63,Non
9328,15758081,Repina,673,Espagne,Homme,39.0,8,69080.0,1,Oui,Oui,55234.255,Non
9329,15636541,Cartwright,683,Allemagne,Homme,35.0,5,72480.985,1,Non,Oui,13398.365,Non
9330,15761717,Ch'ien,720,France,Homme,,10,25981.455,2,Oui,Non,22753.62,Non
9331,15677369,Golubov,554,Allemagne,Femme,37.0,4,29314.985,1,Non,Non,91019.3,Non
9332,15726720,Blinova,480,France,Femme,40.0,7,0.0,1,Oui,Non,85166.335,Oui
9333,15771702,Roberts,567,France,Femme,35.0,5,83059.225,2,Oui,Non,63913.59,Non
9334,15583033,Huguley,640,France,Femme,20.0,4,0.0,2,Non,Oui,39155.41,Non
9335,15697360,Yudina,505,France,Femme,36.0,2,39975.95,1,Non,Oui,87061.58,Oui
9336,15763579,Castro,702,Allemagne,Femme,36.0,2,52632.44,2,Oui,Oui,26454.935,Non
9337,15737080,Marchesi,510,France,Femme,32.0,1,0.0,2,Non,Oui,14257.585,Non
9338,15662238,Davis,822,France,Homme,37.0,3,52781.5,1,Oui,Non,91312.465,Non
9339,15599211,Findlay,707,France,Homme,40.0,1,0.0,2,Oui,Non,7045.2,Oui
9340,15716082,Chukwubuikem,703,Espagne,Homme,39.0,6,76342.7,1,Non,Non,91828.06,Non
9341,15774262,Hobson,597,,Homme,52.0,8,41846.67,2,Oui,Oui,80541.765,Non
9342,15657085,Gardiner,578,France,Homme,23.0,10,44490.16,1,Oui,Oui,62611.18,Non
9343,15601811,Caldwell,668,France,Femme,,10,55120.02,1,Non,Non,91990.28,Oui
9344,15613656,Lombardi,842,France,Homme,58.0,1,31746.47,1,Oui,Oui,41586.095,Non
9345,15606601,Rishel,561,France,Femme,22.0,6,93394.48,2,Oui,Non,36643.4,Non
9346,15642291,Fontaine,685,France,Homme,23.0,8,0.0,2,Oui,Oui,56119.515,Non
9347,15689294,Onyemaechi,705,Allemagne,Homme,44.0,3,52967.48,1,Oui,Non,41231.845,Non
9348,15628274,Ferri,583,Allemagne,Homme,35.0,8,74997.86,2,Oui,Non,21071.775,Non
9349,15672574,Uspenskaya,850,Espagne,Femme,32.0,5,0.0,1,Oui,Oui,1915.295,Non
9350,15755868,Farmer,562,France,Homme,,7,0.0,1,Non,Non,24434.835,Non
9351,15576615,Giordano,719,Espagne,Homme,37.0,10,72691.305,1,Oui,Non,40204.295,Non
9352,15811588,Eluemuno,664,Espagne,Femme,53.0,7,93801.09,1,Oui,Non,93196.495,Oui
9353,15723604,Collins,639,France,Homme,39.0,6,75277.915,1,Oui,Non,15207.085,Non
9354,15761286,Fan,696,Allemagne,Femme,66.0,7,59749.71,2,Oui,Oui,87013.65,Non
9355,15701206,Torreggiani,566,Espagne,Homme,44.0,5,0.0,2,Oui,Non,33231.395,Non
9356,15771580,Davison,850,France,Femme,38.0,0,53415.845,1,Non,Oui,74488.86,Non
9357,15804235,Zetticci,698,France,Femme,37.0,2,83089.01,2,Oui,Oui,35986.475,Non
9358,15758031,Lazarev,760,Espagne,Homme,38.0,3,45620.925,1,Non,Oui,40341.175,Non
9359,15764409,Goodman,613,France,Homme,37.0,9,54143.25,1,Oui,Oui,57076.72,Non
9360,15686936,McGregor,676,France,Femme,37.0,5,44817.345,1,Oui,Oui,84791.59,Oui
9361,15612140,Milano,721,Espagne,Femme,46.0,7,68966.695,1,Oui,Oui,33988.285,Non
9362,15647191,Lucchesi,677,France,Homme,36.0,4,0.0,2,Oui,Non,3912.155,Non
9363,15688059,Chin,807,Allemagne,Femme,42.0,9,52678.045,2,Oui,Oui,65244.685,Non
9364,15687558,Mault,640,Allemagne,Femme,31.0,10,59306.67,1,Oui,Non,84234.825,Non
9365,15798824,Kennedy,671,Espagne,Homme,38.0,0,46337.47,2,Oui,Non,1823.785,Non
9366,15592389,H?,684,France,Homme,27.0,2,67301.94,1,Oui,Oui,35862.865,Non
9367,15758813,Campbell,350,Allemagne,Homme,39.0,0,54866.6,2,Non,Non,61801.055,Oui
9368,15567802,Childs,450,Espagne,Femme,34.0,2,0.0,2,Oui,Non,87740.465,Non
9369,15765297,Yao,766,Espagne,Homme,41.0,0,0.0,2,Non,Oui,17141.615,Non
9370,15588123,Horton,677,France,Femme,27.0,2,0.0,2,Non,Oui,57342.96,Non
9371,15643439,Ferguson,537,France,Homme,,10,0.0,2,Non,Oui,12741.31,Non
9372,15815420,McDaniels,808,Espagne,Homme,47.0,8,69598.0,1,Non,Oui,37014.18,Non
9373,15707559,Clark,682,France,Femme,30.0,9,0.0,2,Oui,Oui,97552.455,Non
9374,15576517,Everingham,445,,Femme,34.0,7,65541.085,2,Oui,Oui,35309.0,Non
9375,15658485,Heath,785,France,Femme,34.0,9,35151.24,1,Oui,Oui,34300.18,Non
9376,15781702,Brookes,733,Allemagne,Homme,38.0,9,55673.685,2,Non,Oui,97436.485,Non
9377,15652782,Chibuzo,678,Allemagne,Homme,48.0,2,50549.95,2,Non,Oui,96738.02,Non
9378,15691874,Kazakova,687,France,Femme,34.0,9,62737.22,1,Oui,Non,99464.92,Non
9379,15591550,Bianchi,525,Espagne,Homme,36.0,3,38955.115,1,Oui,Non,33619.005,Non
9380,15688264,Nkemdilim,629,France,Femme,43.0,0,0.0,2,Oui,Oui,20631.845,Non
9381,15677112,Chukwufumnanya,519,France,Homme,39.0,2,56478.63,2,Oui,Non,,Non
9382,15685872,Godfrey,727,France,Femme,29.0,1,73326.005,1,Oui,Oui,86743.195,Non
9383,15709004,Mai,528,,Homme,22.0,5,46773.615,2,Non,Oui,480.785,Non
9384,15590623,Kovalyov,561,Espagne,Homme,34.0,4,42570.895,2,Oui,Oui,14608.685,Non
9385,15574761,Lynch,466,France,Femme,41.0,3,16781.975,2,Oui,Non,89497.065,Oui
9386,15762729,Ukaegbunam,745,Allemagne,Femme,28.0,1,55535.68,1,Oui,Non,36637.98,Oui
9387,15784526,Chen,616,France,Homme,44.0,5,51008.19,1,Non,Oui,89117.685,Oui
9388,15669957,Drake,655,Allemagne,Homme,52.0,9,72348.375,1,Oui,Oui,24512.895,Non
9389,15577999,Sleeman,850,France,Femme,62.0,1,62339.175,1,Oui,Non,35458.0,Oui
9390,15787602,Carter,568,Espagne,Homme,39.0,5,0.0,2,Oui,Oui,64784.96,Non
9391,15797751,Pai,466,Allemagne,Femme,47.0,5,51042.86,1,Oui,Oui,,Oui
9392,15630363,Nkemakonam,437,France,Femme,39.0,0,51360.745,1,Non,Non,11095.91,Non
9393,15575024,Uwaezuoke,503,France,Homme,29.0,3,0.0,2,Oui,Oui,71977.495,Non
9394,15687634,Glover,561,Allemagne,Homme,49.0,5,47377.0,1,Oui,Oui,13345.655,Non
9395,15632850,T'ang,731,France,Homme,37.0,8,0.0,2,Oui,Oui,85169.175,Non
9396,15592578,Nucci,614,Espagne,Femme,41.0,7,73498.82,2,Non,Non,68895.59,Non
9397,15623644,Frolov,626,Espagne,Homme,29.0,7,0.0,2,Oui,Non,24680.92,Non
9398,15575243,Gorbunova,764,France,Femme,39.0,1,64534.27,2,Oui,Oui,93952.56,Non
9399,15698462,Chiu,532,France,Homme,36.0,4,0.0,2,Oui,Oui,66399.39,Non
9400,15637599,Cremonesi,510,Allemagne,Femme,44.0,4,61535.445,1,Oui,Non,14230.645,Oui
9401,15627352,Bulgakov,459,Allemagne,Homme,46.0,7,55178.21,1,Oui,Non,2484.565,Oui
9402,15657439,Chao,738,France,Homme,18.0,4,0.0,2,Oui,Oui,23899.575,Non
9403,15800524,Nnanna,686,Allemagne,Homme,29.0,3,92689.51,1,Oui,Non,32339.535,Non
9404,15664227,Threatt,506,,Homme,28.0,8,26526.88,1,Non,Oui,12288.67,Non
9405,15702656,Yobachi,651,France,Femme,33.0,1,48417.39,1,Oui,Non,54382.345,Non
9406,15785373,Wong,717,Espagne,Femme,42.0,5,95152.89,1,Oui,Non,49673.9,Oui
9407,15721582,Hale,644,Allemagne,Femme,40.0,4,38635.04,2,Oui,Oui,57900.05,Oui
9408,15781989,Drake-Brockman,733,France,Homme,42.0,9,60047.465,1,Oui,Non,92028.225,Non
9409,15613923,Reed,581,Espagne,Femme,43.0,4,85086.45,1,Non,Oui,50118.01,Non
9410,15720511,Byrne,547,Allemagne,Homme,41.0,3,75595.655,1,Oui,Non,87647.945,Oui
9411,15693376,Baryshnikov,741,Espagne,Homme,43.0,0,0.0,2,Oui,Oui,1460.315,Oui
9412,15706463,Yang,597,France,Femme,36.0,9,0.0,2,Oui,Oui,3578.045,Non
9413,15573741,Aliyeva,698,,Homme,38.0,10,47505.46,1,Oui,Oui,52613.93,Non
9414,15765643,Hamilton,725,France,Homme,37.0,6,62174.19,2,Non,Oui,88492.17,Non
9415,15752650,Saad,681,Espagne,Femme,37.0,6,60615.695,1,Oui,Oui,73183.04,Non
9416,15615096,Costa,492,France,Femme,31.0,7,0.0,2,Oui,Oui,,Non
9417,15642004,Alekseeva,686,France,Homme,25.0,1,0.0,2,Non,Oui,8229.685,Non
9418,15651272,Reyes,709,France,Homme,38.0,5,0.0,2,Oui,Oui,40726.145,Non
9419,15677135,Lorenzo,520,Allemagne,Homme,61.0,8,66901.145,2,Oui,Oui,45152.005,Non
9420,15757811,Lloyd,732,Espagne,Femme,69.0,9,68726.715,1,Non,Oui,55466.12,Oui
9421,15666096,Ibekwe,676,Espagne,Homme,27.0,4,0.0,1,Non,Oui,53977.835,Non
9422,15715031,Davidson,600,France,Femme,28.0,6,0.0,2,Non,Oui,26096.615,Non
9423,15674148,Milanesi,579,Espagne,Homme,,6,0.0,1,Oui,Non,47496.52,Oui
9424,15715527,Freeman,543,Espagne,Femme,41.0,4,0.0,1,Non,Non,97451.08,Non
9425,15808851,Bufkin,511,Allemagne,Femme,75.0,9,52804.585,1,Non,Oui,52712.59,Non
9426,15644296,Scott,740,France,Femme,30.0,8,52604.77,1,Oui,Non,926.29,Non
9427,15743545,Nworie,647,Espagne,Femme,29.0,2,0.0,2,Oui,Non,89516.34,Non
9428,15593241,Tochukwu,444,France,Homme,43.0,3,0.0,2,Oui,Oui,79565.605,Non
9429,15586517,Toscano,647,France,Homme,32.0,5,48520.58,1,Oui,Oui,11566.365,Non
9430,15740160,Okwukwe,616,France,Homme,31.0,1,0.0,2,Oui,Oui,27353.375,Non
9431,15812616,Enyinnaya,707,France,Femme,49.0,10,0.0,1,Oui,Non,41483.985,Oui
9432,15660301,Dellucci,491,Allemagne,Homme,,6,74372.96,2,Oui,Oui,8909.165,Non
9433,15759067,Bromby,537,Allemagne,Femme,37.0,7,79205.975,4,Oui,Oui,58845.29,Oui
9434,15709941,Feng,753,France,Homme,46.0,8,0.0,3,Oui,Non,45373.97,Oui
9435,15770041,Manna,728,Espagne,Femme,43.0,8,64206.305,1,Non,Oui,69512.155,Non
9436,15661745,Browne,557,France,Homme,36.0,3,0.0,1,Non,Oui,72039.01,Non
9437,15702175,Herrin,755,France,Femme,29.0,4,74327.42,2,Oui,Oui,,Non
9438,15606177,Crawford,672,France,Homme,39.0,2,0.0,2,Oui,Non,43686.245,Non
9439,15631159,H?,705,Allemagne,Homme,41.0,4,36126.32,2,Oui,Oui,71257.33,Non
9440,15693817,Ferrari,539,Espagne,Homme,28.0,5,0.0,2,Oui,Non,24191.2,Non
9441,15592994,Zikoranachidimma,651,France,Femme,65.0,0,0.0,2,Oui,Oui,95227.02,Non
9442,15630661,Vasilyev,614,Espagne,Femme,25.0,10,37606.14,1,Oui,Non,29482.52,Non
9443,15622507,Hamilton,748,Allemagne,Femme,40.0,3,51749.545,2,Non,Non,19076.595,Non
9444,15769596,Yen,710,Allemagne,Femme,24.0,2,55203.72,2,Non,Non,7916.215,Oui
9445,15802809,Vidal,660,Espagne,Femme,36.0,0,42219.285,1,Oui,Oui,,Non
9446,15765537,Liang,687,Allemagne,Homme,26.0,2,71360.76,1,Oui,Oui,76802.875,Non
9447,15720687,Chidubem,576,France,Femme,41.0,4,56304.955,1,Non,Non,95517.59,Oui
9448,15599272,Harrington,795,,Femme,36.0,1,75922.32,1,Oui,Oui,67694.445,Non
9449,15690589,Udinesi,541,France,Homme,37.0,9,106157.015,1,Non,Oui,74407.27,Non
9450,15632439,Pinto,698,France,Femme,39.0,4,0.0,2,Non,Oui,23727.91,Non
9451,15698792,Keldie,671,France,Femme,48.0,6,59884.885,1,Non,Oui,,Non
9452,15566740,Nazarova,587,Espagne,Homme,51.0,3,41869.66,1,Non,Oui,74399.225,Non
9453,15656822,Day,568,Allemagne,Homme,43.0,5,43806.32,4,Oui,Oui,53577.7,Oui
9454,15605950,Onwuamaeze,530,Allemagne,Homme,23.0,1,68530.44,2,Oui,Oui,82613.615,Non
9455,15591150,Nwebube,570,Espagne,Homme,34.0,10,0.0,2,Non,Oui,91693.56,Non
9456,15576760,Onodugoadiegbemma,673,Allemagne,Homme,36.0,5,36544.03,2,Non,Non,98071.13,Non
9457,15785490,Okeke,771,France,Homme,50.0,3,52614.86,1,Oui,Oui,8140.84,Oui
9458,15812482,Young,575,,Homme,27.0,3,69650.84,1,Oui,Non,49921.99,Non
9459,15686909,Lung,639,Allemagne,Homme,27.0,3,75397.905,1,Non,Oui,42604.465,Non
9460,15602909,Dickson,604,Espagne,Femme,41.0,10,0.0,2,Oui,Oui,83112.195,Non
9461,15690678,Brooks,530,France,Femme,33.0,4,64653.66,1,Oui,Oui,86465.14,Non
9462,15705918,Howarth,725,France,Homme,31.0,8,0.0,2,Oui,Oui,29825.21,Non
9463,15569571,Davydova,584,,Femme,46.0,6,43680.51,2,Oui,Non,60188.435,Oui
9464,15671139,Brizendine,694,Espagne,Homme,39.0,0,53521.37,1,Oui,Oui,51142.1,Non
9465,15750921,Monds,521,France,Homme,37.0,5,52921.63,2,Oui,Oui,42454.1,Non
9466,15643826,McKay,503,France,Homme,32.0,4,0.0,2,Oui,Oui,76518.485,Non
9467,15693200,King,752,France,Femme,36.0,7,0.0,2,Oui,Non,92433.43,Non
9468,15776947,Ugorji,637,Espagne,Homme,43.0,8,0.0,1,Oui,Non,6078.465,Oui
9469,15787756,Nkemdirim,467,Allemagne,Homme,51.0,10,57257.355,2,Oui,Non,88892.34,Oui
9470,15666652,Anayolisa,781,France,Femme,19.0,3,0.0,2,Oui,Oui,62148.66,Non
9471,15808566,Hs?,516,France,Homme,46.0,2,0.0,2,Oui,Oui,84561.27,Non
9472,15813681,Zito,786,Allemagne,Homme,24.0,2,60067.775,2,Oui,Oui,62724.735,Non
9473,15802106,Craig,418,France,Homme,34.0,8,77986.94,1,Oui,Non,77104.48,Non
9474,15807239,Lung,664,France,Femme,34.0,7,46960.235,1,Non,Non,89956.99,Non
9475,15788556,Trouette,683,France,Femme,42.0,4,74141.97,1,Oui,Oui,22346.315,Oui
9476,15685564,Nnamutaezinwa,748,Espagne,Homme,35.0,5,52746.265,1,Oui,Oui,75028.6,Non
9477,15652469,Nevels,699,France,Homme,27.0,1,0.0,2,Oui,Non,46501.605,Non
9478,15772250,Udegbunam,842,Espagne,Homme,46.0,9,0.0,1,Non,Non,8634.01,Non
9479,15716501,Moon,659,France,Homme,32.0,9,47688.565,1,Non,Oui,93775.62,Non
9480,15762138,Hu,608,,Homme,42.0,5,0.0,2,Oui,Non,89252.145,Non
9481,15631189,Riggs,613,Allemagne,Homme,38.0,9,33555.825,1,Oui,Non,39283.32,Oui
9482,15702430,Ignatyeva,548,France,Femme,35.0,10,0.0,1,Oui,Oui,15649.855,Non
9483,15730469,Anenechi,663,Espagne,Homme,31.0,4,51715.055,2,Non,Oui,18239.635,Non
9484,15776921,Geoghegan,431,Allemagne,Homme,45.0,5,41812.275,2,Non,Non,18449.81,Non
9485,15704771,Ugochukwu,593,France,Femme,35.0,6,66744.56,2,Oui,Oui,39050.645,Non
9486,15644400,Anderson,709,France,Homme,44.0,9,64300.99,1,Oui,Non,,Non
9487,15726832,Donnelly,850,Allemagne,Homme,61.0,3,70892.01,1,Oui,Oui,46026.875,Non
9488,15762716,Chigozie,762,,Femme,60.0,10,84460.375,1,Oui,Non,15722.515,Oui
9489,15740406,Padovesi,628,Allemagne,Homme,38.0,10,56762.92,1,Oui,Non,23022.24,Oui
9490,15737414,Shen,647,France,Homme,35.0,4,61880.84,1,Oui,Non,41955.2,Non
9491,15696355,Cleveland,724,Allemagne,Homme,37.0,6,62744.7,1,Oui,Non,59285.265,Non
9492,15644692,Bibb,546,France,Femme,47.0,8,0.0,1,Oui,Oui,,Oui
9493,15775234,Laurie,646,France,Homme,24.0,8,0.0,2,Non,Non,46306.44,Non
9494,15804072,Chen,701,Espagne,Femme,42.0,5,0.0,2,Non,Non,12105.28,Non
9495,15782659,Mamelu,527,France,Homme,32.0,0,0.0,1,Oui,Non,54761.94,Non
9496,15801934,Su,678,France,Homme,66.0,8,0.0,2,Oui,Oui,23558.515,Non
9497,15748481,Howey,564,France,Femme,27.0,6,0.0,1,Non,Non,3909.88,Non
9498,15774551,K?,772,Espagne,Homme,36.0,3,56014.915,1,Oui,Oui,93474.175,Non
9499,15632143,Lung,652,France,Homme,31.0,2,59574.275,1,Non,Non,74870.11,Non
9500,15807432,Cheng,645,Allemagne,Femme,37.0,2,68462.545,2,Non,Oui,76700.12,Non
9501,15565996,Arnold,653,France,Homme,44.0,8,0.0,2,Oui,Oui,77319.86,Non
9502,15781298,Hughes,808,Allemagne,Homme,39.0,3,62108.465,1,Non,Oui,85721.18,Non
9503,15773260,Tsou,590,France,Femme,32.0,0,63881.62,1,Oui,Non,50358.77,Non
9504,15689514,Kang,625,France,Homme,43.0,8,100848.035,1,Oui,Non,66510.45,Oui
9505,15665521,Chiazagomekpele,642,Allemagne,Homme,18.0,5,55591.765,2,Non,Oui,5031.875,Non
9506,15572356,Tsai,689,Espagne,Homme,73.0,1,54277.535,1,Non,Oui,83984.575,Non
9507,15812184,Rose,674,France,Femme,31.0,1,0.0,1,Oui,Non,64477.025,Non
9508,15572158,Blackburn,604,Espagne,Homme,41.0,3,0.0,1,Non,Non,5909.92,Non
9509,15733883,Ward,604,France,Homme,28.0,7,0.0,2,Non,Non,29297.82,Non
9510,15783522,Mitchell,738,,Femme,37.0,8,50282.97,1,Oui,Oui,64399.93,Non
9511,15724890,Cross,584,Espagne,Homme,36.0,4,41348.045,2,Non,Non,41529.07,Non
9512,15745605,Trevisan,722,France,Femme,47.0,2,44005.7,1,Oui,Oui,45327.97,Oui
9513,15570947,Bruny,615,Espagne,Femme,29.0,7,71665.28,2,Oui,Oui,63198.005,Non
9514,15795586,McDonald,478,France,Homme,35.0,1,46237.025,1,Oui,Non,89313.035,Non
9515,15612109,Speth,819,France,Homme,38.0,9,61167.13,2,Oui,Oui,90753.72,Non
9516,15694349,Ngozichukwuka,714,Espagne,Homme,44.0,7,0.0,1,Non,Oui,3461.555,Non
9517,15800295,Cruz,644,Allemagne,Homme,34.0,9,56373.27,2,Non,Non,70615.035,Non
9518,15615012,Fan,594,France,Homme,23.0,5,78133.795,1,Oui,Non,80484.22,Non
9519,15694601,Ankudinov,583,France,Femme,31.0,4,79489.395,1,Oui,Non,6269.46,Non
9520,15789955,Hu,698,Allemagne,Homme,56.0,1,56207.405,2,Non,Non,46991.01,Oui
9521,15585100,Rioux,511,Allemagne,Femme,40.0,9,62200.8,1,Oui,Non,99407.12,Oui
9522,15595324,Daniels,579,Allemagne,Femme,39.0,5,58916.65,3,Non,Non,2915.5,Oui
9523,15625942,McDonald,619,Espagne,Femme,45.0,0,0.0,2,Non,Non,56822.7,Non
9524,15809227,Chukwudi,850,France,Homme,35.0,2,0.0,2,Oui,Oui,28495.83,Non
9525,15653773,Shaw,457,France,Femme,38.0,7,82248.495,1,Oui,Oui,81663.635,Non
9526,15713983,Mao,780,Allemagne,Homme,34.0,5,47054.27,2,Oui,Non,88617.605,Non
9527,15654238,Jen,673,France,Femme,40.0,5,68747.14,1,Oui,Non,40876.96,Non
9528,15773789,Pavlova,594,Espagne,Femme,38.0,7,48429.175,1,Oui,Non,38755.725,Non
9529,15777893,Davide,777,France,Homme,43.0,1,0.0,2,Oui,Non,10892.955,Non
9530,15686302,Fisk,745,Espagne,Femme,31.0,3,62164.42,1,Oui,Oui,70225.76,Non
9531,15623649,Ogle,629,Espagne,Homme,32.0,3,0.0,2,Oui,Oui,7702.32,Non
9532,15611794,Galloway,526,Allemagne,Homme,61.0,6,66922.64,2,Oui,Oui,22590.4,Non
9533,15660602,Ch'eng,464,Allemagne,Homme,33.0,8,82142.36,2,Oui,Oui,1855.17,Non
9534,15624755,Pepper,707,,Femme,40.0,3,54814.22,1,Oui,Non,94683.015,Non
9535,15621031,Mofflin,761,Espagne,Homme,27.0,8,0.0,2,Oui,Non,31648.85,Non
9536,15624993,Chiang,753,France,Femme,36.0,7,64259.49,1,Oui,Oui,22283.915,Oui
9537,15777060,Olszewski,770,France,Femme,33.0,4,0.0,1,Oui,Non,13040.27,Oui
9538,15695632,Dellucci,556,France,Femme,39.0,9,44794.175,1,Oui,Oui,47449.05,Non
9539,15637646,Rowley,756,France,Homme,31.0,10,61323.66,1,Non,Non,30833.435,Non
9540,15579131,Ricci,835,France,Homme,25.0,7,0.0,2,Oui,Oui,41724.825,Non
9541,15617617,Stewart,811,Espagne,Homme,39.0,7,0.0,2,Oui,Oui,88759.695,Non
9542,15616745,Hs?,542,Espagne,Homme,35.0,2,87447.265,1,Oui,Oui,11157.275,Non
9543,15578251,Fang,644,France,Homme,37.0,2,93173.985,2,Oui,Non,46404.865,Non
9544,15764343,T'ien,688,Espagne,Femme,46.0,8,77840.86,1,Oui,Non,,Non
9545,15643865,Lo Duca,601,France,Femme,40.0,3,46027.68,1,Non,Oui,82326.01,Oui
9546,15812241,Udinese,438,Allemagne,Homme,59.0,7,63598.57,1,Oui,Non,25782.99,Oui
9547,15794875,Hung,691,Espagne,Homme,35.0,6,0.0,2,Non,Oui,89019.085,Non
9548,15688963,Ingram,731,France,Femme,,10,0.0,1,Oui,Oui,12499.375,Oui
9549,15732266,Field,553,Allemagne,Homme,,5,63998.915,1,Oui,Non,82689.33,Oui
9550,15795878,Anayochukwu,636,Espagne,Homme,45.0,3,0.0,2,Oui,Oui,79731.9,Non
9551,15753895,Blue,590,Espagne,Homme,37.0,1,0.0,2,Non,Non,66767.995,Non
9552,15624072,Kiernan,669,Espagne,Homme,22.0,10,0.0,2,Oui,Non,88081.87,Non
9553,15788686,Gibson,538,Espagne,Homme,40.0,8,0.0,2,Oui,Oui,12777.2,Non
9554,15662098,Palmer,650,Espagne,Homme,41.0,3,64404.325,3,Non,Non,56838.765,Oui
9555,15706729,Hsiao,662,France,Homme,38.0,0,52635.78,1,Non,Oui,89916.725,Non
9556,15600692,West,520,France,Homme,38.0,5,0.0,2,Oui,Non,81592.88,Non
9557,15661821,Johnstone,798,Allemagne,Femme,49.0,5,66285.835,1,Oui,Oui,15843.165,Oui
9558,15686964,Spence,675,France,Femme,34.0,10,42472.29,1,Non,Non,73115.315,Non
9559,15589348,Le Grand,850,Espagne,Homme,37.0,4,68602.385,1,Oui,Oui,14432.795,Non
9560,15794048,Wan,667,Allemagne,Femme,48.0,1,48566.96,2,Non,Non,56658.385,Oui
9561,15591169,Hawes,788,Allemagne,Femme,49.0,4,68727.995,1,Oui,Non,92089.145,Oui
9562,15791316,Boni,714,France,Homme,35.0,3,0.0,2,Oui,Oui,47811.64,Non
9563,15692918,Hsing,604,Allemagne,Homme,36.0,10,56773.15,1,Oui,Oui,67437.685,Non
9564,15586931,Hunter,694,Espagne,Homme,39.0,3,0.0,1,Oui,Oui,47812.515,Non
9565,15585451,Vigano,558,Allemagne,Femme,32.0,1,54131.435,1,Oui,Oui,3467.655,Non
9566,15710553,Yin,555,Allemagne,Homme,48.0,3,71027.705,2,Non,Oui,39567.39,Non
9567,15634551,Williamson,727,Allemagne,Homme,46.0,3,57624.055,4,Oui,Non,65376.005,Oui
9568,15643770,Yu,682,France,Femme,52.0,5,56335.24,1,Oui,Non,10542.585,Oui
9569,15776824,Rossi,714,France,Homme,28.0,6,61362.185,1,Oui,Oui,33528.635,Non
9570,15754012,Shepherdson,687,,Femme,35.0,1,55376.075,2,Oui,Oui,23960.61,Non
9571,15764922,Tu,596,Espagne,Homme,20.0,3,93647.23,1,Oui,Non,51728.235,Non
9572,15579262,Shearston,497,France,Homme,41.0,9,0.0,1,Non,Non,11037.24,Non
9573,15599024,Hope,506,Espagne,Homme,32.0,8,0.0,2,Non,Oui,91346.4,Non
9574,15567991,Obiuto,794,,Homme,31.0,0,72440.17,2,Non,Oui,87821.72,Non
9575,15704788,Krawczyk,812,Espagne,Femme,49.0,8,33039.725,2,Non,Non,45778.285,Oui
9576,15646521,Fan,634,Espagne,Femme,36.0,1,0.0,1,Oui,Oui,71980.36,Non
9577,15668629,Saunders,719,Espagne,Homme,44.0,2,0.0,2,Oui,Non,98291.095,Non
9578,15657139,Otutodilinna,652,France,Femme,40.0,8,42195.4,2,Non,Oui,53938.1,Non
9579,15700826,Ko,678,Allemagne,Femme,54.0,1,61849.64,2,Non,Oui,52610.88,Non
9580,15758372,Wallace,674,France,Homme,18.0,7,0.0,2,Oui,Oui,27876.56,Oui
9581,15691910,Lu,663,Espagne,Homme,30.0,4,0.0,3,Oui,Non,50685.525,Non
9582,15759872,L?,625,France,Homme,22.0,9,0.0,2,Oui,Non,78536.455,Non
9583,15667046,Tseng,694,Espagne,Homme,38.0,7,60763.7,1,Oui,Non,56740.51,Non
9584,15734649,Martel,779,Espagne,Femme,,0,66647.99,1,Oui,Non,11416.355,Oui
9585,15806511,Berry,445,Espagne,Homme,45.0,10,0.0,2,Non,Oui,45488.74,Non
9586,15731478,Nicholls,712,France,Femme,42.0,1,43921.49,1,Non,Non,46111.795,Non
9587,15712938,Genovese,531,France,Homme,44.0,3,0.0,2,Oui,Oui,17208.395,Non
9588,15753102,Curtis,752,Espagne,Homme,44.0,6,41935.165,1,Oui,Non,89361.12,Non
9589,15588928,Maslow,704,France,Homme,47.0,5,0.0,2,Oui,Oui,72669.305,Non
9590,15571121,Kodilinyechukwu,670,France,Femme,50.0,8,69170.03,1,Non,Oui,1579.575,Non
9591,15692671,Dobson,701,Espagne,Homme,36.0,8,0.0,2,Oui,Non,84580.73,Non
9592,15611551,Hill,676,Espagne,Homme,48.0,1,65829.795,2,Non,Oui,7076.075,Non
9593,15631800,Pagnotto,474,France,Homme,37.0,3,49215.685,1,Non,Non,37849.22,Non
9594,15694677,Bennetts,733,France,Homme,39.0,1,0.0,2,Oui,Oui,70920.655,Non
9595,15706904,Robertson,750,France,Homme,43.0,6,56941.155,1,Oui,Oui,37282.205,Non
9596,15571816,Ritchie,850,Espagne,Femme,70.0,5,0.0,1,Oui,Oui,352.59,Non
9597,15702566,Lombardo,554,Espagne,Homme,26.0,8,74567.23,1,Oui,Oui,88983.12,Non
9598,15672499,Iadanza,635,France,Homme,34.0,3,67346.2,2,Oui,Oui,41886.51,Non
9599,15782236,Gibbs,735,Espagne,Homme,34.0,5,0.0,2,Non,Non,35547.705,Non
9600,15699911,Chapman,461,Espagne,Femme,35.0,8,0.0,1,Oui,Non,66147.975,Non
9601,15791991,Udinesi,773,France,Homme,52.0,4,0.0,1,Non,Oui,72056.71,Non
9602,15737971,Cowen,646,France,Femme,30.0,5,0.0,2,Oui,Non,6967.66,Non
9603,15652693,Greco,573,France,Femme,26.0,4,64554.51,1,Non,Non,74907.34,Oui
9604,15781689,Macadam,758,Espagne,Homme,35.0,5,0.0,2,Oui,Non,47504.8,Non
9605,15722993,Page,700,France,Femme,27.0,6,68981.535,1,Non,Non,4498.395,Non
9606,15646196,Yeh,850,Espagne,Femme,36.0,2,77590.28,2,Non,Non,84707.77,Non
9607,15714575,Batt,742,Allemagne,Femme,44.0,8,53963.01,1,Non,Oui,8687.635,Oui
9608,15719898,Young,556,France,Homme,36.0,7,77436.04,2,Oui,Oui,16022.32,Non
9609,15700394,Palermo,713,Espagne,Femme,26.0,4,61428.73,2,Oui,Non,72341.085,Oui
9610,15571756,Ohearn,724,France,Femme,28.0,5,0.0,1,Oui,Non,29675.84,Non
9611,15588449,Chuang,591,Espagne,Femme,27.0,5,53906.335,1,Non,Oui,81250.915,Oui
9612,15695846,Hawkins,684,France,Femme,34.0,6,0.0,2,Oui,Oui,65464.11,Non
9613,15589698,De Luca,555,Allemagne,Homme,42.0,6,53552.25,1,Oui,Oui,20652.22,Oui
9614,15620111,Fan,659,France,Homme,54.0,8,66718.26,1,Oui,Non,28393.9,Non
9615,15626012,Obidimkpa,459,France,Homme,26.0,4,74939.83,1,Non,Non,25008.085,Non
9616,15633648,Jideofor,696,Espagne,Femme,51.0,5,0.0,2,Oui,Non,27511.215,Non
9617,15579914,Garcia,633,Allemagne,Homme,30.0,2,54893.41,2,Oui,Oui,69856.405,Non
9618,15692575,Kerr,760,France,Homme,38.0,6,81444.365,1,Oui,Non,45549.38,Oui
9619,15793331,Blair,812,France,Homme,32.0,5,66525.485,2,Oui,Non,44692.96,Non
9620,15704081,Findlay,595,Allemagne,Homme,30.0,9,65341.055,2,Oui,Oui,28931.44,Non
9621,15689661,Gorbunov,663,France,Homme,22.0,6,0.0,2,Non,Oui,65913.575,Non
9622,15609623,McConnell,637,France,Femme,63.0,5,0.0,1,Oui,Non,14046.385,Oui
9623,15748552,Sal,464,Allemagne,Homme,37.0,4,77997.075,1,Non,Non,71832.72,Non
9624,15676091,Iloerika,543,France,Homme,42.0,7,0.0,1,Oui,Oui,28325.235,Non
9625,15581229,Gregory,502,Allemagne,Femme,32.0,1,86670.415,1,Non,Oui,61381.975,Non
9626,15781272,Coles,669,France,Homme,50.0,4,74856.805,3,Oui,Oui,62436.21,Oui
9627,15572956,Steen,683,France,Homme,36.0,5,57675.315,1,Oui,Oui,61152.955,Non
9628,15724719,Jones,550,France,Femme,22.0,7,69548.425,1,Oui,Non,64945.47,Non
9629,15737888,Mitchell,850,Espagne,Femme,43.0,2,62755.41,1,Oui,Oui,39542.05,Non
9630,15619087,Taylor,762,France,Homme,53.0,1,51260.185,1,Oui,Oui,85097.7,Non
9631,15601383,Ibrahimova,744,Espagne,Homme,44.0,5,60327.34,1,Oui,Non,41145.405,Non
9632,15795224,Wu,760,France,Homme,39.0,6,89292.73,1,Oui,Non,33565.65,Oui
9633,15764174,Bidencope,612,Espagne,Femme,26.0,4,0.0,2,Oui,Oui,89890.37,Non
9634,15580935,Okechukwu,687,Allemagne,Homme,33.0,9,67981.2,2,Oui,Non,60873.98,Non
9635,15619801,Batty,548,,Femme,33.0,1,40053.915,2,Non,Oui,41122.835,Non
9636,15657228,Anderson,545,Allemagne,Homme,37.0,9,47914.565,2,Non,Oui,52468.44,Non
9637,15722090,Tseng,615,Espagne,Homme,51.0,6,40909.245,1,Oui,Oui,84574.69,Non
9638,15783083,Shubin,534,France,Homme,,9,0.0,2,Oui,Non,80672.065,Non
9639,15616529,Hsieh,613,Espagne,Homme,34.0,3,0.0,1,Oui,Oui,20862.36,Non
9640,15644753,Hung,848,Espagne,Homme,40.0,3,55464.98,1,Oui,Oui,15438.42,Non
9641,15663263,Collins,698,France,Homme,47.0,5,78132.655,2,Non,Non,527.83,Non
9642,15698246,Gordon,658,France,Femme,24.0,2,0.0,2,Oui,Oui,42347.245,Non
9643,15745012,Pettit,653,France,Femme,43.0,6,0.0,2,Oui,Oui,3665.295,Non
9644,15815043,McMillan,645,Espagne,Homme,49.0,8,0.0,2,Oui,Non,81006.3,Non
9645,15729359,Chambers,837,France,Femme,29.0,9,0.0,2,Oui,Oui,20933.13,Non
9646,15626135,Combes,689,France,Homme,34.0,1,82656.135,1,Oui,Non,77747.815,Non
9647,15783026,H?,701,France,Femme,41.0,2,0.0,1,Oui,Non,23928.39,Non
9648,15802368,Ch'eng,608,France,Femme,47.0,6,0.0,1,Oui,Oui,63006.285,Non
9649,15657317,Allan,789,France,Femme,32.0,7,34711.76,1,Oui,Non,53749.695,Non
9650,15568032,Moore,757,Allemagne,Homme,31.0,1,63660.18,3,Oui,Non,,Non
9651,15703763,Sanderson,554,France,Homme,44.0,7,42652.135,1,Oui,Oui,29038.26,Non
9652,15769312,Forbes,557,Espagne,Homme,48.0,10,0.0,2,Oui,Oui,92547.24,Non
9653,15680046,Onochie,711,Espagne,Homme,36.0,8,0.0,2,Oui,Non,27603.705,Non
9654,15614137,MacDonald,685,France,Femme,40.0,7,0.0,2,Oui,Non,51949.295,Non
9655,15744919,Genovese,734,Espagne,Femme,37.0,0,76380.12,1,Oui,Oui,24495.25,Non
9656,15663234,Bishop,508,France,Femme,60.0,7,71631.02,1,Oui,Oui,64781.37,Non
9657,15658240,Parry,554,France,Femme,44.0,9,67907.35,2,Non,Non,57545.69,Non
9658,15576022,Nwachinemelu,565,France,Homme,38.0,5,0.0,2,Non,Oui,40315.16,Non
9659,15788539,Foxall,501,France,Femme,,3,53873.785,1,Oui,Non,4624.68,Non
9660,15679738,Brown,527,Espagne,Femme,35.0,8,0.0,1,Oui,Non,49015.765,Oui
9661,15739803,Lucciano,686,Espagne,Homme,34.0,9,0.0,2,Oui,Non,63784.9,Non
9662,15787529,Gray,592,Espagne,Homme,38.0,0,0.0,1,Oui,Non,32993.24,Oui
9663,15659800,Teng,584,Espagne,Femme,50.0,1,0.0,1,Non,Oui,76283.875,Oui
9664,15796957,Iadanza,597,Espagne,Homme,35.0,9,0.0,3,Non,Oui,36590.695,Oui
9665,15770995,Sinclair,753,Allemagne,Femme,47.0,1,65580.425,1,Oui,Non,98722.345,Non
9666,15763194,Milanesi,643,France,Homme,34.0,7,0.0,2,Non,Oui,50152.065,Non
9667,15675176,Price,512,France,Homme,51.0,6,72476.655,1,Oui,Oui,82517.585,Non
9668,15750772,Walker,671,France,Femme,38.0,6,66064.86,1,Non,Oui,38034.475,Non
9669,15571221,Bergamaschi,747,Allemagne,Homme,,7,58156.785,1,Oui,Oui,95348.175,Oui
9670,15814268,Franklin,444,France,Femme,40.0,5,42175.035,1,Oui,Non,71917.88,Non
9671,15709368,Milne,614,France,Femme,43.0,6,0.0,2,Oui,Oui,54520.765,Non
9672,15750410,Jordan,680,France,Femme,25.0,4,61908.25,1,Oui,Oui,45081.175,Non
9673,15660200,Mai,551,France,Homme,31.0,1,0.0,2,Oui,Oui,92552.72,Non
9674,15570205,Tao,682,Espagne,Homme,36.0,5,0.0,2,Oui,Oui,73879.255,Non
9675,15597914,Evdokimov,641,Allemagne,Femme,51.0,2,58653.345,4,Oui,Oui,13456.36,Oui
9676,15748499,Johnson,550,Allemagne,Homme,33.0,4,59200.455,1,Non,Oui,6999.82,Oui
9677,15645095,Huang,674,France,Femme,28.0,3,0.0,1,Oui,Non,25768.495,Non
9678,15641480,Sinnett,571,France,Homme,32.0,5,65677.125,1,Oui,Non,62628.265,Non
9679,15649418,Krylov,776,France,Femme,29.0,7,89085.52,2,Oui,Oui,,Non
9680,15660417,Lambert,613,Allemagne,Femme,43.0,10,60240.845,1,Non,Non,47437.515,Oui
9681,15706647,Jordan,761,France,Homme,31.0,7,0.0,3,Oui,Oui,83349.09,Non
9682,15587647,Browne,850,Allemagne,Femme,66.0,0,63560.31,1,Non,Oui,59464.82,Oui
9683,15743570,Feng,481,France,Femme,,5,0.0,2,Oui,Oui,62626.73,Non
9684,15752816,Murray,531,France,Homme,29.0,3,57295.29,1,Non,Non,37792.74,Non
9685,15624343,Napolitani,650,Espagne,Femme,50.0,7,64833.885,1,Non,Non,21014.08,Non
9686,15668460,Bellucci,466,France,Homme,,6,0.0,2,Oui,Oui,1398.635,Non
9687,15659325,Todd,802,Espagne,Homme,40.0,5,0.0,2,Oui,Oui,87521.845,Non
9688,15768163,Griffin,655,Allemagne,Femme,46.0,7,68572.56,1,Oui,Non,57573.2,Oui
9689,15665802,Li Fonti,642,Espagne,Femme,36.0,6,0.0,2,Oui,Oui,48969.295,Non
9690,15774179,Sutherland,487,France,Homme,37.0,6,0.0,2,Oui,Oui,63238.705,Non
9691,15624729,Tsao,594,France,Homme,27.0,0,98520.9,1,Non,Non,75956.245,Non
9692,15726931,Onwumelu,715,France,Femme,41.0,8,28107.425,2,Non,Non,46491.305,Oui
9693,15659305,Webster,605,Allemagne,Homme,19.0,8,83066.64,1,Oui,Oui,53997.495,Non
9694,15734610,Onio,543,France,Homme,42.0,4,44919.355,3,Oui,Non,42991.77,Oui
9695,15736534,Elkins,742,Allemagne,Homme,33.0,0,90828.255,1,Oui,Oui,53833.955,Non
9696,15790093,Aguirre,627,France,Femme,27.0,2,0.0,2,Oui,Non,62725.505,Non
9697,15661249,Bellucci,699,France,Homme,53.0,4,0.0,2,Non,Oui,55653.99,Non
9698,15682541,Hartley,616,Espagne,Femme,36.0,6,66155.855,1,Non,Non,7731.42,Non
9699,15654519,Hassall,680,France,Homme,31.0,1,0.0,2,Oui,Oui,1574.1,Non
9700,15596136,Folliero,637,France,Femme,36.0,9,83469.94,1,Oui,Oui,36252.38,Non
9701,15650933,Ma,490,,Femme,48.0,8,77706.53,1,Oui,Non,93960.65,Non
9702,15801699,Fishbourne,436,Espagne,Homme,43.0,5,0.0,2,Oui,Oui,17843.715,Non
9703,15628674,Iadanza,844,France,Homme,40.0,7,56674.07,1,Oui,Non,15952.155,Oui
9704,15812982,Francis,509,Espagne,Homme,38.0,2,0.0,1,Non,Non,84230.06,Non
9705,15635752,Lo,685,Allemagne,Homme,38.0,4,55899.03,2,Oui,Oui,51092.33,Non
9706,15670646,Moore,499,Espagne,Femme,42.0,0,73593.92,1,Oui,Oui,7434.47,Oui
9707,15636551,Nixon,711,France,Femme,29.0,3,65090.735,2,Oui,Non,15905.72,Non
9708,15790689,Hibbins,647,Espagne,Homme,32.0,9,40479.18,1,Oui,Oui,64295.365,Non
9709,15657449,Chukwuma,446,Allemagne,Homme,25.0,3,68101.39,1,Oui,Non,88371.755,Non
9710,15740356,Palmer,660,Allemagne,Homme,26.0,4,57510.88,1,Non,Oui,81221.525,Non
9711,15684934,Rose,726,France,Homme,31.0,9,0.0,2,Oui,Oui,53058.65,Non
9712,15709639,Wilson,717,France,Femme,22.0,5,56232.53,1,Oui,Oui,46488.875,Non
9713,15596713,Christie,786,France,Homme,37.0,7,82948.11,2,Oui,Oui,33488.84,Non
9714,15747974,Sabbatini,614,France,Homme,49.0,1,0.0,2,Oui,Non,96220.27,Non
9715,15796813,Storey,493,France,Homme,54.0,3,83915.94,2,Oui,Non,75079.975,Oui
9716,15656263,Teng,764,Espagne,Homme,29.0,5,0.0,2,Oui,Non,32934.14,Non
9717,15699029,Bagley,670,France,Homme,37.0,4,85278.955,2,Oui,Non,99126.44,Non
9718,15751333,Atkinson,695,France,Femme,36.0,2,0.0,2,Non,Oui,83874.77,Non
9719,15704014,K'ung,738,Allemagne,Homme,37.0,7,70475.46,2,Oui,Non,97666.99,Non
9720,15619045,Baxter,776,France,Femme,43.0,4,0.0,2,Non,Oui,81068.75,Non
9721,15735632,Williamson,571,France,Homme,41.0,8,0.0,1,Oui,Oui,31868.085,Non
9722,15689612,Pirozzi,554,Espagne,Femme,34.0,8,0.0,1,Non,Oui,53490.515,Non
9723,15657540,Cremonesi,578,France,Homme,50.0,5,75607.67,2,Oui,Non,84902.2,Non
9724,15785980,Williford,588,Espagne,Homme,34.0,6,60566.13,2,Oui,Non,43230.14,Non
9725,15764654,Zikoranachidimma,649,France,Homme,37.0,9,43687.44,2,Oui,Oui,123.68,Non
9726,15708193,Liu,707,France,Homme,33.0,2,0.0,2,Non,Non,,Non
9727,15691323,Bianchi,672,Allemagne,Homme,40.0,4,44512.94,2,Oui,Non,94446.095,Non
9728,15672754,Burbidge,498,Allemagne,Homme,42.0,3,76019.85,1,Oui,Oui,26722.585,Oui
9729,15650086,Uchenna,725,France,Homme,43.0,2,82948.0,2,Oui,Non,65397.76,Non
9730,15626948,Butcher,701,France,Femme,42.0,6,43083.91,1,Oui,Non,76671.19,Non
9731,15730038,Docherty,706,France,Femme,23.0,5,0.0,1,Non,Non,82064.205,Oui
9732,15582591,Chiabuotu,615,Espagne,Homme,59.0,4,77883.025,1,Oui,Oui,55137.585,Non
9733,15724321,Baresi,516,Allemagne,Femme,47.0,9,64149.37,1,Non,Non,74807.085,Oui
9734,15726484,Pollard,633,France,Homme,37.0,7,70773.175,1,Oui,Oui,62415.055,Non
9735,15691004,Yu,407,Espagne,Homme,37.0,1,0.0,1,Oui,Oui,24580.56,Oui
9736,15775192,Rounsevell,732,Allemagne,Femme,48.0,4,51481.31,1,Oui,Non,60426.425,Oui
9737,15624437,Johnson,825,Espagne,Femme,32.0,1,0.0,2,Oui,Oui,21467.575,Non
9738,15742607,Ermakov,850,Allemagne,Homme,36.0,7,51400.36,1,Oui,Oui,43676.215,Non
9739,15624667,Wallace,684,France,Homme,35.0,6,67935.75,1,Oui,Oui,43609.705,Non
9740,15641413,Crawford,587,Allemagne,Femme,49.0,7,77696.99,2,Oui,Non,6654.1,Oui
9741,15631681,Jibunoh,807,Espagne,Femme,43.0,0,0.0,2,Non,Oui,42761.62,Non
9742,15594084,Anderson,524,France,Homme,22.0,9,0.0,2,Oui,Non,37202.67,Non
9743,15724099,Udinese,674,France,Homme,26.0,6,83128.98,1,Oui,Oui,74684.705,Non
9744,15596962,Owens,617,France,Femme,24.0,4,68647.595,2,Oui,Oui,45597.56,Non
9745,15583681,Layh,616,Espagne,Homme,31.0,7,38332.855,2,Oui,Oui,81904.54,Non
9746,15641114,Power,701,France,Homme,37.0,8,65045.75,1,Oui,Oui,60015.645,Non
9747,15604348,Allard,710,Espagne,Homme,22.0,8,0.0,2,Non,Non,49822.52,Non
9748,15776211,Toscani,678,France,Femme,34.0,6,0.0,2,Oui,Oui,62296.42,Non
9749,15714634,Nebechi,837,France,Homme,26.0,4,44950.12,2,Oui,Non,87738.515,Non
9750,15678333,Parry-Okeden,683,France,Femme,26.0,7,0.0,2,Oui,Non,43309.885,Non
9751,15587596,Morrison,628,Espagne,Femme,39.0,8,53776.665,1,Oui,Non,58761.705,Non
9752,15803654,Wei,790,France,Femme,31.0,2,75645.08,1,Oui,Oui,86218.56,Non
9753,15790067,Sun,614,Espagne,Homme,105.0,3,75957.465,1,Non,Non,28229.725,Non
9754,15655574,Okeke,698,Allemagne,Femme,40.0,8,75388.55,1,Oui,Non,57366.31,Non
9755,15645200,Chiang,581,Allemagne,Femme,54.0,2,76254.495,1,Oui,Non,93798.99,Oui
9756,15621550,Hung,535,Espagne,Femme,50.0,1,70146.29,3,Non,Non,34765.61,Oui
9757,15773322,Obiajulu,536,Allemagne,Femme,44.0,4,60949.41,1,Non,Non,65503.59,Non
9758,15766887,Iadanza,538,Espagne,Homme,39.0,2,61386.75,2,Oui,Oui,29233.54,Non
9759,15681506,Lane,478,Espagne,Homme,43.0,1,0.0,2,Oui,Oui,98958.215,Non
9760,15791373,Chikezie,850,Allemagne,Femme,35.0,2,40465.875,1,Non,Non,,Oui
9761,15802071,Levi,762,Allemagne,Homme,,1,58729.255,1,Non,Oui,89180.74,Oui
9762,15591010,McDonald,434,Allemagne,Homme,55.0,8,54669.585,2,Oui,Non,48202.94,Oui
9763,15724536,Chin,560,Espagne,Femme,28.0,1,0.0,2,Oui,Oui,60440.36,Non
9764,15673372,Stevenson,635,France,Femme,58.0,1,0.0,1,Oui,Oui,29453.54,Oui
9765,15749671,K?,794,France,Homme,35.0,6,0.0,2,Oui,Oui,,Non
9766,15723008,Lo Duca,720,France,Femme,45.0,1,51441.2,2,Oui,Oui,17816.575,Oui
9767,15744717,Duffy,726,France,Femme,44.0,2,0.0,2,Oui,Oui,,Non
9768,15710034,T'ao,637,Allemagne,Homme,43.0,1,67822.645,2,Non,Oui,50691.43,Oui
9769,15721383,Harvey,627,Espagne,Homme,40.0,10,0.0,2,Oui,Oui,97396.21,Non
9770,15686776,Rossi,557,France,Femme,32.0,6,92343.205,2,Oui,Non,7478.22,Non
9771,15605333,Clancy,529,Espagne,Homme,31.0,6,0.0,1,Oui,Non,5312.955,Non
9772,15678725,Chamberlin,658,France,Femme,29.0,8,0.0,2,Non,Oui,65230.545,Non
9773,15744046,Andrejew,606,,Homme,33.0,8,0.0,2,Oui,Oui,31588.385,Non
9774,15676645,Parry,523,France,Homme,45.0,5,0.0,2,Oui,Oui,60714.1,Non
9775,15715715,Artyomova,799,Espagne,Homme,38.0,2,0.0,2,Oui,Oui,29648.67,Non
9776,15779247,Pai,683,Espagne,Femme,24.0,8,49283.55,1,Oui,Non,93993.505,Non
9777,15718773,Pisano,638,France,Femme,32.0,0,0.0,2,Oui,Non,80064.995,Non
9778,15728352,Yermakov,623,France,Homme,27.0,4,60254.905,1,Non,Non,71085.22,Non
9779,15576706,Ajuluchukwu,651,Allemagne,Homme,37.0,9,57226.79,1,Non,Oui,87910.455,Non
9780,15674620,Dilibe,679,Allemagne,Femme,37.0,8,38686.935,2,Non,Oui,87436.545,Non
9781,15780514,Fuller,707,France,Homme,33.0,8,68339.26,1,Oui,Non,27145.31,Non
9782,15667265,Cavenagh,729,France,Homme,39.0,4,60702.32,1,Oui,Oui,79809.085,Non
9783,15782939,Storey,747,France,Homme,42.0,4,40107.18,1,Oui,Non,57620.98,Oui
9784,15769346,Baird,587,France,Femme,36.0,1,67498.745,2,Oui,Non,,Non
9785,15808846,Horton,672,,Femme,21.0,3,82939.38,2,Oui,Oui,82268.585,Non
9786,15704987,Lu,649,France,Femme,52.0,8,24556.875,1,Oui,Non,20929.215,Non
9787,15792453,More,602,Espagne,Femme,42.0,1,69456.085,1,Oui,Oui,69747.375,Non
9788,15772601,Lu,845,Allemagne,Femme,41.0,2,40866.87,2,Non,Non,99880.645,Non
9789,15810010,Dahlenburg,678,Allemagne,Homme,36.0,6,59224.075,2,Oui,Non,26586.01,Non
9790,15633840,Henderson,781,France,Homme,20.0,0,62511.55,2,Oui,Oui,54150.725,Non
9791,15642391,Lettiere,621,Allemagne,Homme,51.0,4,54989.415,1,Non,Non,88870.29,Oui
9792,15699550,Babbage,695,Espagne,Femme,34.0,9,0.0,2,Oui,Oui,33751.06,Non
9793,15603065,Grubb,751,France,Femme,30.0,6,0.0,2,Oui,Non,7883.05,Non
9794,15693267,Dickson,679,Allemagne,Femme,34.0,7,60531.925,1,Oui,Non,28492.29,Non
9795,15602994,Gorbunov,487,France,Femme,53.0,10,44775.425,1,Non,Oui,45038.425,Non
9796,15722845,Meldrum,665,Espagne,Homme,29.0,1,91390.87,2,Oui,Oui,31866.45,Non
9797,15647890,Su,691,France,Homme,37.0,9,74702.59,1,Oui,Oui,73205.8,Non
9798,15668289,McWilliams,690,Espagne,Homme,32.0,2,38043.99,1,Non,Oui,75911.33,Non
9799,15627262,Soto,536,Allemagne,Homme,23.0,6,46183.36,2,Oui,Non,60330.855,Non
9800,15748432,Arcuri,746,France,Femme,32.0,4,0.0,2,Oui,Oui,36454.875,Non
9801,15777892,Samsonova,721,Allemagne,Homme,37.0,3,53860.32,1,Oui,Oui,79295.56,Non
9802,15638730,Macleod,711,France,Femme,21.0,0,41422.165,2,Non,Oui,704.34,Non
9803,15776733,Wilson,638,Allemagne,Femme,37.0,7,62256.83,2,Oui,Non,79305.445,Non
9804,15645815,Mills,615,France,Homme,45.0,5,0.0,2,Oui,Oui,82443.32,Non
9805,15613713,Kozlova,644,France,Homme,30.0,5,22464.44,1,Oui,Oui,5385.73,Non
9806,15756425,Barnes,660,France,Homme,30.0,7,73150.655,1,Non,Non,48423.955,Non
9807,15710726,Hughes,573,,Homme,52.0,8,0.0,2,Non,Oui,89114.52,Non
9808,15782418,Ku,589,Allemagne,Femme,19.0,9,41747.555,1,Oui,Oui,71511.155,Oui
9809,15600974,He,516,Espagne,Homme,50.0,5,0.0,1,Non,Oui,73072.965,Oui
9810,15800814,Palerma,534,France,Homme,35.0,2,40975.87,2,Oui,Non,57834.265,Non
9811,15772341,Hs?eh,682,Allemagne,Homme,81.0,6,61014.575,1,Oui,Oui,25391.94,Non
9812,15694444,Buttenshaw,648,Allemagne,Femme,32.0,8,78569.495,3,Oui,Non,95497.24,Oui
9813,15730044,Greco,809,Allemagne,Femme,42.0,6,32248.97,3,Non,Oui,91218.405,Oui
9814,15732832,Jideofor,707,France,Femme,40.0,5,0.0,2,Oui,Non,20526.41,Non
9815,15813095,Nwebube,553,France,Homme,37.0,2,0.0,2,Oui,Non,16938.645,Non
9816,15804038,Quinn,740,France,Homme,44.0,9,0.0,1,Non,Oui,,Oui
9817,15696506,MacDonald,604,Espagne,Homme,27.0,9,50676.39,1,Non,Non,15126.15,Non
9818,15762708,Chiemezie,619,Espagne,Femme,38.0,10,59829.245,1,Oui,Oui,4323.29,Non
9819,15608541,Claiborne,498,France,Homme,46.0,1,45928.83,1,Oui,Non,50977.39,Oui
9820,15581370,Andreyeva,681,Espagne,Homme,38.0,2,49905.72,2,Oui,Non,11765.75,Non
9821,15601589,Baresi,675,France,Femme,57.0,8,0.0,2,Non,Oui,47731.645,Non
9822,15615140,Corson,791,France,Homme,36.0,6,55584.485,1,Oui,Oui,94984.955,Non
9823,15669516,Steele,746,Espagne,Homme,36.0,2,0.0,2,Oui,Oui,8218.28,Non
9824,15633586,Brierly,595,France,Femme,39.0,7,60481.065,1,Non,Non,11652.505,Non
9825,15718944,Artemiev,573,France,Femme,37.0,6,0.0,2,Oui,Non,96997.685,Non
9826,15611973,Tuan,804,France,Homme,55.0,7,0.0,2,Oui,Oui,59376.3,Non
9827,15569917,Obijiaku,706,Espagne,Homme,30.0,6,43804.84,2,Non,Non,68837.275,Oui
9828,15586629,Campbell,637,France,Homme,33.0,5,0.0,2,Oui,Non,69973.585,Non
9829,15679611,Andrews,734,Espagne,Femme,37.0,2,65202.46,1,Non,Non,17274.37,Non
9830,15773804,Golubeva,625,France,Homme,39.0,5,0.0,1,Oui,Non,,Non
9831,15633574,Montes,730,France,Femme,41.0,4,83772.66,1,Oui,Non,64123.405,Non
9832,15684960,Yewen,559,France,Femme,46.0,5,0.0,1,Oui,Non,10503.05,Oui
9833,15773868,Belov,653,Allemagne,Femme,37.0,3,62867.1,2,Oui,Non,67312.545,Oui
9834,15676513,Burns,601,Allemagne,Homme,35.0,8,35776.915,1,Oui,Non,88692.225,Non
9835,15580845,Chienezie,685,Allemagne,Homme,57.0,7,50934.255,1,Non,Oui,56741.98,Non
9836,15713440,Barese,519,Allemagne,Femme,21.0,1,75850.725,3,Oui,Oui,85069.34,Oui
9837,15779497,Ts'ai,603,France,Homme,43.0,5,63911.965,1,Oui,Oui,9741.675,Non
9838,15788659,Howells,695,France,Homme,46.0,4,0.0,2,Oui,Oui,68768.61,Non
9839,15738166,Hsu,596,France,Femme,39.0,10,43273.145,1,Non,Oui,65884.49,Non
9840,15596575,Vale,615,Allemagne,Homme,39.0,5,56596.755,2,Oui,Oui,26083.125,Non
9841,15736043,Hamilton,638,France,Homme,34.0,6,57271.635,1,Oui,Oui,48877.645,Non
9842,15782879,Lang,656,France,Homme,,2,0.0,2,Oui,Oui,90276.74,Non
9843,15633474,Whitehead,586,,Homme,51.0,2,69276.785,1,Oui,Oui,46203.11,Non
9844,15800554,Perry,850,France,Femme,81.0,1,0.0,2,Oui,Oui,29784.12,Non
9845,15631481,Thomson,673,France,Homme,51.0,8,39781.68,2,Oui,Oui,86100.455,Non
9846,15803840,Forbes,729,France,Femme,32.0,9,0.0,2,Non,Non,75401.72,Non
9847,15800583,Chukwuemeka,621,Espagne,Femme,43.0,8,0.0,1,Non,Non,51403.3,Non
9848,15709117,Fanucci,823,Espagne,Femme,46.0,3,40788.375,1,Oui,Oui,14185.475,Oui
9849,15795079,Nnaife,596,Espagne,Homme,67.0,6,0.0,2,Oui,Oui,69175.37,Non
9850,15670343,Li,576,Espagne,Homme,19.0,6,0.0,2,Non,Non,36153.035,Non
9851,15724876,McGregor,560,France,Femme,38.0,5,41857.205,1,Oui,Oui,16622.985,Non
9852,15663441,Golibe,700,Allemagne,Femme,40.0,4,74285.535,1,Oui,Non,94913.48,Oui
9853,15580227,Moss,803,France,Homme,33.0,6,0.0,2,Oui,Non,57838.305,Non
9854,15739850,Trentino,645,,Homme,,6,77708.805,1,Non,Oui,1724.61,Non
9855,15609475,Ricci,604,Espagne,Femme,39.0,7,49272.055,1,Oui,Oui,26163.785,Non
9856,15627697,Alekseyeva,662,France,Homme,34.0,2,0.0,2,Non,Oui,10748.635,Non
9857,15814040,Munroe,610,France,Femme,45.0,1,0.0,2,Oui,Oui,,Non
9858,15725665,Lo,679,France,Homme,47.0,10,99273.05,2,Oui,Non,,Oui
9859,15815236,Chiganu,574,Espagne,Homme,34.0,5,0.0,2,Non,Non,14134.93,Non
9860,15793671,Watt,606,France,Homme,34.0,5,0.0,1,Oui,Non,80985.71,Non
9861,15812197,Kline,850,France,Homme,38.0,7,40146.99,1,Non,Non,63277.87,Non
9862,15630709,Castiglione,619,Allemagne,Femme,31.0,2,28058.15,2,Non,Non,1090.97,Non
9863,15729908,Allan,411,France,Femme,36.0,10,0.0,1,Non,Non,60347.175,Non
9864,15569178,Kharlamov,570,France,Femme,18.0,4,41383.71,1,Oui,Non,35905.95,Non
9865,15705009,Cartwright,649,France,Femme,56.0,8,78487.13,1,Oui,Non,44702.63,Oui
9866,15807473,Morehead,503,France,Homme,38.0,1,0.0,2,Oui,Oui,47576.62,Non
9867,15778345,Stevens,749,France,Femme,,1,37192.99,1,Oui,Non,10082.235,Non
9868,15704763,Kozlova,523,Allemagne,Femme,39.0,1,71951.555,1,Oui,Oui,59355.875,Oui
9869,15697045,Pisani,726,Espagne,Femme,35.0,9,0.0,2,Non,Oui,50278.49,Non
9870,15649536,Wong,741,Allemagne,Homme,38.0,4,64007.915,1,Oui,Non,29220.215,Non
9871,15697510,Tien,707,Espagne,Femme,52.0,7,0.0,1,Oui,Non,54844.41,Oui
9872,15742297,Sinclair,715,France,Homme,35.0,2,70502.735,1,Oui,Oui,30203.965,Non
9873,15595883,Nkemdirim,540,Allemagne,Homme,39.0,4,63639.155,1,Oui,Oui,8075.17,Non
9874,15614215,Oguejiofor,717,France,Homme,53.0,6,0.0,2,Non,Oui,48807.435,Non
9875,15764726,Kerr,563,France,Homme,22.0,3,68791.52,1,Non,Oui,2895.925,Non
9876,15607713,Kaeppel,850,,Femme,29.0,1,0.0,2,Oui,Oui,98998.325,Non
9877,15686461,Sarratt,558,France,Femme,,7,60617.525,2,Oui,Oui,58126.55,Non
9878,15677955,Tsui,757,Allemagne,Homme,,1,61044.335,1,Oui,Non,21290.545,Non
9879,15631639,Uspensky,704,France,Femme,40.0,6,47726.445,1,Non,Oui,89982.275,Non
9880,15641604,Frolova,850,France,Femme,55.0,10,49244.04,1,Oui,Non,77939.785,Oui
9881,15755262,McDonald,608,Espagne,Femme,41.0,3,44881.92,1,Non,Non,99652.37,Oui
9882,15776128,Hs?,716,France,Femme,44.0,6,77557.45,1,Non,Non,66935.915,Non
9883,15698324,Azikiwe,725,France,Femme,33.0,4,0.0,1,Oui,Oui,33939.9,Non
9884,15753110,McKay,720,Espagne,Homme,64.0,3,22876.39,2,Oui,Non,39811.64,Oui
9885,15709199,Burson,511,Espagne,Femme,40.0,1,0.0,1,Oui,Oui,92059.365,Non
9886,15714485,Udinese,774,France,Homme,60.0,5,42945.775,1,Oui,Non,37067.74,Oui
9887,15660144,Balashov,660,France,Homme,38.0,4,0.0,2,Non,Non,44040.215,Non
9888,15686345,McCaffrey,828,Espagne,Homme,34.0,9,0.0,2,Oui,Oui,40926.99,Non
9889,15662884,Naylor,739,Allemagne,Homme,58.0,1,55298.88,1,Non,Oui,80061.33,Oui
9890,15751524,Chigozie,677,Allemagne,Femme,36.0,10,34403.42,1,Oui,Non,16537.62,Non
9891,15690958,Cantrell,767,Allemagne,Homme,23.0,2,69771.41,1,Non,Oui,14019.14,Non
9892,15734917,Castiglione,708,Allemagne,Homme,21.0,8,66987.18,2,Oui,Non,25147.045,Non
9893,15791533,Ch'ien,367,Espagne,Homme,42.0,6,46804.14,1,Oui,Non,84408.365,Oui
9894,15712584,Liao,670,France,Femme,33.0,7,0.0,2,Oui,Oui,44093.905,Non
9895,15578156,Anenechukwu,615,Espagne,Homme,32.0,5,69260.915,1,Oui,Oui,,Non
9896,15636089,Hs?,678,Allemagne,Femme,51.0,1,72875.515,1,Non,Non,54859.22,Oui
9897,15684440,Monaldo,548,Allemagne,Homme,32.0,2,49493.14,1,Oui,Oui,27933.69,Non
9898,15654230,Miller,526,Allemagne,Homme,,5,72768.605,1,Oui,Non,66202.32,Non
9899,15641158,Belcher,739,Allemagne,Homme,32.0,3,51064.135,1,Oui,Non,31990.685,Oui
9900,15793346,Ofodile,602,France,Femme,72.0,3,0.0,2,Oui,Oui,85630.33,Non
9901,15708196,Uchenna,696,Espagne,Homme,60.0,8,44393.405,1,Oui,Oui,98429.2,Non
9902,15664339,Yu,775,Espagne,Homme,48.0,4,89072.455,2,Non,Non,25084.205,Oui
9903,15614302,Crotty,699,Allemagne,Femme,31.0,10,62918.93,2,Oui,Non,94696.33,Non
9904,15669219,Wilson,588,Allemagne,Homme,35.0,3,52178.19,1,Oui,Non,47249.41,Non
9905,15785611,Onyeoruru,752,Allemagne,Homme,38.0,3,91551.145,1,Oui,Oui,35778.56,Non
9906,15771299,Nnachetam,707,France,Femme,57.0,1,46026.5,1,Oui,Oui,82032.22,Oui
9907,15780220,Pauley,656,France,Homme,,10,0.0,1,Oui,Oui,68260.91,Non
9908,15627002,Taylor,728,France,Homme,38.0,1,57967.37,1,Oui,Oui,69529.525,Non
9909,15771997,Bryant,791,France,Femme,31.0,10,37749.62,1,Oui,Non,11092.07,Non
9910,15639946,Sazonova,597,Allemagne,Femme,39.0,8,81266.07,3,Oui,Non,18025.73,Oui
9911,15606613,Samson,655,France,Femme,59.0,7,0.0,1,Oui,Non,44479.245,Oui
9912,15750099,Marshall,731,France,Femme,36.0,6,0.0,1,Non,Non,76064.18,Non
9913,15775905,Moore,612,Allemagne,Femme,47.0,6,65012.435,1,Oui,Oui,22875.105,Oui
9914,15703068,Nixon,716,Allemagne,Homme,41.0,8,63072.77,2,Oui,Oui,69025.595,Non
9915,15592461,Jackson,603,Allemagne,Homme,26.0,4,54583.185,1,Oui,Oui,46420.335,Non
9916,15724443,Taylor,703,Allemagne,Femme,29.0,3,61042.315,1,Non,Oui,41412.04,Non
9917,15694852,Arcuri,575,France,Homme,29.0,4,60911.7,2,Oui,Oui,25184.435,Non
9918,15596165,Degtyarev,547,,Homme,25.0,4,49070.785,2,Oui,Oui,26154.9,Non
9919,15783097,Lombardo,813,Allemagne,Homme,27.0,6,55674.075,1,Oui,Non,23211.23,Non
9920,15795290,Nikitina,767,France,Femme,42.0,2,66808.195,1,Oui,Non,14307.9,Non
9921,15701074,Herz,629,Allemagne,Homme,35.0,8,56165.415,1,Oui,Oui,45500.51,Non
9922,15647111,White,794,Espagne,Femme,22.0,4,57220.12,1,Oui,Oui,53876.535,Non
9923,15614213,Muramats,620,France,Homme,37.0,0,53774.47,1,Oui,Non,35587.97,Non
9924,15785183,Chukwuebuka,596,Espagne,Homme,29.0,2,0.0,2,Oui,Oui,795.595,Non
9925,15656333,Jen,574,France,Femme,33.0,3,67174.285,1,Oui,Non,31581.995,Non
9926,15623858,Charteris,603,France,Homme,45.0,9,0.0,1,Non,Non,74258.395,Non
9927,15610936,Becher,562,France,Homme,33.0,6,0.0,2,Oui,Non,55795.175,Non
9928,15765732,Simmons,564,,Femme,,6,74796.07,1,Oui,Oui,76885.9,Non
9929,15707025,Fang,648,Espagne,Femme,31.0,5,0.0,2,Oui,Oui,2599.51,Non
9930,15583371,Artemiev,632,Espagne,Homme,37.0,1,69103.54,1,Oui,Non,30389.055,Oui
9931,15693771,Y?an,651,,Femme,,8,47961.45,1,Oui,Non,42391.21,Oui
9932,15770424,Onyeorulu,541,Allemagne,Homme,40.0,7,47855.055,2,Oui,Non,24531.71,Non
9933,15734850,Milanesi,676,Espagne,Homme,36.0,1,41364.745,1,Oui,Non,56905.06,Non
9934,15591107,Flemming,723,Allemagne,Femme,68.0,3,55178.5,1,Non,Non,70988.77,Oui
9935,15810218,Sun,610,Espagne,Homme,29.0,9,0.0,3,Non,Oui,41956.12,Non
9936,15778149,Connolly,538,Espagne,Homme,68.0,9,0.0,2,Oui,Non,55220.25,Oui
9937,15641122,Wei,684,France,Homme,30.0,2,0.0,2,Oui,Non,41736.91,Non
9938,15757897,Binder,766,France,Femme,26.0,3,52129.4,1,Oui,Oui,214.115,Non
9939,15693088,Oliver,628,France,Femme,37.0,9,0.0,2,Oui,Oui,17344.885,Non
9940,15693690,Iweobiegbunam,574,Espagne,Homme,52.0,7,57766.26,1,Oui,Non,98128.835,Non
9941,15605827,Khan,645,France,Homme,39.0,8,0.0,2,Non,Non,48432.18,Non
9942,15677804,Aliyeva,783,Espagne,Homme,38.0,1,0.0,3,Oui,Oui,40089.27,Oui
9943,15717164,Genovese,485,Espagne,Homme,32.0,6,51119.005,2,Oui,Oui,97005.06,Non
9944,15614420,Gerasimova,531,Allemagne,Femme,32.0,0,54785.105,2,Oui,Oui,,Non
9945,15721504,King,731,Espagne,Homme,41.0,3,0.0,2,Oui,Non,50685.86,Non
9946,15671915,Bowen,649,France,Homme,46.0,5,0.0,2,Oui,Oui,38473.3,Non
9947,15692002,Skelton,538,France,Homme,33.0,6,46895.69,1,Oui,Oui,99624.645,Non
9948,15724161,Sutton,644,France,Femme,40.0,9,68642.63,4,Oui,Non,38531.815,Oui
9949,15608845,Tao,804,Espagne,Femme,38.0,3,62098.61,1,Oui,Non,,Non
9950,15752137,McElroy,648,France,Homme,33.0,7,67472.0,1,Oui,Oui,58518.19,Non
9951,15651336,Chidiebere,756,France,Femme,32.0,4,0.0,2,Oui,Non,73520.125,Non
9952,15756538,Osonduagwuike,654,France,Femme,37.0,5,0.0,1,Non,Oui,35746.14,Non
9953,15783882,Daly,771,Espagne,Femme,41.0,5,0.0,2,Non,Oui,46457.335,Non
9954,15691457,Boyle,674,Espagne,Homme,36.0,2,0.0,2,Oui,Oui,91393.585,Non
9955,15655360,Chikelu,782,Allemagne,Femme,72.0,5,74333.495,1,Oui,Non,1302.825,Oui
9956,15753591,He,438,France,Homme,38.0,2,0.0,2,Oui,Non,68429.775,Non
9957,15588446,Udinesi,550,Espagne,Homme,,3,0.0,2,Non,Non,65640.64,Non
9958,15632275,Trevisano,718,France,Homme,29.0,2,0.0,1,Oui,Non,63168.36,Non
9959,15658233,Naylor,724,France,Femme,41.0,5,54899.125,1,Non,Oui,74796.805,Non
9960,15766137,Muir,497,France,Homme,34.0,2,0.0,2,Oui,Oui,41543.565,Non
9961,15763327,Craig,835,France,Homme,32.0,8,62496.645,2,Oui,Oui,13774.03,Non
9962,15731148,Isayeva,558,France,Homme,33.0,0,54238.745,1,Oui,Oui,54548.355,Oui
9963,15719579,McIntosh,670,Allemagne,Femme,33.0,9,42260.74,2,Non,Oui,99008.525,Non
9964,15651823,Nkemjika,590,France,Femme,60.0,6,73875.875,1,Oui,Non,44103.02,Oui
9965,15597131,Fu,415,France,Homme,32.0,5,72903.795,1,Oui,Oui,1532.325,Non
9966,15781586,Osonduagwuike,837,Allemagne,Homme,38.0,2,63366.425,1,Oui,Oui,39788.69,Non
9967,15722473,Faulkner,713,France,Homme,41.0,3,0.0,2,Oui,Non,27886.02,Non
9968,15806880,Boyle,627,Espagne,Femme,30.0,6,0.0,1,Oui,Oui,56704.235,Non
9969,15805909,Bergamaschi,700,Espagne,Homme,28.0,8,79950.19,1,Non,Non,11349.28,Non
9970,15789863,Kazakova,683,France,Homme,39.0,4,0.0,2,Oui,Non,85858.405,Non
9971,15708505,Palerma,641,Allemagne,Femme,37.0,7,31487.32,2,Non,Oui,19508.215,Non
9972,15587421,Tsai,687,Allemagne,Femme,34.0,7,55694.09,2,Oui,Non,74282.38,Non
9973,15645353,Chubb,607,France,Homme,26.0,1,0.0,1,Oui,Non,14909.1,Non
9974,15599829,Padovesi,577,France,Femme,35.0,10,0.0,2,Oui,Oui,12580.805,Non
9975,15814536,Conti,549,France,Homme,37.0,2,56270.77,2,Non,Non,23716.215,Non
9976,15627395,Manners,643,Allemagne,Homme,41.0,7,77451.33,1,Oui,Oui,24833.64,Non
9977,15727021,Obialo,727,Allemagne,Femme,30.0,8,59513.64,2,Oui,Oui,68951.77,Non
9978,15793425,Watt,560,Espagne,Femme,33.0,9,0.0,1,Non,Oui,91679.105,Non
9979,15785920,Black,687,Allemagne,Homme,35.0,1,62570.62,2,Oui,Oui,74268.535,Non
9980,15602812,Holmes,684,Allemagne,Femme,44.0,2,66888.43,2,Non,Oui,24932.52,Non
9981,15765982,Chin,735,France,Homme,41.0,7,37067.925,1,Oui,Oui,5891.55,Oui
9982,15733261,Kung,688,Espagne,Femme,35.0,6,0.0,1,Oui,Non,12744.215,Oui
9983,15755649,Winter-Irving,584,Allemagne,Homme,47.0,7,65269.385,1,Oui,Non,46457.92,Non
9984,15718039,Ferguson,606,Allemagne,Femme,,0,68569.1,2,Non,Oui,26892.11,Non
9985,15572728,Ross,704,Espagne,Homme,36.0,8,63698.67,1,Oui,Non,75667.62,Non
9986,15584338,Winn,714,France,Femme,40.0,0,0.0,2,Oui,Non,31381.06,Non
9987,15718153,Kao,759,Espagne,Femme,74.0,6,64458.92,1,Oui,Oui,24122.32,Non
9988,15704681,Yeh,766,Allemagne,Homme,37.0,2,49830.065,2,Non,Oui,,Non
9989,15685329,McKenzie,531,France,Femme,63.0,1,57357.855,1,Non,Oui,12253.475,Oui
9990,15713826,Ferguson,613,Allemagne,Femme,20.0,0,58678.095,1,Non,Non,56778.85,Oui
9991,15584899,Siciliani,617,France,Femme,35.0,5,0.0,2,Non,Oui,6533.15,Non
9992,15726313,Napolitani,687,Espagne,Femme,50.0,5,0.0,2,Oui,Non,55115.2,Non
9993,15749557,Chao,707,France,Femme,44.0,6,0.0,2,Oui,Oui,96271.085,Non
9994,15663252,Olisanugo,850,Espagne,Femme,32.0,9,0.0,2,Oui,Oui,9462.46,Non
9995,15624471,Chikwado,850,France,Homme,37.0,6,0.0,2,Oui,Non,54645.61,Non
9996,15596647,Henderson,768,France,Homme,54.0,8,34856.37,1,Oui,Oui,34690.525,Non
9997,15681075,Chukwualuka,682,France,Femme,58.0,1,0.0,1,Oui,Oui,353.25,Non
9998,15573851,Macrossan,735,France,Femme,38.0,1,0.0,3,Non,Non,,Oui
9999,15807663,McGregor,667,,Homme,43.0,8,95113.73,1,Oui,Non,48754.02,Oui
10000,15706268,Smith,697,Allemagne,Homme,51.0,1,73955.15,1,Oui,Oui,26790.57,Non
10001,15815691,Chiang,553,France,Homme,41.0,1,0.0,2,Oui,Non,45303.655,Non
10002,15815692,Boni,668,Espagne,Homme,38.0,1,73952.155,1,Oui,Oui,34685.025,Non
10003,15815693,Wang,653,France,Homme,51.0,3,0.0,1,Oui,Non,85213.325,Oui
10004,15815694,Lorenzo,678,France,Homme,60.0,8,92824.28,1,Non,Non,96078.27,Oui
10005,15815695,Bailey,684,France,Homme,,9,0.0,2,Oui,Oui,32628.785,Non
10006,15815696,Arcuri,602,Espagne,Homme,,8,49191.36,1,Oui,Non,19771.0,Non
10007,15815697,Cheng,576,France,Homme,39.0,1,0.0,2,Oui,Oui,34407.115,Non
10008,15815698,Ferrari,757,Allemagne,Femme,43.0,5,65716.665,2,Oui,Oui,1748.715,Oui
10009,15815699,Ajuluchukwu,597,France,Femme,53.0,4,44190.605,1,Oui,Non,34692.355,Oui
10010,15815700,Manna,749,Espagne,Femme,46.0,9,33291.405,1,Oui,Non,39376.56,Oui
10011,15815701,Volkova,628,Espagne,Homme,43.0,3,92463.305,1,Oui,Non,61468.785,Non
10012,15815702,Williams,731,France,Homme,29.0,10,0.0,2,Oui,Oui,81226.325,Non
10013,15815703,Tao,630,Allemagne,Homme,29.0,6,65677.195,1,Non,Oui,4662.155,Oui
10014,15815704,Barese,541,France,Homme,39.0,7,0.0,2,Oui,Non,9911.51,Non
10015,15815705,Armfield,727,France,Homme,35.0,5,68182.23,1,Non,Non,71377.355,Non
10016,15815706,Brewer,658,Allemagne,Homme,37.0,3,84367.87,2,Non,Non,35185.12,Non
10017,15815707,Leckie,768,Allemagne,Homme,37.0,9,54154.055,1,Oui,Non,20894.125,Oui
10018,15815708,Y?an,651,,Femme,,8,47961.45,1,Oui,Non,42391.21,Oui
10019,15815709,Evans,662,France,Femme,,6,0.0,2,Oui,Non,25614.585,Non
10020,15815710,Davide,784,France,Homme,31.0,7,0.0,2,Oui,Oui,71602.205,Non
10021,15815711,Monaldo,548,Allemagne,Homme,32.0,2,49493.14,1,Oui,Oui,27933.69,Non
10022,15815712,Eluemuno,768,France,Homme,29.0,2,47992.345,2,Oui,Oui,36843.375,Non
10023,15815713,Uvarova,614,Espagne,Homme,35.0,2,63641.89,1,Oui,Oui,15651.175,Non
10024,15815714,Anderson,709,France,Homme,44.0,9,64300.99,1,Oui,Non,,Non
10025,15815715,Hansen,691,France,Homme,38.0,7,0.0,2,Non,Non,40808.7,Non
10026,15815716,Herz,629,Allemagne,Homme,35.0,8,56165.415,1,Oui,Oui,45500.51,Non
10027,15815717,Gregory,673,Allemagne,Femme,41.0,9,49306.05,1,Oui,Non,75674.675,Non
10028,15815718,Obiuto,798,France,Homme,37.0,8,0.0,3,Non,Non,55391.64,Non
10029,15815719,Robinson,696,Allemagne,Femme,35.0,4,87451.13,1,Oui,Non,,Non
10030,15815720,Nnamutaezinwa,539,Allemagne,Femme,,8,41203.755,1,Oui,Non,6561.705,Non
10031,15815721,Okechukwu,587,Allemagne,Homme,35.0,5,60931.805,1,Oui,Oui,11740.845,Oui
10032,15815722,Fiorentino,550,Espagne,Homme,51.0,5,0.0,2,Oui,Non,76958.705,Non
10033,15815723,Davidson,692,Espagne,Femme,49.0,9,0.0,2,Oui,Non,89171.315,Non
10034,15815724,Robinson,575,Espagne,Homme,52.0,8,61962.615,1,Non,Non,55671.33,Oui
10035,15815725,Maclean,501,Espagne,Homme,43.0,6,52266.62,1,Non,Non,40561.795,Oui
10036,15815726,Dawkins,592,France,Homme,60.0,9,0.0,4,Oui,Oui,6807.005,Oui
10037,15815727,Abramova,661,Allemagne,Homme,41.0,5,61276.24,2,Non,Oui,60323.2,Non
10038,15815728,Cole,524,France,Femme,36.0,10,0.0,2,Oui,Non,54807.285,Non
10039,15815729,Vorobyova,513,Allemagne,Homme,34.0,7,30257.565,1,Non,Non,,Non
10040,15815730,Brooks,727,France,Homme,61.0,0,64106.98,2,Oui,Oui,94364.54,Oui
10041,15815731,Sinclair,518,France,Femme,38.0,10,42382.395,1,Oui,Oui,,Non
10042,15815732,Ch'iu,579,Espagne,Homme,56.0,4,49670.415,1,Non,Non,2261.87,Oui
10043,15815733,Ayers,584,France,Homme,38.0,9,52292.08,1,Oui,Non,88339.36,Non
10044,15815734,Archer,523,France,Homme,,1,41590.645,1,Oui,Oui,69088.39,Non
10045,15815735,Rendall,529,France,Femme,31.0,6,76155.275,1,Oui,Non,6527.125,Non
10046,15815736,O'Brien,741,France,Femme,36.0,3,0.0,2,Oui,Oui,,Non
10047,15815737,Kemp,785,France,Femme,39.0,1,65073.99,1,Oui,Non,,Oui
10048,15815738,Longo,552,France,Femme,41.0,9,62174.67,1,Oui,Non,67817.625,Non
10049,15815739,Pinto,567,Espagne,Homme,40.0,8,14324.82,1,Oui,Oui,47570.31,Non
10050,15815740,Morgan,519,Allemagne,Homme,38.0,1,57070.82,1,Oui,Oui,30494.105,Oui
10051,15815741,Pisani,577,France,Femme,34.0,2,0.0,2,Oui,Oui,42016.675,Non
10052,15815742,Hsieh,690,France,Homme,21.0,8,0.0,2,Oui,Oui,,Non
10053,15815743,Emenike,645,Allemagne,Homme,41.0,2,46962.65,1,Oui,Non,61991.07,Oui
10054,15815744,Brown,637,Allemagne,Femme,27.0,7,67921.445,1,Oui,Oui,50709.025,Non
10055,15815745,Hernandez,741,France,Homme,29.0,8,0.0,2,Oui,Oui,57997.26,Non
10056,15815746,Edwards,643,France,Homme,39.0,7,0.0,2,Oui,Oui,85196.295,Non
10057,15815747,Carandini,538,France,Femme,,3,37525.745,1,Non,Non,8841.01,Oui
10058,15815748,Bishop,508,France,Femme,60.0,7,71631.02,1,Oui,Oui,64781.37,Non
10059,15815749,Crawford,607,Espagne,Femme,25.0,4,60583.445,1,Non,Oui,57644.12,Non
10060,15815750,Hu,650,Allemagne,Femme,25.0,2,57165.475,1,Oui,Oui,12662.535,Non
10061,15815751,Bowen,733,Espagne,Homme,35.0,8,51459.19,1,Oui,Oui,22979.93,Non
10062,15815752,Hsiung,488,France,Femme,31.0,8,48794.3,1,Non,Non,62105.265,Non
10063,15815753,Schneider,667,France,Homme,36.0,9,0.0,2,Oui,Oui,20031.145,Non
10064,15815754,Chiazagomekpere,488,France,Femme,36.0,0,0.0,2,Oui,Non,68337.61,Non
10065,15815755,Chan,496,France,Homme,30.0,0,45481.745,1,Non,Oui,13901.0,Non
10066,15815756,Roberts,635,France,Homme,33.0,1,0.0,3,Non,Non,89033.665,Oui
10067,15815757,Andersen,559,France,Homme,62.0,6,59378.31,1,Oui,Oui,10183.84,Non
10068,15815758,Okeke,698,Allemagne,Femme,40.0,8,75388.55,1,Oui,Non,57366.31,Non
10069,15815759,Baker,702,Espagne,Femme,38.0,2,0.0,1,Oui,Oui,80944.315,Non
10070,15815760,Chapman,791,France,Femme,44.0,5,0.0,2,Oui,Oui,61988.93,Oui
10071,15815761,Fang,705,Espagne,Femme,57.0,3,0.0,2,Oui,Oui,17067.07,Non
10072,15815762,Hsueh,485,France,Homme,29.0,7,91061.895,1,Oui,Non,58414.255,Oui
10073,15815763,Williamson,523,France,Homme,22.0,8,61687.23,1,Oui,Oui,62453.295,Non
10074,15815764,Catchpole,591,France,Femme,34.0,3,48063.635,1,Non,Non,15486.03,Non
10075,15815765,Kao,547,France,Femme,35.0,4,0.0,1,Oui,Oui,66643.865,Non
10076,15815766,Morrison,718,France,Homme,35.0,3,48780.08,1,Oui,Oui,26755.87,Non
10077,15815767,Kaleski,644,France,Homme,31.0,5,0.0,2,Oui,Oui,20936.085,Non
10078,15815768,Udinese,712,Espagne,Homme,27.0,10,0.0,1,Oui,Non,47272.44,Non
10079,15815769,McElyea,554,France,Femme,30.0,9,0.0,2,Oui,Oui,20160.15,Non
10080,15815770,Esquivel,636,France,Homme,36.0,5,58779.525,2,Oui,Oui,55786.65,Non
10081,15815771,Munro,743,Allemagne,Femme,34.0,1,65868.44,1,Oui,Oui,54271.605,Non
10082,15815772,Piccio,546,France,Homme,28.0,8,0.0,1,Oui,Non,79627.145,Non
10083,15815773,Alexander,577,Espagne,Homme,41.0,4,44507.805,1,Non,Oui,,Non
10084,15815774,Hsu,850,Allemagne,Femme,44.0,5,64302.66,1,Non,Oui,85548.1,Non
10085,15815775,Fiorentini,766,Espagne,Homme,41.0,6,49604.23,2,Oui,Non,31201.19,Non
10086,15815776,Gibson,660,Allemagne,Homme,28.0,1,59201.125,2,Oui,Non,7144.465,Non
10087,15815777,Genovese,477,France,Femme,57.0,9,57011.82,2,Oui,Oui,35583.585,Oui
10088,15815778,Langdon,770,Allemagne,Homme,37.0,5,70773.63,2,Non,Oui,90163.415,Non
10089,15815779,Gorbunov,678,France,Homme,40.0,1,0.0,2,Oui,Oui,93671.7,Non
10090,15815780,Joshua,640,Espagne,Homme,43.0,9,86239.075,1,Oui,Non,95542.2,Oui
10091,15815781,Roberts,663,Espagne,Homme,27.0,8,0.0,1,Oui,Oui,94003.995,Non
10092,15815782,Dickinson,589,Allemagne,Femme,41.0,7,46309.31,1,Oui,Oui,,Non
10093,15815783,Kapustin,635,Allemagne,Homme,37.0,5,56744.34,1,Oui,Non,47805.87,Oui
10094,15815784,Bremer,579,Allemagne,Femme,42.0,3,68780.19,2,Oui,Oui,42712.17,Non
10095,15815785,Shaw,727,Espagne,Femme,31.0,10,48498.545,2,Non,Non,38307.02,Non
10096,15815786,Ponce,603,Allemagne,Homme,35.0,1,61703.845,1,Oui,Non,76270.945,Oui
10097,15815787,Clements,654,France,Homme,47.0,10,0.0,2,Oui,Non,85240.99,Non
10098,15815788,Kharlamova,740,Espagne,Homme,43.0,9,0.0,1,Oui,Non,99645.34,Oui
10099,15815789,Okoli,694,Espagne,Femme,37.0,3,0.0,2,Oui,Oui,73506.11,Non
10100,15815790,Shao,662,Espagne,Femme,35.0,6,0.0,2,Non,Non,1211.95,Oui
10101,15815791,Coles,663,France,Femme,42.0,5,62313.035,1,Oui,Oui,39002.25,Non
10102,15815792,Levan,823,France,Homme,37.0,5,82429.09,1,Oui,Oui,86758.355,Non
10103,15815793,McGregor,646,France,Femme,34.0,3,65641.555,1,Non,Non,65250.325,Non
10104,15815794,Ch'ang,824,Allemagne,Homme,77.0,3,13758.575,2,Non,Oui,1373.205,Non
10105,15815795,Richardson,593,France,Femme,39.0,0,58852.365,1,Oui,Non,98966.75,Non
10106,15815796,Moretti,630,France,Homme,37.0,6,0.0,2,Oui,Oui,41323.825,Non
10107,15815797,Tseng,815,Espagne,Femme,39.0,6,0.0,1,Oui,Oui,42583.94,Non
10108,15815798,Chukwubuikem,678,Allemagne,Femme,30.0,1,69838.475,2,Non,Oui,,Non
10109,15815799,Fleming,621,France,Homme,27.0,4,68501.84,1,Oui,Non,10627.03,Non
10110,15815800,Gardiner,642,France,Homme,,9,59158.635,4,Non,Non,39351.49,Oui
10111,15815801,Eipper,850,Allemagne,Homme,42.0,6,42222.84,3,Non,Oui,30010.67,Oui
10112,15815802,Ch'eng,758,France,Femme,33.0,7,0.0,1,Oui,Non,94078.17,Non
10113,15815803,Steere,676,Allemagne,Femme,26.0,1,54174.33,1,Non,Non,30115.87,Oui
10114,15815804,Rogers,835,Allemagne,Homme,20.0,4,62182.71,1,Non,Non,,Oui
10115,15815805,Walker,682,France,Femme,48.0,7,0.0,2,Oui,Non,32534.515,Non
10116,15815806,Chuang,750,Espagne,Femme,34.0,9,56411.13,1,Non,Non,75200.765,Oui
10117,15815807,Seleznyov,605,Allemagne,Homme,75.0,2,30659.815,1,Non,Oui,,Non
10118,15815808,Jackson,717,France,Femme,,4,0.0,2,Oui,Oui,85264.315,Non
10119,15815809,Tung,772,France,Homme,23.0,2,0.0,2,Oui,Non,9182.095,Non
10120,15815810,Long,619,France,Femme,33.0,2,83866.755,2,Oui,Oui,32611.24,Non
10121,15815811,Simmons,616,France,Homme,34.0,10,0.0,2,Oui,Non,12831.135,Non
10122,15815812,Wakelin,692,,Femme,29.0,4,0.0,2,Non,Non,69440.12,Non
10123,15815813,Stevenson,520,Allemagne,Femme,23.0,3,58011.265,2,Oui,Oui,18788.83,Non
10124,15815814,Iadanza,677,France,Homme,30.0,1,39066.575,1,Non,Oui,87112.94,Non
10125,15815815,Sullivan,672,Allemagne,Femme,23.0,10,55370.78,1,Oui,Non,40389.25,Non
10126,15815816,Chidozie,609,France,Homme,34.0,1,0.0,1,Oui,Oui,90588.95,Non
10127,15815817,Ibekwe,601,France,Femme,37.0,5,0.0,1,Non,Non,10354.3,Non
10128,15815818,Mordvinova,659,Allemagne,Homme,36.0,2,38095.24,2,Oui,Oui,74533.07,Non
10129,15815819,Hayes,764,France,Femme,44.0,1,0.0,2,Oui,Oui,5733.69,Non
10130,15815820,Page,643,Espagne,Femme,34.0,8,58725.735,1,Oui,Non,32687.43,Non
10131,15815821,Longo,711,Allemagne,Homme,43.0,2,19521.645,2,Oui,Oui,87711.845,Non
10132,15815822,Collier,688,Allemagne,Homme,29.0,9,72276.75,2,Oui,Non,71727.475,Non
10133,15815823,Walsh,573,France,Femme,23.0,2,0.0,1,Oui,Non,61482.09,Non
10134,15815824,Lei,628,Allemagne,Femme,61.0,1,48680.83,1,Oui,Oui,74961.19,Oui
10135,15815825,McCarthy,695,Espagne,Femme,35.0,7,39929.065,2,Oui,Oui,63988.83,Non
10136,15815826,Reyes,709,France,Homme,38.0,5,0.0,2,Oui,Oui,40726.145,Non
10137,15815827,Ch'iu,607,Allemagne,Homme,32.0,9,72136.035,2,Oui,Non,88290.315,Non
10138,15815828,Dickson,716,Allemagne,Homme,50.0,2,59827.885,1,Oui,Oui,6472.085,Oui
10139,15815829,Parkin,572,France,Femme,36.0,8,34174.09,2,Non,Oui,25200.16,Non
10140,15815830,Martin,835,France,Homme,23.0,9,0.0,1,Oui,Non,9896.865,Oui
10141,15815831,H?,850,Espagne,Femme,54.0,4,60476.37,1,Oui,Non,33481.575,Non
10142,15815832,Hollis,543,Espagne,Homme,23.0,5,0.0,2,Oui,Non,58916.195,Non
10143,15815833,Sal,701,France,Femme,35.0,2,0.0,2,Oui,Oui,32882.61,Non
10144,15815834,He,567,France,Homme,36.0,1,0.0,2,Non,Non,4277.865,Non
10145,15815835,Alexander,659,France,Homme,20.0,8,0.0,2,Non,Non,56286.01,Non
10146,15815836,Hsiao,443,Allemagne,Homme,50.0,3,58603.15,1,Oui,Non,21420.09,Oui
10147,15815837,Obidimkpa,527,Allemagne,Femme,30.0,6,63331.755,1,Oui,Oui,81133.955,Non
10148,15815838,Ramsbotham,583,Espagne,Femme,40.0,4,0.0,2,Oui,Non,,Non
10149,15815839,Summers,634,Allemagne,Homme,35.0,6,58134.505,1,Oui,Non,64982.47,Non
10150,15815840,Reye,556,France,Femme,36.0,2,67104.11,1,Non,Oui,88835.285,Non
10151,15815841,Schnaars,430,France,Femme,60.0,7,36968.51,1,Oui,Non,80968.81,Oui
10152,15815842,Brennan,589,France,Femme,46.0,10,53619.425,2,Oui,Non,18512.14,Non
10153,15815843,Marcum,684,Allemagne,Homme,37.0,4,69238.205,2,Oui,Oui,26183.645,Non
10154,15815844,Chin,776,France,Femme,31.0,2,0.0,2,Oui,Oui,56174.755,Non
10155,15815845,Tillman,515,France,Homme,48.0,5,64693.97,1,Non,Oui,73977.955,Oui
10156,15815846,Ting,578,France,Homme,30.0,4,84731.045,1,Oui,Non,56093.555,Non
10157,15815847,Taylor,608,Allemagne,Homme,42.0,8,65695.375,2,Oui,Non,35589.045,Non
10158,15815848,Hsu,819,France,Femme,38.0,10,0.0,2,Oui,Non,15249.35,Non
10159,15815849,Morgan,754,Espagne,Femme,32.0,7,0.0,2,Oui,Non,44760.375,Non
10160,15815850,Cocci,780,,Femme,37.0,3,0.0,2,Non,Non,91078.405,Oui
10161,15815851,Chu,457,France,Homme,40.0,10,67160.115,2,Oui,Non,75378.675,Non
10162,15815852,Gay,562,France,Femme,51.0,1,62331.27,1,Oui,Oui,32695.23,Oui
10163,15815853,Chialuka,651,,Homme,29.0,3,60945.03,1,Oui,Non,27265.255,Oui
10164,15815854,Vasin,556,France,Homme,26.0,4,0.0,1,Oui,Non,97583.69,Non
10165,15815855,Bruno,776,France,Homme,37.0,2,0.0,1,Non,Oui,4032.5,Non
10166,15815856,Romani,481,France,Homme,44.0,9,87651.53,1,Oui,Non,32750.265,Oui
10167,15815857,Chambers,837,France,Femme,29.0,9,0.0,2,Oui,Oui,20933.13,Non
10168,15815858,Hsiung,550,Espagne,Homme,62.0,7,40463.78,1,Non,Oui,32245.335,Non
10169,15815859,Onyeorulu,728,France,Homme,34.0,4,53164.04,1,Oui,Non,44340.325,Non
10170,15815860,Grigoryeva,701,France,Femme,34.0,3,52794.33,1,Non,Oui,37347.205,Non
10171,15815861,Sung,571,France,Femme,23.0,10,75548.64,1,Non,Oui,8581.875,Non
10172,15815862,Aliyeva,698,,Homme,38.0,10,47505.46,1,Oui,Oui,52613.93,Non
10173,15815863,Alexandrova,606,Espagne,Femme,23.0,10,35208.895,1,Non,Oui,45448.02,Non
10174,15815864,Miranda,727,Allemagne,Homme,21.0,8,76672.36,1,Oui,Oui,81647.935,Non
10175,15815865,Beneventi,582,Allemagne,Homme,26.0,6,57225.16,1,Oui,Oui,7040.82,Non
10176,15815866,Walkom,605,Espagne,Homme,33.0,5,75046.4,1,Non,Non,35931.395,Non
10177,15815867,Rose,671,Allemagne,Femme,34.0,6,18633.335,2,Non,Non,78458.56,Non
10178,15815868,DeRose,626,France,Homme,33.0,8,0.0,2,Oui,Non,69252.14,Non
10179,15815869,Browne,580,Allemagne,Homme,45.0,2,89667.415,2,Oui,Oui,84651.825,Non
10180,15815870,Streeter,746,Espagne,Homme,31.0,2,56918.135,1,Oui,Oui,87407.77,Non
10181,15815871,Meng,564,Espagne,Homme,31.0,5,60730.935,1,Oui,Oui,10216.045,Oui
10182,15815872,Burke,631,Allemagne,Homme,37.0,8,69146.32,2,Non,Non,76211.455,Oui
10183,15815873,McMinn,660,Allemagne,Homme,46.0,5,54509.825,2,Oui,Oui,16840.28,Non
10184,15815874,Colombo,850,Allemagne,Homme,42.0,8,59919.845,1,Non,Oui,25508.01,Oui
10185,15815875,Horsley,509,Espagne,Homme,29.0,1,0.0,2,Oui,Non,34556.57,Non
10186,15815876,Sabbatini,593,France,Homme,41.0,6,0.0,2,Oui,Oui,49568.245,Non
10187,15815877,Toscani,498,Allemagne,Homme,25.0,8,60851.365,1,Oui,Oui,66105.245,Non
10188,15815878,Pirozzi,666,France,Homme,43.0,7,68890.37,2,Oui,Oui,59550.025,Oui
10189,15815879,Ku,690,France,Femme,36.0,6,55240.24,1,Non,Non,40646.165,Non
10190,15815880,Watson,490,Espagne,Homme,31.0,3,72630.115,1,Non,Oui,57033.385,Non
10191,15815881,Walker,613,Espagne,Homme,30.0,9,55963.725,1,Oui,Oui,87897.935,Non
10192,15815882,Chambers,645,France,Femme,40.0,3,64798.385,1,Oui,Oui,51616.3,Non
10193,15815883,Wright,572,France,Homme,24.0,1,0.0,2,Oui,Oui,75730.42,Non
10194,15815884,Ugoji,622,France,Homme,35.0,8,0.0,2,Oui,Oui,65886.255,Non
10195,15815885,Diribe,677,France,Femme,58.0,1,45011.425,1,Non,Oui,1494.14,Non
10196,15815886,Balashova,692,France,Homme,33.0,9,0.0,1,Oui,Non,56752.965,Oui
10197,15815887,Hs?,617,France,Femme,28.0,0,0.0,2,Oui,Oui,3798.915,Oui
10198,15815888,Zakharov,665,Allemagne,Homme,63.0,7,52234.79,1,Oui,Oui,12582.68,Oui
10199,15815889,Chao,692,Espagne,Femme,47.0,3,0.0,2,Oui,Non,75401.205,Oui
10200,15815890,Stephenson,634,Espagne,Homme,,2,42998.095,1,Oui,Non,7943.84,Non
10201,15815891,Carruthers,661,France,Homme,26.0,8,0.0,2,Non,Non,98437.935,Non
10202,15815892,Sanders,761,France,Femme,33.0,6,69026.895,2,Oui,Non,74389.705,Non
10203,15815893,Bradley,710,France,Homme,30.0,6,0.0,2,Oui,Oui,4495.585,Non
10204,15815894,Bryant,586,France,Femme,35.0,7,0.0,2,Oui,Non,35380.345,Non
10205,15815895,Moss,689,France,Homme,40.0,8,80136.135,1,Oui,Non,24828.12,Non
10206,15815896,Ch'iu,477,Espagne,Femme,48.0,2,64560.32,1,Non,Oui,13237.895,Non
10207,15815897,Kung,663,Allemagne,Femme,29.0,4,51357.325,2,Non,Non,10585.405,Non
10208,15815898,Gaffney,808,Allemagne,Femme,37.0,2,50215.92,1,Oui,Non,17570.245,Oui
10209,15815899,Turnbull,433,France,Femme,49.0,10,0.0,1,Oui,Oui,43855.805,Non
10210,15815900,Cooke,615,France,Homme,41.0,4,65192.91,1,Non,Oui,65330.975,Non
10211,15815901,Lujan,764,France,Femme,24.0,0,0.0,2,Oui,Non,44362.245,Non
10212,15815902,Uchechukwu,636,France,Femme,20.0,10,62133.43,1,Non,Non,50283.405,Non
10213,15815903,Greenhalgh,709,France,Femme,40.0,9,65784.815,1,Oui,Oui,51985.29,Non
10214,15815904,Baird,587,France,Femme,36.0,1,67498.745,2,Oui,Non,,Non
10215,15815905,Ts'ui,663,France,Homme,45.0,5,41597.56,1,Oui,Oui,24341.05,Non
10216,15815906,Rowe,704,France,Femme,33.0,0,65249.545,2,Oui,Oui,37402.18,Non
10217,15815907,Conti,686,France,Femme,41.0,10,0.0,1,Oui,Non,66543.225,Non
10218,15815908,Su,602,Allemagne,Femme,48.0,7,38297.54,2,Non,Non,63547.57,Non
10219,15815909,Zaytseva,624,Espagne,Femme,38.0,8,0.0,2,Oui,Non,47701.705,Non
10220,15815910,Dale,669,France,Homme,29.0,7,0.0,2,Oui,Oui,69072.81,Non
10221,15815911,Ch'in,588,Allemagne,Femme,48.0,1,71639.79,2,Oui,Non,,Oui
10222,15815912,Kang,735,Allemagne,Femme,43.0,9,49403.725,1,Non,Non,92285.02,Oui
10223,15815913,Townsley,633,Allemagne,Homme,58.0,2,64068.71,2,Oui,Non,73817.665,Oui
10224,15815914,Yermakova,678,Allemagne,Homme,36.0,1,58932.425,2,Oui,Non,13809.53,Non
10225,15815915,Castro,702,Allemagne,Femme,36.0,2,52632.44,2,Oui,Oui,26454.935,Non
10226,15815916,Hand,604,France,Femme,56.0,0,31366.325,1,Non,Oui,62477.28,Non
10227,15815917,Outhwaite,616,France,Femme,66.0,1,67921.205,1,Oui,Non,91920.255,Oui
10228,15815918,Thomson,726,France,Femme,32.0,8,0.0,2,Non,Non,92537.815,Non
10229,15815919,Nickson,632,France,Femme,40.0,9,69812.67,1,Oui,Non,46851.48,Oui
10230,15815920,Gunson,606,,Homme,40.0,6,59750.94,2,Oui,Non,23387.47,Non
10231,15815921,Gardiner,745,Allemagne,Homme,45.0,10,58615.815,3,Oui,Oui,61190.51,Oui
10232,15815922,Reppert,682,France,Femme,26.0,0,55327.01,1,Non,Oui,55939.605,Non
10233,15815923,McGregor,411,France,Femme,35.0,2,0.0,2,Oui,Oui,46912.89,Non
10234,15815924,Calabresi,684,Allemagne,Femme,48.0,10,63192.21,1,Oui,Oui,99064.68,Non
10235,15815925,Stiles,656,Espagne,Homme,47.0,1,0.0,2,Oui,Oui,98980.965,Non
10236,15815926,Endrizzi,512,France,Femme,41.0,8,72575.14,1,Oui,Non,32434.66,Oui
10237,15815927,Obiora,650,France,Femme,47.0,9,0.0,1,Oui,Non,93971.8,Non
10238,15815928,Hanson,659,France,Femme,56.0,9,61892.62,1,Oui,Non,,Oui
10239,15815929,Chigolum,631,Allemagne,Femme,33.0,4,61623.35,1,Non,Non,56343.785,Non
10240,15815930,Aitken,557,Allemagne,Homme,57.0,1,60021.565,1,Oui,Non,66185.375,Oui
10241,15815931,Kellway,739,Allemagne,Homme,29.0,3,29692.99,2,Oui,Oui,52766.98,Non
10242,15815932,Rhodes,790,Allemagne,Homme,42.0,1,42919.81,1,Oui,Non,99091.365,Non
10243,15815933,Manfrin,546,France,Femme,30.0,5,0.0,2,Non,Oui,,Non
10244,15815934,Russell,703,France,Homme,44.0,6,49431.27,1,Oui,Non,75758.35,Non
10245,15815935,Day,626,Espagne,Femme,37.0,6,54134.685,1,Oui,Non,2798.97,Non
10246,15815936,Knowles,771,Espagne,Femme,33.0,5,0.0,2,Oui,Non,4336.715,Non
10247,15815937,Woods,718,France,Femme,39.0,3,0.0,2,Oui,Oui,72677.555,Non
10248,15815938,Chu,729,Allemagne,Femme,39.0,1,65756.63,1,Oui,Oui,96857.5,Non
10249,15815939,Calabresi,743,France,Femme,40.0,6,0.0,1,Oui,Non,14140.4,Oui
10250,15815940,Wallace,773,France,Homme,45.0,8,48438.605,1,Oui,Oui,56975.255,Non
10251,15815941,Kung,666,France,Femme,66.0,7,0.0,2,Oui,Oui,49896.41,Non
10252,15815942,Ku,773,France,Femme,50.0,4,0.0,2,Oui,Non,64686.47,Non
10253,15815943,Ibekwe,676,Espagne,Homme,27.0,4,0.0,1,Non,Oui,53977.835,Non
10254,15815944,Azikiwe,637,France,Femme,33.0,7,51688.905,1,Oui,Non,42209.89,Non
10255,15815945,Trevisani,736,Allemagne,Homme,50.0,9,58154.505,1,Oui,Non,92680.2,Oui
10256,15815946,Onochie,774,France,Homme,36.0,7,51844.095,1,Non,Oui,59485.87,Non
10257,15815947,Belov,733,Espagne,Femme,,5,0.0,2,Oui,Oui,635.755,Non
10258,15815948,Fishbourne,436,Espagne,Homme,43.0,5,0.0,2,Oui,Oui,17843.715,Non
10259,15815949,Robertson,569,Espagne,Homme,35.0,3,58484.675,1,Non,Non,47244.41,Non
10260,15815950,Seppelt,614,France,Femme,37.0,8,37575.17,4,Non,Oui,65883.335,Oui
10261,15815951,Ikechukwu,536,France,Homme,39.0,4,0.0,2,Oui,Non,13575.175,Non
10262,15815952,Glasgow,675,France,Homme,34.0,1,62309.665,2,Non,Oui,81833.78,Non
10263,15815953,Younger,625,France,Homme,45.0,7,68777.72,1,Non,Non,62303.85,Non
10264,15815954,Tien,744,Espagne,Femme,46.0,1,0.0,3,Oui,Oui,88715.795,Oui
10265,15815955,Akobundu,660,Allemagne,Homme,30.0,1,42220.05,2,Oui,Oui,30242.99,Non
10266,15815956,Enyinnaya,518,Allemagne,Homme,,4,56812.965,1,Non,Non,46363.71,Oui
10267,15815957,Palmer,701,Espagne,Femme,39.0,9,0.0,2,Oui,Oui,55021.94,Non
10268,15815958,Godfrey,675,Espagne,Homme,36.0,3,27049.09,2,Non,Oui,27239.26,Non
10269,15815959,Palmer,828,Espagne,Homme,28.0,8,67383.425,1,Oui,Non,,Non
10270,15815960,Duigan,777,France,Femme,30.0,4,68925.655,1,Oui,Non,2504.115,Oui
10271,15815961,D'Albertis,654,Allemagne,Homme,37.0,5,56073.06,1,Oui,Non,,Non
10272,15815962,Brown,840,France,Femme,43.0,7,0.0,2,Oui,Non,45454.475,Non
10273,15815963,Ansell,578,Allemagne,Homme,37.0,1,67825.44,1,Oui,Non,99714.095,Non
10274,15815964,Fadden,443,France,Femme,35.0,9,54154.0,1,Oui,Non,64515.595,Oui
10275,15815965,Zuyev,621,Espagne,Homme,53.0,9,85245.92,1,Oui,Non,17794.035,Oui
10276,15815966,McNeil,756,France,Femme,26.0,5,50820.57,2,Non,Oui,77230.34,Non
10277,15815967,Napolitano,725,France,Homme,38.0,6,0.0,2,Oui,Oui,79348.64,Non
10278,15815968,Montague,481,Espagne,Homme,39.0,1,55616.545,1,Oui,Oui,61997.575,Non
10279,15815969,Doherty,722,Allemagne,Femme,40.0,6,44587.53,2,Non,Oui,76441.975,Non
10280,15815970,McDavid,614,Espagne,Homme,36.0,5,0.0,2,Oui,Non,65305.39,Non
10281,15815971,Sidorov,805,Allemagne,Femme,,8,21356.435,2,Oui,Oui,14430.845,Non
10282,15815972,Yeh,688,Espagne,Homme,,6,62089.65,1,Oui,Oui,69379.575,Non
10283,15815973,Ndubueze,573,France,Homme,,7,73877.34,1,Oui,Oui,,Non
10284,15815974,Chiabuotu,615,Espagne,Homme,59.0,4,77883.025,1,Oui,Oui,55137.585,Non
10285,15815975,Liang,687,Allemagne,Homme,26.0,2,71360.76,1,Oui,Oui,76802.875,Non
10286,15815976,Shelton,850,France,Homme,66.0,4,0.0,2,Non,Oui,32175.4,Non
10287,15815977,Wu,674,Espagne,Femme,39.0,6,0.0,2,Oui,Oui,4787.415,Non
10288,15815978,Hunter,657,Espagne,Homme,36.0,8,94120.525,2,Non,Non,91529.255,Oui
10289,15815979,Chidumaga,735,France,Homme,50.0,2,0.0,2,Non,Oui,73537.845,Non
10290,15815980,Coates,504,France,Femme,32.0,8,103331.875,1,Non,Non,8140.97,Non
10291,15815981,Bustard,706,Espagne,Homme,20.0,8,0.0,2,Oui,Oui,6184.055,Non
10292,15815982,Gilbert,768,Allemagne,Femme,47.0,5,52276.305,1,Oui,Non,24068.54,Oui
10293,15815983,Coles,766,France,Femme,52.0,7,46255.45,2,Non,Oui,33096.805,Non
10294,15815984,Sternberg,802,Allemagne,Femme,41.0,4,45378.82,2,Non,Oui,84591.83,Non
10295,15815985,Turnbull,586,Espagne,Homme,29.0,2,66225.12,1,Oui,Oui,18088.315,Non
10296,15815986,Whiddon,716,France,Femme,44.0,3,54764.14,1,Oui,Non,13670.815,Oui
10297,15815987,Chukwuraenye,657,France,Femme,41.0,5,47929.185,1,Oui,Oui,34127.94,Non
10298,15815988,Chiemenam,679,France,Femme,44.0,3,59371.37,2,Oui,Non,784.455,Non
10299,15815989,Afamefula,608,Allemagne,Homme,28.0,4,48339.855,1,Oui,Oui,24566.725,Non
10300,15815990,Smith,682,France,Femme,37.0,8,74290.06,1,Oui,Non,17589.59,Non
10301,15815991,Trentino,598,France,Homme,60.0,4,0.0,1,Oui,Non,98863.57,Oui
10302,15815992,Chiemela,714,Espagne,Homme,45.0,0,62346.74,1,Non,Oui,93597.075,Non
10303,15815993,French,627,France,Homme,33.0,5,0.0,2,Oui,Oui,51868.91,Non
10304,15815994,T'ang,605,France,Femme,62.0,4,55532.965,2,Non,Oui,62830.495,Non
10305,15815995,Kung,718,France,Homme,33.0,7,51437.14,1,Non,Non,58920.53,Non
10306,15815996,Jowett,608,Espagne,Femme,56.0,5,0.0,2,Non,Oui,76905.205,Non
10307,15815997,Bold,465,France,Homme,41.0,9,58610.575,1,Oui,Non,84140.475,Non
10308,15815998,Li,645,France,Femme,48.0,7,45306.17,1,Oui,Oui,74569.565,Non
10309,15815999,Findlay,711,France,Femme,,8,0.0,1,Oui,Oui,33754.005,Non
10310,15816000,Martin,627,Allemagne,Homme,38.0,8,53461.46,2,Non,Oui,42135.045,Non
10311,15816001,Yang,597,France,Femme,36.0,9,0.0,2,Oui,Oui,3578.045,Non
10312,15816002,Musgrove,653,Espagne,Homme,55.0,7,0.0,2,Oui,Oui,20983.515,Non
10313,15816003,Krichauff,700,France,Femme,34.0,2,38161.345,1,Oui,Non,64068.145,Non
10314,15816004,Angelo,571,France,Homme,49.0,4,90307.02,1,Non,Non,261.5,Non
10315,15816005,Ejimofor,637,France,Homme,32.0,5,0.0,1,Non,Non,74384.54,Non
10316,15816006,Hu,706,Allemagne,Femme,56.0,3,69801.61,1,Oui,Oui,43191.805,Non
10317,15816007,Blesing,695,Allemagne,Homme,27.0,6,62776.48,1,Oui,Non,52645.63,Non
10318,15816008,Ekwueme,747,Allemagne,Homme,38.0,2,64864.3,1,Oui,Non,44644.77,Non
10319,15816009,De Luca,563,Espagne,Homme,32.0,6,0.0,2,Oui,Oui,9860.04,Non
10320,15816010,Parsons,841,France,Homme,27.0,8,0.0,1,Oui,Non,85961.36,Non
10321,15816011,Ilyina,683,Espagne,Homme,30.0,1,56628.6,1,Oui,Oui,32517.51,Non
10322,15816012,Napolitano,643,France,Femme,33.0,0,68905.875,1,Oui,Oui,92428.445,Non
10323,15816013,Hackett,679,Allemagne,Femme,50.0,6,66299.19,2,Oui,Oui,92008.99,Non
10324,15816014,Lo Duca,579,France,Homme,28.0,4,0.0,2,Oui,Oui,88462.845,Non
10325,15816015,Niu,684,Espagne,Femme,38.0,3,67084.25,3,Oui,Non,1983.25,Oui
10326,15816016,McIntyre,717,Allemagne,Femme,33.0,10,51092.71,2,Oui,Non,11615.965,Non
10327,15816017,Artemova,632,Espagne,Homme,31.0,3,68278.22,1,Oui,Non,41076.415,Oui
10328,15816018,Ferrari,634,France,Femme,36.0,1,34759.475,1,Oui,Non,58119.195,Non
10329,15816019,Wood,800,France,Femme,29.0,2,0.0,2,Non,Non,,Non
10330,15816020,Levien,684,France,Femme,43.0,7,0.0,2,Oui,Non,65546.995,Non
10331,15816021,Ozioma,591,France,Homme,24.0,6,73680.0,1,Oui,Oui,12655.41,Non
10332,15816022,Paling,655,Espagne,Femme,,3,56905.925,2,Non,Oui,38422.115,Non
10333,15816023,Geoghegan,537,France,Femme,45.0,7,79310.52,1,Oui,Non,60446.48,Oui
10334,15816024,Oldham,474,France,Homme,45.0,10,0.0,2,Non,Non,86087.95,Non
10335,15816025,Yeh,624,Espagne,Homme,33.0,6,33110.085,1,Non,Oui,85409.505,Non
10336,15816026,Welch,756,Allemagne,Femme,34.0,2,74100.36,1,Non,Non,97292.24,Non
10337,15816027,Hsing,720,France,Homme,33.0,9,0.0,2,Oui,Oui,71478.24,Non
10338,15816028,Horsley,753,France,Femme,31.0,6,53298.145,1,Non,Non,45652.885,Non
10339,15816029,Onwuemelie,609,France,Homme,26.0,7,0.0,2,Oui,Non,49231.995,Non
10340,15816030,Nweke,752,France,Homme,38.0,0,72987.395,2,Oui,Oui,68847.115,Non
10341,15816031,Loane,657,Espagne,Homme,29.0,7,41944.515,1,Oui,Non,76529.81,Non
10342,15816032,Chukwuhaenye,712,Espagne,Homme,45.0,6,56497.325,1,Non,Non,99199.34,Non
10343,15816033,Shih,475,France,Femme,46.0,10,0.0,2,Non,Non,61476.5,Oui
10344,15816034,Mills,701,France,Femme,39.0,9,0.0,2,Non,Oui,72947.45,Non
10345,15816035,Alexeyeva,627,Allemagne,Homme,30.0,6,56186.48,1,Oui,Oui,59014.545,Non
10346,15816036,Panicucci,703,Espagne,Homme,73.0,5,68880.775,1,Oui,Oui,79838.73,Non
10347,15816037,Marshall,537,Allemagne,Homme,,3,67654.68,1,Oui,Non,15864.43,Oui
10348,15816038,Barry,569,Allemagne,Homme,25.0,9,86729.725,2,Oui,Oui,22190.53,Non
10349,15816039,Retana,452,France,Femme,35.0,7,0.0,2,Oui,Non,,Non
10350,15816040,Su,711,France,Homme,33.0,1,0.0,1,Non,Non,20795.2,Non
10351,15816041,Gearhart,713,France,Femme,25.0,4,60586.485,1,Oui,Oui,28134.49,Non
10352,15816042,He,626,Allemagne,Femme,23.0,6,42948.975,1,Oui,Non,54871.4,Non
10353,15816043,Onio,743,France,Femme,39.0,8,0.0,1,Oui,Non,47131.72,Non
10354,15816044,Ford,642,France,Homme,26.0,1,69011.895,2,Non,Oui,58530.1,Non
10355,15816045,Lawless,712,Allemagne,Femme,49.0,5,77388.21,2,Non,Non,98128.84,Non
10356,15816046,Akubundu,850,France,Femme,24.0,6,0.0,2,Oui,Oui,6579.95,Non
10357,15816047,Wilkinson,778,Espagne,Homme,33.0,5,58237.14,2,Oui,Oui,16378.775,Non
10358,15816048,Shih,696,Allemagne,Homme,43.0,4,57045.69,1,Non,Oui,79944.05,Non
10359,15816049,Serena,780,Espagne,Femme,33.0,6,72790.305,1,Oui,Oui,77299.28,Non
10360,15816050,Korovin,606,Espagne,Homme,42.0,10,0.0,2,Oui,Non,88969.26,Non
10361,15816051,Milani,692,France,Homme,27.0,1,62773.765,1,Non,Non,3950.23,Non
10362,15816052,Onochie,682,France,Homme,,4,0.0,1,Non,Oui,52676.275,Non
10363,15816053,Sun,649,,Femme,,2,0.0,2,Oui,Oui,33301.35,Non
10364,15816054,Sinclair,653,France,Homme,29.0,2,0.0,2,Oui,Oui,20835.905,Non
10365,15816055,McIntyre,599,Allemagne,Femme,49.0,10,71944.11,2,Oui,Oui,83118.19,Oui
10366,15816056,Johnson,667,Espagne,Homme,39.0,9,0.0,2,Oui,Non,34436.9,Non
10367,15816057,Smith,648,France,Femme,38.0,2,0.0,2,Non,Oui,4775.745,Non
10368,15816058,Bradshaw,719,Espagne,Femme,48.0,5,0.0,2,Non,Non,39281.83,Non
10369,15816059,Wallace,663,France,Femme,39.0,8,0.0,2,Oui,Oui,50584.45,Non
10370,15816060,Bell,467,Allemagne,Homme,28.0,10,63157.63,1,Oui,Non,16174.645,Oui
10371,15816061,Molle,636,Allemagne,Homme,30.0,8,70893.655,2,Oui,Oui,54842.805,Non
10372,15816062,Shih,545,France,Homme,47.0,8,52896.245,1,Non,Oui,33915.1,Oui
10373,15816063,Tan,804,France,Femme,71.0,8,0.0,2,Non,Oui,73997.98,Non
10374,15816064,Ma,720,Espagne,Homme,21.0,2,61600.39,1,Oui,Oui,90356.14,Non
10375,15816065,Hamilton,555,Allemagne,Homme,41.0,10,56635.1,2,Oui,Oui,92693.57,Non
10376,15816066,Sinclair,669,Espagne,Femme,33.0,8,0.0,2,Non,Oui,64269.025,Non
10377,15816067,Chu,619,Espagne,Femme,41.0,8,0.0,3,Oui,Oui,39933.365,Oui
10378,15816068,Trevisani,585,Allemagne,Homme,36.0,5,73025.485,2,Non,Non,43212.285,Non
10379,15816069,Thompson,661,Espagne,Femme,41.0,5,14041.475,1,Oui,Non,34793.135,Oui
10380,15816070,Urban,698,France,Femme,57.0,9,55679.775,2,Oui,Non,52857.505,Non
10381,15816071,Ball,559,France,Femme,34.0,5,34499.83,2,Oui,Oui,33439.635,Non
10382,15816072,Ibeamaka,701,Allemagne,Homme,36.0,7,47724.16,2,Oui,Non,94542.535,Non
10383,15816073,Bonham,688,Espagne,Homme,42.0,5,0.0,2,Non,Non,98801.145,Non
10384,15816074,James,475,,Homme,39.0,6,0.0,1,Oui,Oui,28499.95,Oui
10385,15816075,Carpenter,811,France,Homme,42.0,10,0.0,2,Oui,Oui,1898.895,Non
10386,15816076,McIntosh,527,Espagne,Femme,29.0,2,13877.985,1,Oui,Non,48734.22,Oui
10387,15816077,Marchesi,694,Allemagne,Homme,31.0,4,70994.635,2,Oui,Non,13058.41,Non
10388,15816078,Hs?eh,544,France,Homme,48.0,10,39157.315,3,Oui,Oui,51856.965,Oui
10389,15816079,Ugochukwu,594,,Homme,38.0,4,0.0,2,Non,Non,93442.02,Non
10390,15816080,Lucchese,651,France,Femme,39.0,6,0.0,1,Oui,Non,12088.22,Non
10391,15816081,Ts'ai,826,France,Femme,49.0,0,0.0,1,Non,Non,89354.99,Oui
10392,15816082,Zikoranachukwudimma,765,France,Femme,56.0,1,0.0,1,Oui,Non,6614.465,Oui
10393,15816083,Hung,536,France,Homme,32.0,7,89005.75,2,Oui,Non,11187.57,Non
10394,15816084,Beneventi,773,Espagne,Homme,52.0,2,0.0,2,Oui,Non,28668.895,Non
10395,15816085,Pagnotto,798,Allemagne,Femme,38.0,4,64527.565,1,Oui,Non,78573.795,Non
10396,15816086,Allen,646,France,Homme,35.0,6,42013.43,1,Non,Oui,82127.845,Non
10397,15816087,Steele,850,Espagne,Homme,36.0,6,0.0,2,Non,Oui,20645.525,Non
10398,15816088,Allan,844,France,Femme,,8,0.0,2,Non,Non,73671.015,Non
10399,15816089,Mueller,639,France,Homme,66.0,0,0.0,2,Non,Oui,21120.27,Non
10400,15816090,Lucchese,696,France,Homme,19.0,1,55464.255,1,Oui,Oui,1383.315,Non
10401,15816091,Findlay,606,,Homme,61.0,5,54083.045,2,Non,Oui,4321.605,Non
10402,15816092,Belov,710,France,Homme,45.0,1,0.0,2,Oui,Oui,18077.33,Non
10403,15816093,Ting,730,Allemagne,Femme,33.0,7,65183.935,1,Oui,Non,,Oui
10404,15816094,Lombardo,538,France,Femme,32.0,2,0.0,1,Oui,Oui,40065.27,Non
10405,15816095,Narelle,739,Espagne,Homme,40.0,1,54840.805,1,Oui,Oui,96660.65,Non
10406,15816096,Teng,556,France,Homme,34.0,8,81878.53,1,Oui,Oui,52000.03,Non
10407,15816097,Hanna,620,France,Homme,36.0,8,0.0,2,Oui,Oui,72968.995,Non
10408,15816098,Archer,637,France,Femme,41.0,9,0.0,2,Oui,Non,72738.68,Non
10409,15816099,Anayochukwu,509,Allemagne,Homme,32.0,9,85330.735,1,Oui,Oui,10823.1,Non
10410,15816100,Mackey,520,France,Homme,33.0,4,78148.79,2,Oui,Oui,83051.305,Non
10411,15816101,Chiemezie,578,Espagne,Homme,36.0,1,78633.975,2,Oui,Non,70766.595,Non
10412,15816102,Gartrell,654,,Homme,40.0,6,0.0,1,Non,Non,91936.44,Oui
10413,15816103,Ferrari,639,Allemagne,Femme,37.0,5,75621.24,1,Non,Oui,24818.825,Non
10414,15816104,Sutherland,846,France,Femme,34.0,10,71194.305,2,Non,Oui,,Oui
10415,15816105,Sazonova,597,Allemagne,Femme,39.0,8,81266.07,3,Oui,Non,18025.73,Oui
10416,15816106,Vasilieva,731,Espagne,Homme,46.0,10,0.0,2,Oui,Non,76507.71,Non
10417,15816107,Boyd,518,Allemagne,Femme,41.0,5,55312.495,1,Oui,Non,44663.835,Non
10418,15816108,Blake,606,Allemagne,Homme,45.0,5,31916.215,1,Oui,Oui,46853.9,Non
10419,15816109,Macleod,689,Espagne,Homme,40.0,2,0.0,2,Oui,Oui,82384.41,Non
10420,15816110,Sabbatini,610,Allemagne,Homme,49.0,6,56941.165,1,Oui,Non,97906.905,Oui
10421,15816111,Mazzanti,690,Allemagne,Homme,32.0,0,53341.76,2,Oui,Oui,68958.245,Non
10422,15816112,Boyle,469,France,Femme,48.0,5,0.0,1,Oui,Non,80264.855,Oui
10423,15816113,Cisneros,446,France,Homme,32.0,8,0.0,2,Non,Non,66646.47,Non
10424,15816114,Thomson,462,France,Homme,39.0,4,70066.54,2,Non,Non,65652.225,Non
10425,15816115,McMillan,645,Espagne,Homme,49.0,8,0.0,2,Oui,Non,81006.3,Non
10426,15816116,Okwuadigbo,850,France,Femme,40.0,5,0.0,2,Oui,Non,17517.075,Non
10427,15816117,Sung,743,France,Homme,71.0,0,0.0,2,Non,Oui,14918.825,Non
10428,15816118,Ugorji,595,,Femme,44.0,4,48276.76,2,Oui,Non,71976.12,Oui
10429,15816119,Forster,726,France,Homme,37.0,2,66028.96,2,Oui,Non,17371.99,Non
10430,15816120,Saad,681,Espagne,Femme,37.0,6,60615.695,1,Oui,Oui,73183.04,Non
10431,15816121,Ulyanova,666,Allemagne,Femme,37.0,2,79234.38,1,Non,Oui,46633.005,Non
10432,15816122,Moretti,512,France,Homme,36.0,0,64902.085,1,Oui,Non,26510.45,Non
10433,15816123,Ko,659,France,Homme,35.0,6,0.0,2,Oui,Oui,29439.555,Non
10434,15816124,Macleod,677,Allemagne,Homme,34.0,3,63364.705,1,Oui,Oui,13053.195,Oui
10435,15816125,Robertson,658,France,Femme,43.0,7,70130.18,2,Oui,Non,1374.36,Non
10436,15816126,P'an,449,Espagne,Femme,31.0,1,56846.5,1,Non,Non,41398.145,Non
10437,15816127,Cunningham,608,France,Femme,30.0,8,42929.88,1,Non,Non,71365.135,Non
10438,15816128,Polyakova,656,France,Homme,30.0,3,0.0,2,Non,Oui,8552.0,Non
10439,15816129,Crawford,681,Allemagne,Femme,44.0,4,45557.88,2,Non,Non,12104.42,Oui
10440,15816130,Johnson,561,Espagne,Femme,33.0,6,0.0,2,Oui,Non,22630.735,Non
10441,15816131,Calabrese,657,Espagne,Homme,67.0,5,59892.735,2,Oui,Oui,,Non
10442,15816132,Longo,458,Allemagne,Femme,43.0,1,53435.06,2,Oui,Non,50282.185,Non
10443,15816133,Pollard,633,France,Homme,37.0,7,70773.175,1,Oui,Oui,62415.055,Non
10444,15816134,Hammonds,743,France,Homme,36.0,4,0.0,2,Oui,Oui,95455.51,Non
10445,15816135,Abdulov,562,Allemagne,Femme,31.0,9,58576.5,1,Oui,Oui,54337.505,Non
10446,15816136,Ramsden,610,Espagne,Femme,,5,58443.295,1,Non,Non,53986.72,Non
10447,15816137,Lo,821,France,Homme,28.0,2,0.0,2,Oui,Non,23036.26,Non
10448,15816138,Carr,790,Espagne,Homme,37.0,6,0.0,2,Oui,Oui,59742.005,Non
10449,15816139,Rizzo,698,France,Homme,37.0,8,0.0,2,Non,Non,72502.195,Non
10450,15816140,Ann,675,France,Femme,32.0,2,77831.655,1,Oui,Non,48829.33,Non
10451,15816141,Giordano,836,Espagne,Homme,57.0,4,50623.53,1,Oui,Non,18570.81,Oui
10452,15816142,Maslow,350,France,Femme,40.0,0,55549.425,1,Oui,Oui,86160.605,Oui
10453,15816143,Marsden,694,Allemagne,Femme,37.0,8,49109.02,2,Oui,Non,91177.23,Oui
10454,15816144,Giles,632,Espagne,Homme,47.0,3,0.0,2,Oui,Non,89411.16,Non
10455,15816145,Nnonso,529,France,Homme,42.0,1,78749.45,1,Oui,Oui,41138.31,Non
10456,15816146,Pratt,823,Allemagne,Femme,53.0,4,62477.47,1,Non,Oui,65629.8,Oui
10457,15816147,Ko,537,Allemagne,Femme,41.0,3,69153.17,1,Oui,Non,53380.735,Non
10458,15816148,Dellucci,685,Allemagne,Homme,43.0,9,54294.735,2,Non,Oui,97404.255,Non
10459,15816149,Onyemere,676,France,Homme,31.0,3,39495.075,1,Oui,Oui,62388.57,Non
10460,15816150,Buckner,723,France,Homme,25.0,3,0.0,2,Oui,Oui,67254.735,Non
10461,15816151,Ho,660,France,Femme,40.0,8,83590.505,1,Oui,Oui,92578.47,Non
10462,15816152,Ikechukwu,791,Allemagne,Femme,42.0,10,56828.705,2,Non,Oui,69973.34,Oui
10463,15816153,Pottinger,648,Allemagne,Femme,39.0,3,63467.99,2,Non,Oui,28997.87,Non
10464,15816154,Fuller,616,Allemagne,Femme,28.0,10,52586.995,1,Non,Oui,14917.685,Oui
10465,15816155,Chin,552,France,Homme,33.0,5,70465.785,1,Non,Oui,5460.75,Non
10466,15816156,Palermo,625,France,Homme,41.0,6,48831.58,2,Oui,Non,28564.39,Non
10467,15816157,Mai,683,Allemagne,Femme,35.0,1,66185.65,2,Non,Non,93061.785,Non
10468,15816158,Patterson,680,Espagne,Femme,58.0,8,0.0,2,Oui,Oui,32854.25,Non
10469,15816159,Davison,521,Espagne,Femme,34.0,7,35365.535,1,Oui,Oui,10121.985,Oui
10470,15816160,Nixon,636,Espagne,Homme,52.0,4,55642.265,1,Non,Oui,16468.22,Oui
10471,15816161,Spitzer,685,Allemagne,Femme,21.0,6,48978.25,1,Oui,Oui,82483.135,Non
10472,15816162,Gordon,646,Allemagne,Femme,35.0,1,60976.375,2,Oui,Oui,71419.91,Non
10473,15816163,Hsueh,842,France,Femme,37.0,4,66223.04,2,Oui,Non,43535.59,Oui
10474,15816164,Kalinin,723,France,Homme,30.0,3,62059.77,1,Oui,Non,81099.16,Non
10475,15816165,Utz,702,France,Homme,45.0,0,40396.79,1,Oui,Oui,13737.405,Non
10476,15816166,Yeh,579,France,Homme,31.0,9,0.0,1,Non,Oui,69524.0,Non
10477,15816167,Wall,699,France,Homme,22.0,9,49669.5,1,Oui,Non,34148.805,Oui
10478,15816168,Potter,652,France,Femme,34.0,6,48717.925,2,Oui,Oui,52165.88,Non
10479,15816169,Lo,600,Allemagne,Femme,29.0,6,37215.05,2,Oui,Oui,48025.55,Non
10480,15816170,Sinclair,489,France,Femme,51.0,3,0.0,2,Non,Oui,87049.14,Oui
10481,15816171,Daluchi,489,France,Femme,38.0,5,58644.96,1,Non,Non,42615.94,Non
10482,15816172,Liang,506,Allemagne,Homme,59.0,8,59576.05,2,Oui,Oui,85339.87,Non
10483,15816173,Wan,641,France,Femme,35.0,4,0.0,2,Non,Non,62993.09,Non
10484,15816174,Watson,718,Espagne,Homme,28.0,6,0.0,2,Oui,Non,73437.93,Non
10485,15816175,Shephard,708,Allemagne,Femme,42.0,8,96195.26,2,Oui,Non,411.68,Non
10486,15816176,Hobbs,816,Allemagne,Femme,25.0,2,75177.675,2,Oui,Oui,17885.42,Non
10487,15816177,Rowe,512,,Homme,40.0,5,0.0,2,Oui,Oui,,Non
10488,15816178,Chan,666,France,Femme,34.0,9,57948.56,1,Oui,Oui,12547.515,Non
10489,15816179,Otutodilinna,703,France,Femme,40.0,7,0.0,2,Non,Oui,61259.25,Non
10490,15816180,Graham,850,Allemagne,Homme,49.0,8,49324.775,1,Oui,Non,59587.44,Oui
10491,15816181,Palermo,498,France,Femme,,10,0.0,2,Oui,Non,6946.285,Non
10492,15816182,Savage,571,France,Homme,40.0,10,56448.43,1,Oui,Oui,60701.265,Non
10493,15816183,Dodds,538,France,Homme,37.0,1,67376.04,1,Oui,Non,,Non
10494,15816184,Bellucci,699,France,Homme,53.0,4,0.0,2,Non,Oui,55653.99,Non
10495,15816185,McWilliam,534,Espagne,Femme,33.0,3,75616.81,1,Non,Non,99668.315,Non
10496,15816186,Black,488,France,Femme,22.0,6,0.0,2,Oui,Oui,33196.945,Non
10497,15816187,Chou,833,France,Femme,34.0,3,72375.905,1,Non,Non,83236.405,Non
10498,15816188,Milne,625,France,Femme,52.0,2,39734.48,1,Oui,Oui,42303.015,Non
10499,15816189,Williamson,731,France,Femme,41.0,9,76121.785,1,Oui,Oui,44391.795,Non
10500,15816190,Jamieson,850,,Homme,33.0,3,50238.23,2,Oui,Oui,68269.565,Non
10501,15816191,Barese,648,France,Femme,19.0,1,0.0,2,Non,Oui,11050.93,Non
10502,15816192,Elizabeth,521,Espagne,Homme,29.0,3,30140.31,1,Oui,Non,77135.705,Non
10503,15816193,Evans,580,Allemagne,Homme,39.0,3,59844.405,1,Oui,Non,68520.63,Non
10504,15816194,Ku,537,France,Femme,38.0,10,0.0,1,Non,Non,26168.985,Oui
10505,15816195,Dennis,660,Espagne,Homme,42.0,5,0.0,2,Oui,Non,57754.795,Non
10506,15816196,Moretti,737,Allemagne,Homme,31.0,5,60596.11,2,Oui,Oui,37445.29,Non
10507,15816197,Tuan,737,France,Homme,43.0,0,40045.465,1,Oui,Non,19960.0,Oui
10508,15816198,Faulkner,713,France,Homme,41.0,3,0.0,2,Oui,Non,27886.02,Non
10509,15816199,Hughes,577,Espagne,Femme,33.0,6,0.0,2,Oui,Non,,Non
10510,15816200,Onyemauchechi,679,France,Homme,36.0,1,48617.29,1,Oui,Non,94498.54,Non
10511,15816201,Graham,568,Espagne,Femme,36.0,10,76805.305,1,Oui,Oui,27041.9,Oui
10512,15816202,Bruce,542,Espagne,Homme,32.0,2,65972.97,1,Non,Oui,79868.78,Non
10513,15816203,Vaguine,670,France,Femme,45.0,9,52465.19,1,Oui,Non,77960.905,Oui
10514,15816204,Austin,732,Allemagne,Homme,38.0,5,89393.77,1,Oui,Oui,97880.265,Non
10515,15816205,Padovesi,812,Espagne,Femme,44.0,8,0.0,3,Oui,Non,33463.415,Oui
10516,15816206,Abramov,755,France,Homme,41.0,6,52408.705,1,Oui,Non,63006.79,Oui
10517,15816207,Chandler,506,France,Homme,37.0,5,0.0,2,Oui,Oui,,Non
10518,15816208,Li Fonti,500,France,Femme,34.0,4,0.0,2,Oui,Non,6416.98,Non
10519,15816209,Nwabugwu,569,Allemagne,Femme,32.0,8,72665.215,1,Oui,Oui,66019.325,Non
10520,15816210,Vasilyeva,820,Espagne,Homme,34.0,10,48604.23,1,Oui,Oui,29776.67,Non
10521,15816211,Yeh,510,France,Homme,44.0,6,0.0,2,Oui,Oui,87759.155,Non
10522,15816212,Michel,588,Allemagne,Homme,33.0,9,75093.11,2,Oui,Oui,32805.505,Non
10523,15816213,Ch'ien,771,France,Homme,32.0,5,31160.81,1,Oui,Oui,20460.295,Non
10524,15816214,Hansen,773,France,Femme,41.0,7,95119.465,1,Oui,Oui,28774.825,Non
10525,15816215,Trevisani,583,France,Homme,24.0,9,67562.64,1,Non,Non,44900.95,Non
10526,15816216,Tang,749,Allemagne,Homme,66.0,6,91266.115,2,Oui,Oui,97714.96,Non
10527,15816217,Outtrim,688,France,Homme,26.0,1,0.0,2,Oui,Oui,,Non
10528,15816218,Thorpe,642,Allemagne,Homme,22.0,10,55906.26,2,Oui,Oui,91522.73,Non
10529,15816219,Kelley,625,France,Homme,34.0,6,0.0,2,Non,Non,98641.6,Non
10530,15816220,Trevisani,666,France,Homme,51.0,2,74111.325,1,Non,Non,78476.77,Oui
10531,15816221,Maggard,850,Espagne,Femme,,9,71527.425,1,Non,Oui,31490.48,Non
10532,15816222,Kulikova,622,France,Homme,59.0,5,59690.185,1,Oui,Oui,30214.715,Non
10533,15816223,Onyenachiya,763,France,Homme,67.0,1,74718.365,2,Non,Oui,53141.37,Non
10534,15816224,Nikitina,767,France,Femme,42.0,2,66808.195,1,Oui,Non,14307.9,Non
10535,15816225,Lindon,630,Allemagne,Femme,25.0,7,39828.405,1,Oui,Non,,Non
10536,15816226,Chiang,719,Espagne,Femme,33.0,7,0.0,2,Oui,Non,10008.295,Non
10537,15816227,Voronova,582,Allemagne,Femme,40.0,3,55075.215,1,Oui,Oui,95878.825,Oui
10538,15816228,Nekrasov,642,Allemagne,Femme,30.0,5,64876.845,1,Oui,Non,291.265,Non
10539,15816229,Davidson,707,France,Femme,58.0,3,51173.43,1,Oui,Oui,57336.32,Non
10540,15816230,T'ao,663,France,Femme,33.0,2,0.0,2,Oui,Non,76647.5,Non
10541,15816231,Lees,699,Espagne,Femme,29.0,9,63785.465,2,Oui,Non,82378.405,Non
10542,15816232,Bradshaw,518,Allemagne,Homme,29.0,9,62980.87,2,Oui,Non,80151.54,Oui
10543,15816233,Ginikanwa,565,Allemagne,Homme,31.0,2,44779.195,2,Oui,Oui,2220.77,Non
10544,15816234,Chidimma,700,France,Femme,32.0,8,55461.575,2,Oui,Oui,80922.905,Oui
10545,15816235,Beggs,762,Allemagne,Homme,56.0,10,50130.44,3,Oui,Oui,38571.21,Oui
10546,15816236,Chin,807,Allemagne,Femme,42.0,9,52678.045,2,Oui,Oui,65244.685,Non
10547,15816237,Kolesnikov,697,France,Femme,34.0,2,63279.46,1,Oui,Non,36667.215,Non
10548,15816238,Burns,525,France,Femme,,5,0.0,2,Oui,Non,80124.55,Non
10549,15816239,Miller,577,Espagne,Homme,35.0,5,55040.15,1,Oui,Oui,54897.155,Non
10550,15816240,Gerasimov,666,France,Homme,30.0,7,54902.65,1,Non,Oui,81812.78,Non
10551,15816241,Johnston,850,Allemagne,Homme,43.0,5,64652.545,2,Non,Oui,9622.29,Non
10552,15816242,Spencer,566,France,Homme,36.0,1,71060.455,1,Oui,Non,39808.185,Non
10553,15816243,Golubova,506,France,Femme,32.0,3,0.0,1,Oui,Oui,40411.51,Non
10554,15816244,Butler,585,,Femme,30.0,6,0.0,2,Oui,Oui,68878.845,Non
10555,15816245,Austin,528,Espagne,Homme,23.0,7,52372.445,1,Oui,Non,85131.485,Non
10556,15816246,Aldridge,573,,Homme,44.0,9,0.0,2,Oui,Non,53562.085,Non
10557,15816247,Mazure,627,Espagne,Homme,49.0,4,55543.75,1,Non,Oui,73340.125,Non
10558,15816248,Nwankwo,834,Espagne,Homme,,7,0.0,2,Non,Non,22519.37,Non
10559,15816249,Burdekin,554,France,Femme,39.0,10,80066.375,1,Oui,Non,16412.075,Non
10560,15816250,Crawford,587,Allemagne,Homme,46.0,9,53925.41,1,Oui,Non,69715.5,Oui
10561,15816251,Chubb,607,France,Homme,26.0,1,0.0,1,Oui,Non,14909.1,Non
10562,15816252,Heath,483,Allemagne,Homme,41.0,1,59167.22,1,Non,Non,81573.995,Oui
10563,15816253,Rozhkova,596,France,Homme,36.0,2,0.0,2,Oui,Oui,6033.695,Non
10564,15816254,Sinclair,715,France,Homme,35.0,2,70502.735,1,Oui,Oui,30203.965,Non
10565,15816255,Liao,670,France,Femme,33.0,7,0.0,2,Oui,Oui,44093.905,Non
10566,15816256,Hsing,645,Allemagne,Homme,47.0,9,76038.465,1,Oui,Non,60920.1,Oui
10567,15816257,Chuang,635,Espagne,Femme,41.0,10,0.0,2,Oui,Oui,30997.1,Non
10568,15816258,Rogers,743,Allemagne,Homme,65.0,2,65967.755,1,Oui,Oui,48199.835,Oui
10569,15816259,Eiland,850,Espagne,Homme,22.0,3,0.0,1,Oui,Oui,,Non
10570,15816260,Conti,716,Allemagne,Femme,30.0,2,102885.39,2,Non,Non,32732.33,Non
10571,15816261,Hartley,677,,Femme,34.0,10,85835.95,1,Oui,Oui,25388.885,Non
10572,15816262,Bell,636,France,Femme,34.0,3,0.0,2,Oui,Oui,22378.125,Non
10573,15816263,Liu,630,France,Homme,67.0,5,0.0,2,Oui,Oui,,Non
10574,15816264,Konovalova,490,France,Homme,33.0,1,0.0,2,Oui,Oui,40396.415,Non
10575,15816265,Lucas,723,Espagne,Homme,38.0,6,0.0,2,Oui,Oui,,Non
10576,15816266,Freeman,668,Allemagne,Homme,34.0,5,40121.185,2,Non,Non,28390.485,Non
10577,15816267,Andrews,734,Espagne,Femme,37.0,2,65202.46,1,Non,Non,17274.37,Non
10578,15816268,Griffin,435,France,Homme,54.0,3,0.0,1,Oui,Non,78455.23,Oui
10579,15816269,Millar,503,Allemagne,Homme,42.0,9,76639.695,1,Oui,Oui,75668.48,Non
10580,15816270,Nnamutaezinwa,748,Espagne,Homme,35.0,5,52746.265,1,Oui,Oui,75028.6,Non
10581,15816271,Feng,529,France,Homme,28.0,9,0.0,2,Oui,Oui,26272.62,Non
10582,15816272,Bonwick,602,Allemagne,Femme,43.0,2,56820.745,4,Oui,Non,57558.175,Oui
10583,15816273,Edith,700,France,Femme,42.0,8,0.0,2,Oui,Oui,52652.86,Non
10584,15816274,Uwakwe,800,France,Homme,60.0,6,44270.785,2,Oui,Oui,65859.06,Non
10585,15816275,Cox,455,France,Femme,27.0,5,77939.545,2,Non,Non,35387.485,Non
10586,15816276,Mancini,673,France,Femme,43.0,5,84034.865,1,Oui,Oui,73496.12,Oui
10587,15816277,Bennelong,635,Espagne,Femme,29.0,8,69148.47,2,Oui,Non,70537.755,Non
10588,15816278,Chiemela,675,Espagne,Homme,36.0,9,53095.275,1,Non,Oui,11497.16,Non
10589,15816279,Baranov,645,Espagne,Femme,21.0,1,0.0,2,Non,Non,14363.035,Non
10590,15816280,Vincent,516,France,Femme,46.0,6,31106.145,1,Non,Oui,85840.93,Oui
10591,15816281,Pai,639,Allemagne,Homme,38.0,5,65085.41,1,Oui,Oui,74799.81,Non
10592,15816282,Henry,737,France,Homme,36.0,9,0.0,1,Non,Oui,94335.45,Oui
10593,15816283,Ts'ui,850,Allemagne,Femme,34.0,3,64834.215,2,Oui,Oui,44371.995,Non
10594,15816284,Kline,850,France,Homme,38.0,7,40146.99,1,Non,Non,63277.87,Non
10595,15816285,Allnutt,530,France,Femme,55.0,4,60452.515,1,Non,Oui,61737.94,Oui
10596,15816286,Glover,561,Allemagne,Homme,49.0,5,47377.0,1,Oui,Oui,13345.655,Non
10597,15816287,Hudson,647,Espagne,Homme,47.0,5,52801.605,2,Oui,Oui,78680.45,Non
10598,15816288,Anderson,596,Allemagne,Homme,32.0,3,48354.535,2,Non,Non,20894.185,Non
10599,15816289,P'eng,569,Allemagne,Homme,35.0,2,54598.33,3,Oui,Non,54696.595,Oui
10600,15816290,Calabresi,724,Espagne,Femme,41.0,4,71440.14,3,Non,Non,92770.6,Oui
10601,15816291,Grant,521,Espagne,Femme,22.0,10,0.0,1,Oui,Oui,50655.975,Non
10602,15816292,McMorran,513,Espagne,Homme,72.0,3,49451.53,1,Oui,Oui,40625.62,Non
10603,15816293,Lo Duca,720,France,Femme,45.0,1,51441.2,2,Oui,Oui,17816.575,Oui
10604,15816294,Hs?eh,668,Allemagne,Femme,46.0,7,80903.045,1,Oui,Oui,86526.095,Non
10605,15816295,Martin,663,France,Homme,34.0,10,0.0,1,Oui,Oui,57041.865,Non
10606,15816296,Nnachetam,689,Allemagne,Femme,30.0,5,68325.445,1,Oui,Oui,20932.86,Oui
10607,15816297,Yates,513,Allemagne,Femme,49.0,5,85800.635,1,Oui,Non,63111.92,Non
10608,15816298,Maslova,769,Espagne,Homme,41.0,1,36254.955,1,Oui,Non,12861.865,Non
10609,15816299,Ngozichukwuka,714,Espagne,Homme,44.0,7,0.0,1,Non,Oui,3461.555,Non
10610,15816300,Crawford,752,France,Femme,41.0,8,0.0,2,Oui,Non,69922.02,Oui
10611,15816301,Genovese,596,Espagne,Homme,32.0,4,0.0,2,Non,Oui,73252.175,Non
10612,15816302,Efremov,701,Espagne,Femme,33.0,7,61935.035,1,Oui,Non,48897.355,Non
10613,15816303,Ferguson,676,France,Homme,29.0,4,70360.465,1,Oui,Non,18110.59,Non
10614,15816304,Andrejew,688,Espagne,Homme,36.0,0,44886.15,1,Oui,Non,88691.84,Oui
10615,15816305,Toscani,665,Allemagne,Homme,32.0,1,66089.335,1,Non,Non,,Non
10616,15816306,Sadlier,850,Allemagne,Homme,38.0,5,73378.34,1,Oui,Non,39134.305,Non
10617,15816307,Grant,670,France,Femme,35.0,3,51732.51,2,Oui,Oui,87313.53,Non
10618,15816308,Liao,531,France,Homme,31.0,3,48144.13,1,Oui,Non,28397.365,Non
10619,15816309,Volkova,766,Allemagne,Femme,45.0,6,48826.48,1,Oui,Non,63666.165,Non
10620,15816310,Moore,596,Espagne,Homme,41.0,5,0.0,2,Non,Oui,70526.925,Non
10621,15816311,McClemans,775,France,Homme,60.0,7,0.0,2,Oui,Oui,55779.35,Non
10622,15816312,Hudson,554,Espagne,Homme,37.0,3,0.0,2,Oui,Non,83088.65,Non
10623,15816313,Tang,596,,Homme,60.0,7,60953.985,1,Non,Oui,15157.02,Non
10624,15816314,Westerberg,673,France,Femme,,2,85030.96,2,Non,Non,67450.67,Oui
10625,15816315,Lucciano,685,Espagne,Femme,42.0,2,0.0,2,Non,Non,99996.24,Non
10626,15816316,Chia,847,France,Homme,,5,48782.87,1,Non,Non,72092.03,Oui
10627,15816317,Trevisani,764,Espagne,Femme,33.0,9,84482.385,1,Non,Oui,59491.255,Non
10628,15816318,Feng,706,France,Femme,,5,56282.31,1,Oui,Non,21167.19,Non
10629,15816319,Clayton,461,France,Homme,51.0,9,59944.92,1,Non,Non,28383.835,Oui
10630,15816320,Chiagoziem,599,France,Femme,41.0,1,0.0,2,Oui,Non,,Non
10631,15816321,Loggia,546,Espagne,Homme,42.0,7,69535.255,1,Oui,Oui,43472.5,Non
10632,15816322,Siciliani,485,,Femme,30.0,5,78385.84,1,Oui,Oui,70574.105,Non
10633,15816323,James,669,,Femme,33.0,9,0.0,2,Non,Oui,53610.515,Non
10634,15816324,Bottrill,734,Espagne,Femme,43.0,3,27926.665,2,Non,Oui,47405.925,Oui
10635,15816325,Ch'iu,443,France,Homme,44.0,2,0.0,1,Oui,Non,79582.85,Non
10636,15816326,Jamieson,845,France,Homme,33.0,8,82192.765,1,Oui,Non,75332.485,Non
10637,15816327,Manna,559,France,Homme,34.0,2,68695.055,2,Oui,Non,4838.5,Non
10638,15816328,Kovalev,667,France,Homme,,6,0.0,1,Oui,Non,44445.025,Non
10639,15816329,Rios,631,Espagne,Homme,23.0,3,0.0,2,Oui,Non,6906.62,Non
10640,15816330,Norman,504,Allemagne,Homme,56.0,9,52108.65,1,Non,Non,27928.74,Oui
10641,15816331,Komarova,559,France,Homme,,9,55530.025,2,Oui,Non,55185.92,Non
10642,15816332,Herrera,515,France,Homme,65.0,7,46056.805,1,Oui,Oui,71274.165,Non
10643,15816333,Yen,721,France,Homme,35.0,10,0.0,2,Oui,Non,35797.13,Non
10644,15816334,Gill,598,France,Homme,48.0,6,60341.265,1,Oui,Non,15317.76,Oui
10645,15816335,Fang,591,France,Femme,56.0,9,64441.245,1,Oui,Oui,98120.97,Oui
10646,15816336,Pugliesi,623,France,Homme,48.0,5,59234.69,1,Oui,Oui,79295.125,Non
10647,15816337,Ugochukwutubelum,594,Allemagne,Femme,32.0,4,60037.485,2,Oui,Oui,81480.895,Non
10648,15816338,Chuang,559,France,Femme,38.0,8,47569.705,1,Oui,Oui,43287.73,Non
10649,15816339,Macdonald,559,France,Homme,45.0,8,12021.725,1,Non,Oui,84890.725,Oui
10650,15816340,Arrington,778,France,Homme,34.0,5,69532.03,2,Non,Non,33974.66,Non
10651,15816341,Schiavone,517,Espagne,Homme,39.0,3,0.0,2,Non,Oui,6232.755,Non
10652,15816342,Waters,651,Allemagne,Femme,35.0,1,81850.39,3,Oui,Oui,14791.74,Oui
10653,15816343,Koehler,634,Allemagne,Homme,37.0,3,55716.385,2,Oui,Oui,83516.245,Non
10654,15816344,Ross,683,Espagne,Homme,56.0,7,25455.605,3,Non,Non,48814.655,Oui
10655,15816345,Oguejiofor,717,France,Homme,53.0,6,0.0,2,Non,Oui,48807.435,Non
10656,15816346,Krawczyk,812,Espagne,Femme,49.0,8,33039.725,2,Non,Non,45778.285,Oui
10657,15816347,Rapuokwu,753,France,Homme,48.0,4,0.0,2,Non,Oui,73410.71,Non
10658,15816348,Gibbs,777,France,Femme,29.0,9,65620.305,1,Oui,Oui,81873.045,Oui
10659,15816349,Parkes,683,France,Homme,41.0,6,47848.26,2,Oui,Oui,92183.07,Non
10660,15816350,Morrison,750,France,Homme,33.0,2,76151.36,1,Oui,Non,35666.72,Non
10661,15816351,Onyemere,584,France,Homme,47.0,5,0.0,2,Oui,Non,44643.145,Non
10662,15816352,Schwartz,655,Espagne,Femme,27.0,9,0.0,2,Non,Non,54004.025,Non
10663,15816353,Y?,589,Allemagne,Femme,,9,70177.78,2,Oui,Non,68164.98,Non
10664,15816354,Pisani,470,Espagne,Homme,31.0,4,27866.46,2,Oui,Oui,51896.265,Non
10665,15816355,Samsonova,579,France,Femme,39.0,3,83250.585,2,Oui,Non,46917.82,Non
10666,15816356,Ngozichukwuka,612,,Femme,63.0,2,65814.585,2,Oui,Non,61054.79,Oui
10667,15816357,Blackburn,659,,Homme,67.0,4,72990.935,1,Oui,Oui,65521.6,Non
10668,15816358,Robertson,579,France,Homme,31.0,6,0.0,2,Oui,Non,13074.625,Non
10669,15816359,Craig,597,Espagne,Homme,35.0,0,63755.495,1,Oui,Oui,77678.17,Non
10670,15816360,Pisano,613,France,Homme,47.0,6,73017.37,1,Oui,Oui,38573.07,Non
10671,15816361,Cheng,704,Espagne,Homme,33.0,3,0.0,2,Oui,Non,36509.37,Non
10672,15816362,Lei,779,Espagne,Femme,38.0,7,0.0,2,Oui,Oui,69271.435,Non
10673,15816363,Lei,560,Espagne,Femme,26.0,3,58288.225,1,Oui,Non,78783.685,Non
10674,15816364,Pisani,555,France,Homme,24.0,5,0.0,2,Oui,Non,13756.735,Non
10675,15816365,Owen,580,Espagne,Femme,57.0,0,68410.495,1,Non,Oui,,Non
10676,15816366,Maughan,758,Allemagne,Homme,32.0,4,81328.82,2,Oui,Oui,57762.565,Non
10677,15816367,Yeh,788,France,Femme,41.0,6,0.0,1,Oui,Oui,12785.685,Non
10678,15816368,Amechi,698,Espagne,Femme,38.0,1,85924.19,1,Non,Non,8478.725,Non
10679,15816369,Ramos,696,France,Homme,22.0,9,74888.5,1,Oui,Oui,99016.465,Non
10680,15816370,Siciliano,809,Espagne,Homme,80.0,8,0.0,2,Non,Oui,17082.025,Non
10681,15816371,Velazquez,614,France,Homme,51.0,4,20342.96,1,Oui,Oui,23387.64,Non
10682,15816372,Lambert,678,Espagne,Femme,40.0,4,56897.11,1,Oui,Non,8309.38,Non
10683,15816373,Milani,661,France,Homme,41.0,5,0.0,1,Non,Oui,44139.8,Non
10684,15816374,Piazza,655,Allemagne,Femme,40.0,0,40977.3,1,Oui,Oui,99399.22,Oui
10685,15816375,Yu,741,France,Femme,60.0,5,0.0,1,Oui,Oui,19457.255,Non
10686,15816376,Pugliesi,665,Espagne,Homme,41.0,8,0.0,2,Oui,Non,66076.16,Non
10687,15816377,Ferrari,607,France,Femme,49.0,9,59980.145,2,Oui,Non,51534.11,Non
10688,15816378,Romani,624,Espagne,Homme,35.0,2,0.0,2,Oui,Non,43655.295,Non
10689,15816379,Averyanov,714,Allemagne,Homme,21.0,6,43201.26,2,Non,Non,13665.295,Non
10690,15816380,McKay,559,France,Femme,43.0,1,0.0,2,Oui,Oui,98322.935,Non
10691,15816381,Price,685,Espagne,Femme,25.0,10,64254.815,1,Oui,Non,60781.165,Non
10692,15816382,Lawrence,642,Espagne,Femme,33.0,9,0.0,2,Oui,Oui,75237.57,Non
10693,15816383,Davies,623,France,Femme,39.0,1,80451.6,1,Non,Non,39387.18,Non
10694,15816384,Ts'ui,680,France,Femme,34.0,1,0.0,2,Oui,Non,83517.535,Non
10695,15816385,Ingram,731,France,Femme,,10,0.0,1,Oui,Oui,12499.375,Oui
10696,15816386,Chibugo,703,,Homme,58.0,4,46465.46,1,Non,Oui,42574.39,Non
10697,15816387,Bevan,641,Espagne,Homme,31.0,3,76658.07,1,Oui,Non,29963.995,Non
10698,15816388,Craigie,728,France,Femme,46.0,2,54852.76,1,Oui,Non,,Oui
10699,15816389,Kirk,653,Allemagne,Homme,31.0,9,71660.985,1,Oui,Non,41839.73,Non
10700,15816390,Demidov,556,Espagne,Homme,38.0,8,0.0,2,Non,Non,208.705,Oui
10701,15816391,Ojiofor,454,Allemagne,Femme,50.0,10,46447.78,1,Oui,Non,77172.0,Oui
10702,15816392,Sokolov,520,France,Homme,,3,71698.27,2,Oui,Oui,449.255,Non
10703,15816393,Tuan,754,France,Femme,35.0,4,0.0,2,Oui,Non,22415.355,Non
10704,15816394,Sinclair,591,France,Homme,35.0,7,91513.625,1,Oui,Oui,28014.395,Non
10705,15816395,Yuan,577,France,Femme,39.0,10,0.0,2,Oui,Non,5276.655,Non
10706,15816396,Hurst,628,France,Homme,32.0,9,74568.155,2,Oui,Oui,8201.055,Non
10707,15816397,Chizoba,695,France,Homme,45.0,9,21567.325,1,Non,Oui,38665.175,Non
10708,15816398,Pugliesi,545,France,Femme,32.0,6,0.0,2,Oui,Oui,26033.685,Non
10709,15816399,Walker,636,Allemagne,Femme,48.0,3,60284.205,1,Oui,Non,95080.02,Oui
10710,15816400,Parkhill,693,Allemagne,Homme,40.0,0,60355.865,1,Non,Non,13672.59,Oui
10711,15816401,Mai,663,Espagne,Homme,52.0,0,68149.325,1,Oui,Non,72296.65,Oui
10712,15816402,Veltri,655,France,Femme,,7,55926.42,2,Oui,Non,5255.565,Non
10713,15816403,Onyeoruru,644,France,Femme,24.0,8,46380.275,1,Oui,Non,17948.375,Non
10714,15816404,Kirsova,715,Allemagne,Femme,37.0,9,52744.655,1,Non,Non,71548.245,Oui
10715,15816405,Andreev,684,Espagne,Femme,42.0,3,51605.135,1,Oui,Non,15501.015,Non
10716,15816406,Ts'ai,661,Espagne,Femme,42.0,9,37680.72,1,Oui,Non,13804.06,Oui
10717,15816407,Bogle,620,Espagne,Homme,21.0,9,0.0,2,Non,Non,77441.395,Non
10718,15816408,Andrews,663,France,Homme,43.0,4,43812.015,2,Oui,Non,74700.665,Non
10719,15816409,Coles,502,Allemagne,Homme,33.0,5,87336.825,2,Oui,Non,16650.28,Non
10720,15816410,Curtis,752,Espagne,Homme,44.0,6,41935.165,1,Oui,Non,89361.12,Non
10721,15816411,Douglas,606,Allemagne,Femme,27.0,6,86155.165,1,Non,Oui,55724.46,Non
10722,15816412,Jenkins,623,France,Femme,28.0,4,0.0,2,Oui,Non,20613.835,Non
10723,15816413,Wheeler,672,France,Homme,47.0,1,0.0,1,Non,Non,45787.46,Non
10724,15816414,Costa,629,France,Femme,39.0,10,0.0,2,Oui,Oui,21587.245,Oui
10725,15816415,Burns,601,Allemagne,Homme,35.0,8,35776.915,1,Oui,Non,88692.225,Non
10726,15816416,Azuka,593,France,Homme,36.0,2,35090.74,2,Oui,Non,40304.06,Non
10727,15816417,Nnamdi,566,France,Homme,34.0,3,0.0,1,Non,Non,94067.845,Non
10728,15816418,Whittaker,564,Allemagne,Femme,33.0,2,57880.755,1,Non,Oui,56175.105,Oui
10729,15816419,Hanson,667,France,Femme,24.0,4,0.0,2,Non,Oui,17167.775,Non
10730,15816420,McGregor,588,Allemagne,Femme,40.0,10,62767.255,1,Oui,Non,60752.09,Oui
10731,15816421,Manners,643,Allemagne,Homme,41.0,7,77451.33,1,Oui,Oui,24833.64,Non
10732,15816422,Chukwukadibia,672,France,Femme,,9,0.0,1,Oui,Oui,46013.845,Oui
10733,15816423,Bray,540,,Homme,35.0,7,63900.94,1,Non,Oui,,Non
10734,15816424,Rossi,451,Espagne,Femme,23.0,9,0.0,2,Non,Oui,24010.855,Non
10735,15816425,Hs?,722,Allemagne,Homme,29.0,1,53616.925,2,Oui,Non,12462.46,Non
10736,15816426,Kuo,609,Allemagne,Homme,38.0,6,70376.03,2,Non,Oui,85715.08,Non
10737,15816427,Coles,640,Allemagne,Homme,48.0,1,55799.66,1,Non,Oui,67997.79,Non
10738,15816428,Su,731,France,Homme,29.0,5,89769.6,1,Non,Non,56005.01,Non
10739,15816429,Evans,662,France,Femme,32.0,4,66975.185,1,Oui,Oui,24362.84,Oui
10740,15816430,Keating,502,France,Homme,37.0,10,0.0,1,Oui,Oui,38321.34,Non
10741,15816431,Davydova,778,Allemagne,Femme,33.0,4,55531.865,2,Oui,Non,41778.325,Non
10742,15816432,Koch,584,Espagne,Femme,29.0,4,0.0,2,Oui,Non,44433.46,Non
10743,15816433,Docherty,692,Allemagne,Femme,43.0,2,34507.245,2,Non,Non,82310.715,Non
10744,15816434,Ibrahimov,721,Espagne,Homme,38.0,7,0.0,1,Non,Oui,26767.4,Non
10745,15816435,Su,505,Allemagne,Femme,25.0,5,57134.425,2,Oui,Oui,63364.135,Non
10746,15816436,Buckley,673,France,Homme,32.0,8,60620.38,1,Oui,Non,58484.865,Non
10747,15816437,Brooks,562,Allemagne,Homme,31.0,2,56354.1,1,Non,Oui,93185.15,Non
10748,15816438,Dodd,509,France,Homme,26.0,10,0.0,2,Oui,Oui,3088.915,Non
10749,15816439,Hu,642,Allemagne,Homme,41.0,4,78888.79,1,Oui,Non,33742.3,Non
10750,15816440,Kent,430,Allemagne,Femme,66.0,6,67696.155,2,Oui,Oui,86426.03,Oui
10751,15816441,Okwudiliolisa,848,Espagne,Homme,22.0,7,60405.945,1,Oui,Oui,92755.17,Non
10752,15816442,Ts'ai,479,Allemagne,Homme,24.0,6,53818.985,2,Non,Oui,84752.915,Non
10753,15816443,Lu,616,Espagne,Homme,71.0,4,0.0,2,Oui,Oui,86799.69,Non
10754,15816444,Bulgakov,459,Allemagne,Homme,46.0,7,55178.21,1,Oui,Non,2484.565,Oui
10755,15816445,Robinson,615,Espagne,Femme,41.0,9,54506.615,1,Oui,Non,98249.98,Non
10756,15816446,Barese,677,France,Femme,49.0,3,0.0,2,Oui,Oui,93905.855,Non
10757,15816447,Summerville,558,Allemagne,Femme,36.0,0,63303.315,2,Oui,Oui,86181.76,Non
10758,15816448,Shubin,762,France,Homme,28.0,2,0.0,2,Oui,Non,83954.76,Non
10759,15816449,Chidumaga,793,Allemagne,Femme,32.0,1,48204.49,1,Oui,Oui,69095.905,Non
10760,15816450,Boni,602,France,Homme,49.0,0,95904.365,1,Non,Non,48820.1,Non
10761,15816451,Lettiere,546,Allemagne,Femme,25.0,3,66418.85,1,Oui,Non,65823.655,Non
10762,15816452,Kennedy,721,France,Homme,40.0,3,0.0,1,Oui,Oui,72437.335,Non
10763,15816453,Genovesi,595,Espagne,Homme,36.0,6,42884.21,1,Oui,Oui,12401.385,Non
10764,15816454,Otutodilinna,713,France,Femme,59.0,3,0.0,2,Oui,Oui,31350.04,Non
10765,15816455,Milani,499,France,Homme,35.0,10,0.0,2,Oui,Non,5361.27,Non
10766,15816456,Wall,685,France,Homme,58.0,1,52398.27,1,Oui,Oui,77090.705,Non
10767,15816457,Okagbue,637,Allemagne,Femme,39.0,9,68921.9,1,Oui,Oui,58811.4,Oui
10768,15816458,Hill,765,France,Homme,41.0,2,0.0,2,Non,Oui,95607.805,Non
10769,15816459,Dietz,567,Allemagne,Homme,40.0,7,61132.62,1,Oui,Non,69276.37,Non
10770,15816460,Benson,697,Allemagne,Homme,43.0,8,51704.58,1,Oui,Non,33446.64,Oui
10771,15816461,Hobson,597,,Homme,52.0,8,41846.67,2,Oui,Oui,80541.765,Non
10772,15816462,Golubova,622,France,Femme,35.0,5,0.0,2,Oui,Non,25556.4,Non
10773,15816463,Davidson,534,France,Femme,55.0,8,58486.63,3,Oui,Non,61033.25,Oui
10774,15816464,Doyle,643,Espagne,Femme,35.0,6,0.0,2,Oui,Oui,20774.82,Non
10775,15816465,Hinton,768,Allemagne,Homme,,1,66692.33,1,Oui,Non,51198.61,Oui
10776,15816466,Castiglione,728,France,Homme,30.0,10,57417.715,1,Non,Oui,18831.245,Non
10777,15816467,Chimaijem,589,France,Homme,36.0,8,57217.735,1,Oui,Non,13477.86,Non
10778,15816468,Dale,636,Espagne,Femme,33.0,0,0.0,1,Oui,Non,46138.735,Oui
10779,15816469,Iadanza,589,Espagne,Femme,27.0,4,0.0,2,Oui,Non,,Non
10780,15816470,Hsueh,579,France,Homme,39.0,5,0.0,2,Non,Oui,19945.92,Non
10781,15816471,Sutherland,557,France,Femme,27.0,2,0.0,2,Non,Oui,2248.775,Non
10782,15816472,Arcuri,762,France,Homme,31.0,7,58843.675,1,Oui,Oui,79672.215,Non
10783,15816473,Lo,679,France,Homme,47.0,10,99273.05,2,Oui,Non,,Oui
10784,15816474,Zhdanov,632,France,Femme,21.0,1,0.0,2,Oui,Non,42004.33,Non
10785,15816475,Jideofor,707,France,Femme,40.0,5,0.0,2,Oui,Non,20526.41,Non
10786,15816476,Davis,697,France,Femme,23.0,10,0.0,2,Oui,Oui,39867.115,Non
10787,15816477,Meng,548,France,Femme,37.0,9,0.0,2,Non,Non,49014.79,Non
10788,15816478,McChesney,665,France,Femme,55.0,8,68177.08,1,Oui,Oui,46884.945,Non
10789,15816479,Fletcher,720,France,Homme,44.0,4,0.0,2,Oui,Non,81735.505,Non
10790,15816480,Hardy,733,Allemagne,Homme,48.0,7,42957.76,1,Oui,Oui,11930.25,Non
10791,15816481,Walker,543,Allemagne,Femme,57.0,1,53069.165,2,Oui,Oui,60328.66,Oui
10792,15816482,Ch'in,676,Allemagne,Homme,28.0,1,34729.525,2,Oui,Oui,64230.645,Non
10793,15816483,Lindeman,679,Espagne,Femme,39.0,7,45593.95,1,Non,Oui,3037.68,Non
10794,15816484,Bates,759,France,Homme,44.0,2,55547.79,2,Oui,Non,50068.85,Non
10795,15816485,Donaldson,534,France,Femme,53.0,7,0.0,2,Oui,Oui,40309.585,Non
10796,15816486,Gotch,535,Allemagne,Homme,20.0,9,67437.2,1,Oui,Oui,59412.78,Non
10797,15816487,Tucker,506,Allemagne,Femme,59.0,3,95176.54,1,Oui,Non,39182.875,Non
10798,15816488,Gordon,850,France,Homme,33.0,0,62390.835,1,Non,Oui,,Non
10799,15816489,Kudryashova,622,France,Femme,31.0,1,44844.47,1,Oui,Oui,76152.735,Non
10800,15816490,Atherton,833,Allemagne,Homme,29.0,1,48231.125,2,Non,Oui,24493.09,Non
10801,15816491,Manna,625,Allemagne,Femme,49.0,4,64252.38,1,Oui,Non,63406.315,Oui
10802,15816492,Wunder,429,France,Femme,39.0,6,24011.915,1,Oui,Non,37435.495,Non
10803,15816493,Chu,670,France,Femme,27.0,5,39668.305,1,Oui,Oui,,Non
10804,15816494,Rouse,628,France,Femme,45.0,8,0.0,2,Oui,Non,96951.53,Non
10805,15816495,Praed,693,France,Femme,38.0,3,0.0,2,Non,Non,39066.74,Oui
10806,15816496,Stewart,811,France,Femme,47.0,3,61682.67,2,Non,Non,85997.67,Non
10807,15816497,Ku,561,Espagne,Femme,28.0,3,0.0,2,Oui,Non,95693.88,Non
10808,15816498,Volkova,616,Espagne,Femme,36.0,6,0.0,1,Oui,Oui,7892354.0,Oui
10809,15816499,Shipton,611,France,Homme,58.0,8,0.0,2,Non,Oui,53832.84,Oui
10810,15816500,Toscano,850,Espagne,Homme,37.0,4,44070.55,1,Oui,Non,54829.56,Non
10811,15816501,Lavrentiev,694,Allemagne,Homme,33.0,4,62033.66,1,Oui,Oui,38953.435,Non
10812,15816502,Ifesinachi,666,Allemagne,Femme,59.0,8,76307.255,2,Oui,Oui,94391.15,Non
10813,15816503,Jensen,585,France,Femme,39.0,7,0.0,2,Oui,Non,1200.63,Non
10814,15816504,Onyinyechukwuka,583,France,Femme,29.0,10,0.0,2,Oui,Oui,55642.925,Non
10815,15816505,Hale,644,Allemagne,Femme,40.0,4,38635.04,2,Oui,Oui,57900.05,Oui
10816,15816506,Ch'eng,537,Espagne,Femme,33.0,7,68041.0,1,Oui,Non,31373.27,Non
10817,15816507,Endrizzi,603,Espagne,Femme,42.0,8,45805.56,1,Non,Non,72337.65,Oui
10818,15816508,Holmwood,537,Allemagne,Femme,47.0,6,51581.675,1,Oui,Non,8129.82,Oui
10819,15816509,Wang,644,France,Homme,33.0,2,0.0,1,Oui,Non,48210.29,Non
10820,15816510,West,550,Allemagne,Femme,45.0,8,55628.795,1,Non,Non,48811.71,Oui
10821,15816511,Olisaemeka,550,Allemagne,Homme,29.0,9,72647.04,2,Oui,Non,73742.065,Non
10822,15816512,Obijiaku,771,France,Homme,39.0,5,0.0,2,Oui,Non,48135.32,Non
10823,15816513,Endrizzi,536,France,Femme,22.0,5,44746.31,1,Non,Non,21467.215,Non
10824,15816514,Abbott,573,France,Femme,33.0,0,45062.32,1,Oui,Non,68738.355,Non
10825,15816515,Bateson,567,Allemagne,Femme,40.0,2,52611.43,2,Oui,Non,46897.93,Non
10826,15816516,Paterson,737,Allemagne,Femme,40.0,2,81242.9,2,Oui,Non,,Non
10827,15816517,Judd,578,France,Homme,32.0,4,0.0,2,Oui,Oui,70911.4,Non
10828,15816518,Alekseeva,555,France,Homme,31.0,8,72937.87,1,Oui,Non,68745.615,Non
10829,15816519,Fallaci,557,Espagne,Homme,36.0,1,56555.13,1,Oui,Non,49206.55,Non
10830,15816520,Olisanugo,850,Espagne,Femme,32.0,9,0.0,2,Oui,Oui,9462.46,Non
10831,15816521,Eames,565,Allemagne,Homme,59.0,9,34564.795,1,Oui,Oui,85352.765,Non
10832,15816522,McClinton,590,Espagne,Homme,34.0,0,32906.175,2,Non,Oui,80173.15,Non
10833,15816523,Nnachetam,588,Espagne,Homme,34.0,10,0.0,2,Oui,Non,39539.455,Non
10834,15816524,Amechi,672,Allemagne,Homme,40.0,10,51490.22,1,Oui,Non,642.905,Oui
10835,15816525,Bermudez,675,France,Homme,49.0,8,67566.695,1,Non,Oui,89760.62,Oui
10836,15816526,Belonwu,595,France,Homme,20.0,4,47915.215,1,Oui,Non,88869.49,Non
10837,15816527,Trevascus,600,Allemagne,Femme,58.0,8,59361.555,1,Non,Non,3104.755,Oui
10838,15816528,Luffman,662,Allemagne,Homme,39.0,5,69911.055,2,Oui,Oui,73109.95,Non
10839,15816529,Ch'ang,771,France,Homme,,2,0.0,2,Oui,Oui,99763.67,Non
10840,15816530,Osborne,556,France,Femme,61.0,2,58709.675,1,Oui,Oui,47076.915,Non
10841,15816531,Sanders,516,France,Homme,33.0,7,57597.79,1,Oui,Oui,5602.75,Non
10842,15816532,Kinlaw,689,Espagne,Femme,31.0,4,0.0,2,Oui,Oui,68305.01,Non
10843,15816533,Boni,726,Espagne,Homme,30.0,8,67076.145,1,Oui,Oui,73911.22,Non
10844,15816534,Lin,678,France,Femme,,9,0.0,1,Non,Non,6580.015,Non
10845,15816535,Taylor,497,Espagne,Homme,,7,74700.135,1,Non,Non,83761.095,Non
10846,15816536,Paterson,850,France,Femme,39.0,2,74293.32,1,Oui,Oui,88395.635,Non
10847,15816537,Konovalova,738,Allemagne,Homme,58.0,2,66872.72,4,Oui,Non,14186.93,Oui
10848,15816538,Fu,415,France,Homme,32.0,5,72903.795,1,Oui,Oui,1532.325,Non
10849,15816539,Tang,775,France,Homme,52.0,8,54961.305,1,Oui,Oui,48411.66,Oui
10850,15816540,Hayes-Williams,809,France,Femme,39.0,5,0.0,1,Oui,Non,38852.875,Non
10851,15816541,Baranova,630,France,Femme,40.0,7,0.0,2,Oui,Oui,17226.585,Non
10852,15816542,Jen,561,France,Femme,31.0,1,40740.135,2,Oui,Oui,32617.3,Non
10853,15816543,Blackburn,692,Espagne,Femme,34.0,4,54849.54,1,Oui,Oui,18949.455,Non
10854,15816544,Nwachukwu,613,,Homme,38.0,9,63132.94,2,Non,Non,7929.975,Non
10855,15816545,Marchesi,656,France,Homme,37.0,7,56145.67,1,Oui,Non,76578.985,Non
10856,15816546,K?,716,France,Homme,39.0,1,35328.805,2,Oui,Oui,,Non
10857,15816547,Middleton,603,France,Femme,39.0,9,38384.84,1,Non,Non,24112.36,Non
10858,15816548,Robson,814,Allemagne,Homme,44.0,8,47744.41,2,Non,Non,53506.795,Non
10859,15816549,Y?an,719,France,Femme,54.0,7,0.0,2,Oui,Oui,62520.76,Non
10860,15816550,Genovesi,498,France,Homme,73.0,2,85120.85,2,Oui,Oui,82703.98,Non
10861,15816551,Mahmood,739,France,Femme,20.0,4,66900.49,1,Non,Oui,75122.905,Non
10862,15816552,Golovanov,508,France,Homme,26.0,7,102981.0,1,Oui,Non,78212.2,Non
10863,15816553,Jamieson,693,France,Homme,37.0,1,0.0,2,Oui,Oui,41433.775,Non
10864,15816554,Akabueze,807,France,Femme,,9,83832.415,1,Non,Non,62720.055,Oui
10865,15816555,McElhone,709,France,Femme,32.0,2,43907.445,1,Oui,Non,69289.185,Non
10866,15816556,Nelson,751,France,Femme,37.0,9,91806.83,2,Non,Non,24867.47,Non
10867,15816557,Chimaobim,653,Espagne,Femme,38.0,9,74785.97,1,Oui,Non,59191.59,Non
10868,15816558,Su,619,France,Femme,28.0,3,0.0,2,Oui,Non,,Non
10869,15816559,Udokamma,532,France,Homme,43.0,9,0.0,2,Non,Non,95286.955,Oui
10870,15816560,Fu,779,France,Femme,26.0,0,0.0,2,Non,Oui,,Non
10871,15816561,Vanzetti,627,France,Homme,70.0,1,47208.39,1,Non,Oui,72649.75,Non
10872,15816562,Ch'ang,646,Allemagne,Femme,30.0,10,50274.335,2,Non,Non,68491.885,Non
10873,15816563,Lavrentiev,647,Allemagne,Femme,,3,83259.315,2,Oui,Non,73965.23,Non
10874,15816564,Forbes,799,France,Femme,32.0,3,53022.96,2,Oui,Oui,8969.0,Non
10875,15816565,Dennys,605,France,Femme,32.0,5,0.0,2,Oui,Oui,21067.64,Non
10876,15816566,Dominguez,703,France,Homme,43.0,8,0.0,2,Oui,Non,4852.33,Non
10877,15816567,Baird,681,,Femme,58.0,8,46586.94,1,Oui,Oui,69880.625,Non
10878,15816568,Lei,785,Espagne,Femme,,1,0.0,2,Oui,Non,22556.96,Oui
10879,15816569,Mackie,576,Allemagne,Homme,63.0,3,74421.78,1,Oui,Non,34707.065,Oui
10880,15816570,Kovalev,683,Espagne,Femme,36.0,7,0.0,2,Oui,Non,52393.295,Non
10881,15816571,Wilson,663,Allemagne,Femme,46.0,6,47719.7,1,Oui,Oui,10519.29,Oui
10882,15816572,Wright,730,France,Homme,33.0,0,0.0,2,Oui,Non,737.395,Non
10883,15816573,Kennedy,633,France,Femme,34.0,3,61517.215,2,Oui,Oui,19157.52,Non
10884,15816574,Fraser,490,France,Homme,34.0,5,61476.45,2,Non,Non,77180.485,Non
10885,15816575,Kaur,586,Espagne,Femme,42.0,2,0.0,1,Oui,Non,51444.67,Non
10886,15816576,Bellucci,535,Espagne,Homme,35.0,8,59494.96,1,Oui,Oui,67768.36,Non
10887,15816577,Calabrese,751,France,Femme,48.0,9,0.0,1,Oui,Non,68754.21,Oui
10888,15816578,Pruneda,649,,Homme,36.0,8,0.0,2,Oui,Non,80834.075,Non
10889,15816579,Simmons,592,France,Homme,36.0,1,63238.71,1,Non,Non,,Non
10890,15816580,Hornung,602,France,Femme,,6,77060.66,2,Oui,Non,88307.43,Oui
10891,15816581,Tuan,613,Espagne,Homme,39.0,8,59100.705,1,Oui,Non,11657.795,Non
10892,15816582,Han,479,Allemagne,Femme,30.0,7,71982.18,2,Oui,Non,,Non
10893,15816583,Findlay,579,Espagne,Homme,37.0,5,76106.44,2,Non,Non,60109.57,Non
10894,15816584,Jones,850,Allemagne,Femme,36.0,0,68490.115,2,Oui,Oui,49509.825,Non
10895,15816585,Kingsley,678,France,Homme,28.0,2,54568.56,1,Oui,Oui,29407.205,Non
10896,15816586,Su,678,France,Homme,66.0,8,0.0,2,Oui,Oui,23558.515,Non
10897,15816587,Echezonachukwu,644,France,Homme,33.0,8,0.0,2,Oui,Oui,77647.085,Non
10898,15816588,Rowley,528,France,Homme,37.0,6,51886.225,1,Oui,Non,98555.995,Non
10899,15816589,Kay,657,France,Femme,28.0,7,0.0,2,Non,Oui,2588.81,Non
10900,15816590,Ifeatu,523,France,Homme,61.0,8,33125.355,1,Oui,Oui,10929.53,Non
10901,15816591,Wilson,497,France,Femme,29.0,4,42823.405,1,Non,Non,31616.51,Oui
10902,15816592,Shao,700,France,Femme,36.0,4,0.0,2,Oui,Non,65394.575,Non
10903,15816593,Palerma,715,Allemagne,Homme,42.0,2,44060.485,2,Oui,Oui,10666.61,Non
10904,15816594,Radcliffe-Brown,615,Allemagne,Homme,24.0,8,54264.035,2,Non,Non,89744.205,Oui
10905,15816595,Kung,739,Espagne,Homme,19.0,5,44875.105,1,Oui,Non,96504.26,Non
10906,15816596,Bentley,741,Allemagne,Femme,36.0,0,63837.695,2,Oui,Non,37130.08,Non
10907,15816597,Crawford,738,Allemagne,Femme,57.0,9,74192.32,1,Non,Non,77523.555,Oui
10908,15816598,Fallaci,484,Allemagne,Femme,34.0,4,74124.77,1,Non,Oui,16869.135,Non
10909,15816599,Gray,574,France,Femme,39.0,2,61262.305,2,Oui,Non,44231.815,Non
10910,15816600,Romani,494,France,Homme,28.0,9,57365.88,2,Non,Oui,39739.87,Non
10911,15816601,Trentini,612,Allemagne,Homme,42.0,5,70963.55,1,Oui,Oui,21509.49,Non
10912,15816602,Ikemefuna,544,France,Femme,21.0,10,80762.98,2,Oui,Non,4631.385,Non
10913,15816603,Huang,633,Espagne,Homme,32.0,5,81670.06,2,Oui,Oui,37207.6,Non
10914,15816604,Mazure,648,Allemagne,Homme,37.0,6,65876.705,1,Oui,Non,43447.335,Non
10915,15816605,Norton,702,France,Homme,,4,50027.385,1,Oui,Non,54748.225,Non
10916,15816606,Matveyeva,410,Allemagne,Femme,50.0,2,51139.395,2,Oui,Non,44911.24,Non
10917,15816607,Miles,674,Allemagne,Homme,43.0,8,42978.94,2,Oui,Non,4378.695,Non
10918,15816608,McGregor,645,France,Homme,19.0,9,64257.42,1,Non,Non,87984.595,Non
10919,15816609,Ferguson,580,Allemagne,Homme,76.0,2,65167.42,2,Oui,Oui,25836.04,Non
10920,15816610,Ward,626,,Femme,48.0,2,0.0,2,Oui,Oui,47897.49,Non
10921,15816611,Charlton,608,Allemagne,Femme,40.0,7,48101.16,1,Non,Non,80577.425,Non
10922,15816612,Kanayochukwu,617,France,Femme,,2,82973.995,2,Non,Oui,84417.19,Non
10923,15816613,Chikezie,550,France,Femme,48.0,6,0.0,2,Oui,Oui,95935.14,Non
10924,15816614,Keeley,644,France,Homme,48.0,8,0.0,2,Non,Oui,22482.77,Oui
10925,15816615,Maxwell,541,France,Femme,39.0,6,54922.405,1,Oui,Non,12644.615,Non
10926,15816616,Carroll,646,France,Homme,40.0,5,46840.215,2,Oui,Oui,89736.63,Non
10927,15816617,French,543,France,Femme,32.0,7,73628.43,1,Oui,Non,56385.975,Non
10928,15816618,Dalrymple,593,Allemagne,Femme,38.0,5,71329.02,2,Non,Oui,67668.555,Non
10929,15816619,Chigbogu,817,France,Homme,59.0,1,59481.29,1,Oui,Oui,60409.79,Non
10930,15816620,Hsu,717,France,Femme,41.0,3,67878.48,1,Oui,Oui,51853.205,Non
10931,15816621,Mirams,839,Espagne,Femme,33.0,10,37796.215,1,Oui,Non,31337.21,Non
10932,15816622,H?,565,Allemagne,Femme,38.0,7,72700.345,2,Oui,Oui,,Non
10933,15816623,He,516,Espagne,Homme,50.0,5,0.0,1,Non,Oui,73072.965,Oui
10934,15816624,Ts'ui,555,Espagne,Homme,33.0,5,63671.7,1,Non,Oui,60894.65,Non
10935,15816625,King,666,France,Femme,27.0,1,42612.605,1,Non,Oui,32255.72,Non
10936,15816626,Humphries,540,France,Femme,31.0,7,0.0,1,Non,Oui,91525.8,Oui
10937,15816627,Locke,850,France,Homme,31.0,4,0.0,2,Non,Non,76149.14,Non
10938,15816628,Wilson,732,France,Homme,36.0,5,0.0,2,Oui,Non,80714.125,Non
10939,15816629,Ignatieff,665,France,Femme,23.0,9,71836.45,1,Oui,Oui,57573.665,Non
10940,15816630,Cox,628,France,Homme,69.0,5,0.0,2,Oui,Oui,90982.3,Non
10941,15816631,Robertson,671,France,Femme,29.0,3,0.0,2,Oui,Non,79021.555,Non
10942,15816632,Mancini,695,France,Femme,42.0,5,0.0,1,Non,Oui,36086.065,Oui
10943,15816633,Lucchese,639,France,Homme,32.0,9,0.0,2,Oui,Non,55670.18,Non
10944,15816634,Esposito,607,Espagne,Femme,32.0,7,0.0,3,Non,Oui,5337.31,Non
10945,15816635,Pagnotto,598,France,Femme,64.0,9,0.0,1,Non,Oui,6590.685,Oui
10946,15816636,Douglas,550,Allemagne,Femme,42.0,10,64353.655,1,Oui,Non,31546.325,Oui
10947,15816637,Chiang,651,Espagne,Homme,23.0,4,57818.025,2,Oui,Non,35200.43,Non
10948,15816638,Sal,576,France,Homme,41.0,1,0.0,1,Oui,Oui,94137.3,Non
10949,15816639,Bergamaschi,674,Espagne,Femme,41.0,4,63302.57,1,Oui,Oui,83347.465,Non
10950,15816640,Holman,571,France,Femme,,9,0.0,2,Non,Oui,38759.81,Non
10951,15816641,Palmer,660,Allemagne,Homme,26.0,4,57510.88,1,Non,Oui,81221.525,Non
10952,15816642,Robson,579,France,Femme,33.0,1,59196.375,1,Oui,Oui,78782.375,Non
10953,15816643,Hsu,803,France,Femme,32.0,9,96061.42,1,Oui,Oui,27138.725,Oui
10954,15816644,Okorie,680,France,Homme,37.0,4,0.0,2,Oui,Non,30620.435,Non
10955,15816645,Chu,594,Allemagne,Femme,21.0,2,43548.41,2,Oui,Non,84093.055,Non
10956,15816646,Napolitani,587,Espagne,Femme,35.0,3,41643.28,1,Oui,Non,62776.76,Non
10957,15816647,Bradley,731,Allemagne,Femme,,9,39560.135,1,Non,Non,274.26,Oui
10958,15816648,Nnachetam,537,France,Homme,26.0,7,53198.875,1,Non,Non,51781.615,Non
10959,15816649,Loggia,737,Espagne,Femme,39.0,7,65025.83,2,Non,Non,27678.195,Oui
10960,15816650,Cremonesi,686,Espagne,Homme,39.0,10,68129.03,1,Non,Non,44599.755,Non
10961,15816651,Fleming,812,Espagne,Homme,38.0,3,63558.9,2,Oui,Oui,87411.37,Non
10962,15816652,Manna,667,Allemagne,Femme,56.0,8,68732.02,1,Oui,Non,65423.395,Oui
10963,15816653,Mordvinova,630,France,Femme,36.0,8,63299.495,2,Oui,Oui,67203.965,Non
10964,15816654,Mellor,603,Allemagne,Femme,40.0,8,74448.51,1,Non,Non,52526.45,Non
10965,15816655,Udegbunam,558,Espagne,Homme,40.0,4,80883.435,1,Non,Non,46189.27,Non
10966,15816656,Thao,511,France,Femme,33.0,3,0.0,2,Oui,Non,66218.355,Non
10967,15816657,Hsu,420,Allemagne,Femme,31.0,1,54188.875,2,Oui,Oui,4952.315,Non
10968,15816658,Stewart,473,Allemagne,Femme,35.0,7,65752.365,1,Oui,Non,94780.215,Non
10969,15816659,Anderson,669,France,Homme,26.0,4,0.0,2,Oui,Oui,,Non
10970,15816660,Fiorentini,624,France,Homme,71.0,7,0.0,2,Oui,Oui,54420.915,Non
10971,15816661,Jideofor,696,Espagne,Femme,51.0,5,0.0,2,Oui,Non,27511.215,Non
10972,15816662,Romani,750,Espagne,Femme,37.0,2,56908.53,1,Non,Non,44166.87,Non
10973,15816663,Chukwubuikem,558,France,Homme,27.0,1,76141.695,1,Oui,Non,91635.575,Non
10974,15816664,Iroawuchi,651,France,Homme,35.0,0,90910.98,2,Non,Oui,18461.835,Oui
10975,15816665,Ikedinachukwu,568,Espagne,Femme,32.0,7,84699.8,1,Oui,Non,,Non
10976,15816666,Brennan,654,France,Homme,29.0,1,0.0,1,Oui,Non,90172.72,Non
10977,15816667,Muir,774,France,Homme,26.0,2,46922.345,1,Oui,Non,14207.68,Non
10978,15816668,Hope,763,Allemagne,Femme,32.0,1,54232.825,2,Oui,Non,30276.22,Oui
10979,15816669,Heath,631,Allemagne,Femme,29.0,2,48431.76,2,Oui,Oui,15806.675,Non
10980,15816670,Abbott,645,,Femme,24.0,3,17273.91,1,Oui,Oui,5819.085,Non
10981,15816671,Black,697,France,Femme,48.0,1,0.0,2,Oui,Oui,43700.265,Non
10982,15816672,Sal,627,Espagne,Femme,35.0,7,0.0,1,Oui,Non,93859.13,Non
10983,15816673,Terry,744,Allemagne,Homme,29.0,6,61868.52,2,Oui,Non,70779.02,Non
10984,15816674,Holmes,611,France,Homme,53.0,3,41784.13,1,Non,Non,617.745,Non
10985,15816675,Arnold,609,France,Homme,40.0,6,0.0,2,Oui,Oui,48708.17,Non
10986,15816676,Okwudilichukwu,460,Allemagne,Homme,,4,63779.985,2,Oui,Oui,63476.25,Non
10987,15816677,Henderson,713,Espagne,Femme,47.0,1,0.0,1,Oui,Non,53912.54,Oui
10988,15816678,Tyler,776,Allemagne,Femme,32.0,4,54710.565,2,Oui,Oui,63258.73,Non
10989,15816679,Lung,810,France,Femme,51.0,5,0.0,2,Non,Oui,92262.37,Non
10990,15816680,Babbage,695,Espagne,Femme,34.0,9,0.0,2,Oui,Oui,33751.06,Non
10991,15816681,Ferguson,613,Allemagne,Femme,20.0,0,58678.095,1,Non,Non,56778.85,Oui
10992,15816682,Osonduagwuike,837,Allemagne,Homme,38.0,2,63366.425,1,Oui,Oui,39788.69,Non
10993,15816683,Walker,669,Allemagne,Homme,47.0,0,31861.89,2,Oui,Oui,90964.125,Non
10994,15816684,Freeman,782,Espagne,Homme,34.0,6,73711.22,1,Non,Oui,21071.805,Non
10995,15816685,Palermo,723,France,Femme,40.0,7,71428.475,2,Non,Non,19009.87,Non
10996,15816686,Macfarlan,618,France,Homme,48.0,7,0.0,1,Oui,Non,6960.91,Oui
10997,15816687,Marsh,661,France,Femme,31.0,3,66982.15,1,Oui,Oui,83093.55,Non
10998,15816688,Onwumelu,661,France,Homme,33.0,9,0.0,2,Oui,Oui,42087.405,Non
10999,15816689,Kerr,772,France,Homme,43.0,6,0.0,2,Oui,Oui,28837.94,Non
11000,15816690,Longo,579,Allemagne,Homme,49.0,4,84688.655,1,Oui,Oui,61767.525,Non
11001,15816691,Marino,773,Espagne,Femme,23.0,8,0.0,2,Oui,Non,28379.895,Non
11002,15816692,Paterson,647,Allemagne,Homme,30.0,6,71569.455,2,Oui,Non,1477.73,Non
11003,15816693,Gratton,629,France,Homme,31.0,6,0.0,2,Oui,Non,46940.875,Non
11004,15816694,Long,763,France,Femme,23.0,2,0.0,2,Oui,Non,76991.995,Non
11005,15816695,Chu,645,Espagne,Homme,44.0,8,56877.89,2,Oui,Non,74878.355,Oui
11006,15816696,Power,701,France,Homme,37.0,8,65045.75,1,Oui,Oui,60015.645,Non
11007,15816697,Eluemuno,702,Allemagne,Femme,60.0,5,69298.77,2,Oui,Oui,20768.295,Oui
11008,15816698,Burns,727,Allemagne,Homme,40.0,1,46525.82,2,Oui,Non,35932.655,Oui
11009,15816699,Robertson,704,Espagne,Homme,38.0,6,53343.88,1,Oui,Non,,Non
11010,15816700,Hancock,552,France,Homme,49.0,4,0.0,1,Oui,Oui,95148.38,Oui
11011,15816701,Napolitani,682,France,Homme,28.0,10,100362.48,1,Non,Oui,41436.32,Oui
11012,15816702,Doherty,724,France,Homme,30.0,10,0.0,2,Oui,Oui,27132.775,Non
11013,15816703,Chinedum,699,France,Homme,34.0,2,58734.335,1,Oui,Non,92613.71,Non
11014,15816704,Mahmood,639,France,Homme,22.0,4,0.0,2,Oui,Non,14094.48,Non
11015,15816705,Davidson,500,Espagne,Homme,40.0,1,49502.12,1,Oui,Oui,76422.995,Non
11016,15816706,Horton,672,,Femme,21.0,3,82939.38,2,Oui,Oui,82268.585,Non
11017,15816707,Hsueh,651,Allemagne,Femme,42.0,1,58323.38,1,Oui,Non,22365.9,Oui
11018,15816708,Ritchie,675,France,Homme,39.0,7,0.0,2,Non,Oui,18133.605,Non
11019,15816709,Nelson,655,Espagne,Homme,34.0,1,58057.465,1,Oui,Oui,24746.075,Non
11020,15816710,Fiorentino,583,Allemagne,Femme,32.0,7,47376.775,2,Oui,Oui,9074.515,Non
11021,15816711,Ershova,722,France,Homme,40.0,6,0.0,2,Oui,Oui,55946.545,Non
11022,15816712,Baryshnikov,741,Espagne,Homme,43.0,0,0.0,2,Oui,Oui,1460.315,Oui
11023,15816713,Tung,605,France,Homme,52.0,1,31674.875,1,Oui,Non,54443.72,Non
11024,15816714,Akabueze,726,Espagne,Femme,26.0,1,40390.08,1,Oui,Oui,9612.925,Non
11025,15816715,Onuoha,625,France,Femme,40.0,7,70633.835,1,Non,Oui,88698.745,Non
11026,15816716,Hsia,517,,Homme,62.0,1,21886.33,3,Oui,Non,93878.12,Oui
11027,15816717,Duncan,710,Espagne,Femme,36.0,8,0.0,2,Non,Non,41603.095,Non
11028,15816718,Shaw,616,France,Homme,23.0,8,36556.475,1,Oui,Oui,31366.525,Non
11029,15816719,Quinn,603,Allemagne,Homme,44.0,6,54061.195,2,Oui,Non,54244.165,Oui
11030,15816720,Black,641,France,Homme,,2,73096.8,2,Oui,Oui,27898.415,Oui
11031,15816721,Atkins,788,Espagne,Homme,34.0,6,78239.31,1,Non,Oui,,Non
11032,15816722,Kwemto,572,Allemagne,Femme,35.0,1,69989.535,1,Oui,Non,92831.42,Non
11033,15816723,Chukwuemeka,467,Espagne,Homme,,5,0.0,2,Oui,Oui,3707.98,Non
11034,15816724,T'ao,741,Espagne,Homme,35.0,6,37185.745,1,Non,Non,49797.835,Non
11035,15816725,Hou,630,France,Homme,53.0,5,69026.835,1,Non,Oui,57055.485,Non
11036,15816726,Kung,427,France,Homme,29.0,1,70662.78,1,Oui,Oui,46919.65,Non
11037,15816727,Chibueze,647,Allemagne,Femme,41.0,1,42953.325,3,Oui,Non,94579.985,Non
11038,15816728,Dalton,596,Allemagne,Femme,27.0,2,75513.78,1,Oui,Non,85160.29,Non
11039,15816729,Rowley,496,Espagne,Femme,44.0,0,89678.14,2,Oui,Non,1459.605,Oui
11040,15816730,Porter,741,Allemagne,Homme,36.0,8,58496.715,2,Oui,Non,84408.11,Non
11041,15816731,Yuan,763,France,Femme,31.0,4,0.0,2,Non,Non,25202.36,Non
11042,15816732,Yen,737,France,Homme,41.0,1,50980.37,1,Oui,Oui,61773.64,Non
11043,15816733,Chiazagomekpere,645,France,Femme,38.0,5,50715.15,2,Non,Oui,,Non
11044,15816734,Conti,549,France,Homme,37.0,2,56270.77,2,Non,Non,23716.215,Non
11045,15816735,Golubev,718,Allemagne,Homme,63.0,7,61602.44,1,Oui,Oui,50269.4,Non
11046,15816736,Duncan,697,France,Femme,39.0,6,75776.595,1,Oui,Oui,22473.145,Non
11047,15816737,Yefimov,768,Allemagne,Homme,48.0,3,61415.79,1,Oui,Oui,12266.945,Oui
11048,15816738,Yuan,650,Espagne,Femme,25.0,3,43302.75,3,Oui,Non,8324.655,Oui
11049,15816739,Ting,818,France,Femme,49.0,2,0.0,1,Non,Oui,96149.42,Oui
11050,15816740,Montes,519,France,Femme,38.0,7,62664.28,1,Oui,Non,94112.835,Non
11051,15816741,Anderson,671,Espagne,Homme,58.0,1,89356.99,1,Oui,Oui,10884.105,Non
11052,15816742,Bergamaschi,637,Allemagne,Homme,35.0,8,73563.905,2,Oui,Oui,42380.35,Non
11053,15816743,Nwora,620,Allemagne,Femme,25.0,8,70912.94,1,Oui,Oui,36928.97,Oui
11054,15816744,Muir,744,France,Homme,42.0,1,56209.96,1,Oui,Oui,41511.46,Non
11055,15816745,Lung,599,Espagne,Homme,42.0,6,0.0,2,Oui,Non,56934.2,Non
11056,15816746,Loggia,481,France,Homme,40.0,3,0.0,1,Oui,Oui,16159.965,Non
11057,15816747,Trentini,553,Allemagne,Homme,43.0,6,42600.41,2,Oui,Oui,80287.045,Non
11058,15816748,Aleshire,807,France,Homme,35.0,3,87395.075,1,Oui,Oui,300.18,Non
11059,15816749,Ugorji,627,Allemagne,Homme,52.0,1,38050.905,2,Non,Oui,88619.175,Non
11060,15816750,Hannah,683,Allemagne,Femme,32.0,0,69085.55,2,Oui,Oui,94101.79,Non
11061,15816751,Andrews,722,France,Femme,35.0,2,81971.945,2,Oui,Oui,7534.09,Non
11062,15816752,Fraser,769,France,Homme,31.0,4,30648.525,2,Oui,Oui,3559.01,Non
11063,15816753,Simpson,850,France,Homme,58.0,8,78326.065,1,Non,Non,12949.605,Oui
11064,15816754,Campbell,350,Allemagne,Homme,39.0,0,54866.6,2,Non,Non,61801.055,Oui
11065,15816755,McKelvey,564,Allemagne,Homme,40.0,7,54203.67,1,Oui,Oui,41840.6,Non
11066,15816756,Bulgakov,678,France,Femme,48.0,2,0.0,2,Oui,Oui,16150.94,Non
11067,15816757,Kao,703,France,Homme,32.0,1,62842.895,1,Oui,Oui,28123.36,Non
11068,15816758,Grave,826,France,Homme,55.0,4,57642.925,1,Oui,Non,70063.085,Non
11069,15816759,Osorio,822,France,Homme,32.0,8,58179.0,1,Oui,Non,54399.18,Non
11070,15816760,Fennescey,749,France,Homme,42.0,2,28363.415,2,Non,Oui,92771.675,Non
11071,15816761,Lorenzo,481,France,Femme,57.0,9,0.0,3,Oui,Oui,84859.675,Oui
11072,15816762,Folliero,630,France,Femme,26.0,5,0.0,2,Oui,Non,91306.19,Non
11073,15816763,Adamson,506,France,Femme,57.0,6,0.0,2,Non,Oui,97210.56,Oui
11074,15816764,White,648,France,Femme,54.0,9,60316.71,1,Non,Non,2962.19,Oui
11075,15816765,Dennis,712,Allemagne,Homme,37.0,7,46989.48,2,Oui,Non,30325.885,Non
11076,15816766,Tai,675,Espagne,Homme,33.0,3,0.0,2,Oui,Non,22674.04,Non
11077,15816767,Nnaemeka,621,Espagne,Homme,33.0,4,0.0,2,Oui,Oui,20149.615,Non
11078,15816768,Mitchell,667,France,Homme,36.0,8,69876.675,1,Oui,Non,39935.58,Non
11079,15816769,Evans,799,Allemagne,Homme,28.0,7,83829.165,2,Oui,Oui,55569.125,Non
11080,15816770,Nwachinemelu,657,Espagne,Homme,41.0,8,54701.065,1,Oui,Oui,33231.81,Non
11081,15816771,Pokrovskii,652,France,Femme,80.0,4,0.0,2,Oui,Oui,94301.535,Non
11082,15816772,Cameron,615,France,Homme,32.0,4,0.0,2,Oui,Oui,3112.815,Non
11083,15816773,Pagnotto,786,Allemagne,Femme,33.0,0,61162.79,1,Non,Non,17356.17,Oui
11084,15816774,Galkin,562,Espagne,Femme,35.0,0,0.0,2,Oui,Non,59949.76,Non
11085,15816775,Howarth,608,France,Femme,41.0,5,0.0,2,Oui,Oui,36231.125,Non
11086,15816776,Rizzo,626,France,Femme,39.0,0,0.0,2,Oui,Oui,,Non
11087,15816777,Nicholls,575,Espagne,Homme,53.0,1,42451.665,2,Non,Oui,13007.9,Non
11088,15816778,Simmons,735,Espagne,Homme,39.0,1,30187.49,1,Oui,Non,20111.87,Non
11089,15816779,Iadanza,781,Espagne,Homme,33.0,3,0.0,2,Oui,Oui,21278.165,Non
11090,15816780,Moss,756,Espagne,Homme,30.0,2,72563.925,1,Non,Non,3777.34,Non
11091,15816781,Jibunoh,719,France,Femme,42.0,4,0.0,1,Oui,Non,14232.93,Oui
11092,15816782,Webb,701,France,Homme,30.0,3,78330.36,2,Oui,Non,22871.21,Non
11093,15816783,Willis,725,Espagne,Femme,36.0,4,59260.13,1,Non,Non,65586.95,Oui
11094,15816784,Butcher,701,France,Femme,42.0,6,43083.91,1,Oui,Non,76671.19,Non
11095,15816785,Palermo,713,Espagne,Femme,26.0,4,61428.73,2,Oui,Non,72341.085,Oui
11096,15816786,Cunningham,729,Allemagne,Homme,,6,63707.925,1,Oui,Oui,92488.6,Oui
11097,15816787,Heath,731,Espagne,Femme,26.0,3,0.0,2,Oui,Non,18848.645,Non
11098,15816788,Cheng,561,France,Homme,43.0,4,0.0,4,Non,Non,9261.455,Oui
11099,15816789,Palerma,686,France,Femme,41.0,7,76052.785,2,Non,Oui,66187.205,Non
11100,15816790,Rozier,850,Espagne,Femme,45.0,2,61155.605,1,Oui,Oui,9741.25,Non
11101,15816791,Lazareva,598,Espagne,Homme,39.0,1,0.0,2,Oui,Non,79565.16,Non
11102,15816792,Mazzanti,711,France,Homme,58.0,9,45642.565,2,Oui,Oui,13383.925,Non
11103,15816793,Chukwukere,601,France,Homme,41.0,1,61985.58,1,Non,Oui,86407.495,Non
11104,15816794,Nwebube,630,France,Homme,26.0,7,64918.86,2,Non,Oui,98500.575,Non
11105,15816795,Palerma,742,Allemagne,Femme,43.0,6,48533.845,1,Non,Oui,30460.015,Oui
11106,15816796,Ugonna,693,Allemagne,Homme,44.0,5,62300.79,2,Oui,Oui,23499.065,Oui
11107,15816797,Kovaleva,535,France,Homme,,2,59636.145,1,Non,Non,97948.295,Oui
11108,15816798,White,812,France,Homme,44.0,4,57524.575,2,Oui,Non,82519.205,Non
11109,15816799,Bryant,641,France,Femme,48.0,3,73670.715,1,Oui,Oui,78729.305,Oui
11110,15816800,Wood,534,France,Homme,41.0,9,0.0,2,Oui,Non,6935.67,Non
11111,15816801,Downer,628,France,Femme,31.0,5,0.0,1,Non,Non,73981.535,Oui
11112,15816802,Knight,794,Espagne,Homme,33.0,8,0.0,2,Non,Non,45670.01,Non
11113,15816803,Dickson,604,Espagne,Femme,41.0,10,0.0,2,Oui,Oui,83112.195,Non
11114,15816804,Korovina,744,Allemagne,Homme,,4,48053.415,1,Oui,Oui,39906.385,Non
11115,15816805,Matveyev,540,Espagne,Femme,28.0,6,42060.52,1,Non,Oui,40349.27,Non
11116,15816806,Calabresi,492,Allemagne,Femme,38.0,8,28534.215,2,Oui,Non,94487.405,Non
11117,15816807,Toscani,476,Allemagne,Homme,30.0,3,67183.21,1,Oui,Non,34171.765,Non
11118,15816808,Clark,726,France,Femme,38.0,5,63437.81,1,Oui,Non,64026.145,Non
11119,15816809,Ch'ien,367,Espagne,Homme,42.0,6,46804.14,1,Oui,Non,84408.365,Oui
11120,15816810,Rivero,589,Allemagne,Femme,20.0,2,60546.645,2,Oui,Non,1764.86,Non
11121,15816811,Munro,662,France,Femme,22.0,2,63181.285,2,Oui,Oui,48691.4,Non
11122,15816812,Argyle,604,Espagne,Femme,34.0,3,0.0,2,Oui,Non,19293.85,Non
11123,15816813,Tsao,684,Allemagne,Femme,26.0,2,57017.695,1,Non,Non,48442.595,Non
11124,15816814,Monnier,774,France,Homme,76.0,4,56255.445,1,Oui,Oui,71566.59,Non
11125,15816815,Piccio,625,Allemagne,Homme,56.0,0,74253.62,1,Oui,Non,23412.04,Oui
11126,15816816,Christian,850,Allemagne,Femme,27.0,8,55918.89,2,Oui,Oui,55402.895,Non
11127,15816817,Yobachukwu,648,Espagne,Femme,56.0,6,78779.795,2,Oui,Non,70495.615,Oui
11128,15816818,Cox,656,France,Femme,30.0,4,37161.6,1,Oui,Oui,11464.54,Non
11129,15816819,Cremonesi,602,France,Femme,33.0,8,0.0,2,Oui,Oui,56464.37,Non
11130,15816820,Gerasimov,510,Espagne,Femme,38.0,4,0.0,1,Oui,Non,59456.765,Oui
11131,15816821,McKay,821,France,Femme,40.0,1,0.0,2,Oui,Non,97136.56,Non
11132,15816822,Gordon,619,Espagne,Femme,32.0,4,87703.065,2,Oui,Oui,86396.215,Oui
11133,15816823,Thorpe,562,France,Homme,42.0,2,50119.175,1,Non,Non,43398.705,Non
11134,15816824,Todd,716,Espagne,Homme,33.0,2,0.0,2,Oui,Oui,46458.265,Non
11135,15816825,Gallo,760,Espagne,Homme,43.0,6,87867.75,1,Oui,Oui,78668.645,Non
11136,15816826,Hargreaves,731,Espagne,Femme,39.0,2,63408.09,1,Oui,Oui,37425.465,Non
11137,15816827,Brient,589,Allemagne,Homme,38.0,8,46109.605,1,Oui,Non,49553.485,Non
11138,15816828,Davidson,476,,Femme,34.0,8,55952.715,1,Non,Oui,98610.905,Oui
11139,15816829,Marsh,701,France,Homme,39.0,9,70118.49,1,Non,Oui,73325.995,Non
11140,15816830,Tsai,546,Allemagne,Femme,42.0,9,43175.925,2,Oui,Non,,Non
11141,15816831,Etheridge,598,France,Homme,35.0,8,57106.3,1,Oui,Oui,37161.425,Non
11142,15816832,Toosey,532,France,Homme,38.0,9,0.0,2,Non,Non,15291.975,Non
11143,15816833,Chiemenam,758,Allemagne,Femme,23.0,5,61369.55,1,Oui,Non,51230.42,Oui
11144,15816834,Simmons,754,France,Femme,,2,0.0,2,Non,Non,1762.345,Non
11145,15816835,Palermo,539,Espagne,Homme,36.0,6,0.0,3,Oui,Oui,59479.82,Non
11146,15816836,Perry,751,,Homme,38.0,7,0.0,2,Non,Non,45419.805,Non
11147,15816837,Mullah,850,Espagne,Homme,37.0,2,0.0,2,Oui,Non,59984.995,Non
11148,15816838,Andrejew,606,,Homme,33.0,8,0.0,2,Oui,Oui,31588.385,Non
11149,15816839,Kelly,612,Espagne,Homme,39.0,5,85144.19,1,Oui,Oui,29800.575,Non
11150,15816840,Ifeajuna,691,Espagne,Homme,30.0,9,0.0,2,Non,Oui,5481.52,Non
11151,15816841,Bull,677,France,Femme,36.0,7,0.0,1,Oui,Non,23659.375,Non
11152,15816842,McKay,607,Espagne,Femme,33.0,2,54215.935,2,Non,Oui,54645.695,Oui
11153,15816843,Milano,756,France,Femme,24.0,1,0.0,2,Oui,Non,92091.125,Non
11154,15816844,Linger,611,France,Homme,30.0,9,0.0,2,Oui,Oui,74443.845,Non
11155,15816845,Fiorentini,572,Allemagne,Homme,47.0,4,49676.71,1,Oui,Non,98274.925,Oui
11156,15816846,Giles,675,France,Homme,54.0,6,0.0,1,Oui,Non,55136.92,Oui
11157,15816847,Rivers,657,France,Homme,50.0,9,0.0,2,Non,Non,18585.73,Non
11158,15816848,Harrington,795,,Femme,36.0,1,75922.32,1,Oui,Oui,67694.445,Non
11159,15816849,Costa,825,Allemagne,Homme,37.0,6,59025.395,1,Non,Oui,26150.575,Non
11160,15816850,Winters,659,France,Femme,49.0,1,0.0,1,Oui,Non,58124.86,Oui
11161,15816851,Marchesi,638,Allemagne,Homme,27.0,4,67548.025,1,Oui,Oui,93261.86,Oui
11162,15816852,Tikhonov,427,Espagne,Femme,39.0,9,0.0,2,Oui,Non,14184.185,Non
11163,15816853,Yuriev,775,Allemagne,Homme,70.0,6,59842.44,2,Oui,Oui,37266.01,Non
11164,15816854,Hart,850,Espagne,Homme,51.0,3,54899.775,2,Oui,Oui,6228.88,Oui
11165,15816855,Yobachukwu,850,Espagne,Homme,41.0,8,66419.035,1,Oui,Oui,87673.64,Non
11166,15816856,Chukwualuka,558,Allemagne,Homme,39.0,10,72378.51,1,Oui,Non,11439.08,Oui
11167,15816857,Barbour,624,Allemagne,Femme,35.0,0,90151.62,2,Oui,Non,81793.95,Non
11168,15816858,Sun,503,France,Homme,42.0,8,52215.04,1,Oui,Oui,73778.855,Non
11169,15816859,Cremonesi,725,France,Femme,44.0,10,0.0,1,Non,Oui,46888.805,Non
11170,15816860,Ross,632,France,Homme,60.0,2,0.0,2,Non,Oui,1042.66,Non
11171,15816861,Kent,694,,Homme,37.0,10,71917.735,1,Non,Oui,16663.355,Non
11172,15816862,Ibezimako,769,Allemagne,Homme,43.0,4,55091.27,2,Oui,Oui,43768.66,Non
11173,15816863,Sims,803,France,Femme,26.0,4,0.0,2,Oui,Oui,90604.235,Non
11174,15816864,Tsui,850,Allemagne,Femme,38.0,2,51370.575,2,Non,Oui,11987.425,Non
11175,15816865,Cheatham,738,Allemagne,Femme,40.0,6,57470.335,2,Oui,Oui,97447.785,Oui
11176,15816866,Begum,647,Allemagne,Femme,51.0,1,59870.885,2,Non,Non,27477.255,Oui
11177,15816867,Amadi,585,,Femme,32.0,8,72352.935,2,Non,Non,85741.28,Non
11178,15816868,Allan,411,France,Femme,36.0,10,0.0,1,Non,Non,60347.175,Non
11179,15816869,Chu,552,France,Femme,34.0,5,0.0,2,Oui,Oui,675.705,Non
11180,15816870,Ewing,850,France,Homme,29.0,1,0.0,2,Non,Non,76498.445,Non
11181,15816871,Lane,655,France,Femme,41.0,5,0.0,1,Non,Non,18274.0,Oui
11182,15816872,Evseev,603,Espagne,Femme,42.0,6,0.0,1,Oui,Oui,,Non
11183,15816873,Artyomova,529,Espagne,Homme,34.0,9,0.0,1,Oui,Oui,46604.11,Non
11184,15816874,Osinachi,437,France,Femme,26.0,1,60461.76,1,Non,Oui,39427.285,Non
11185,15816875,Balmain,607,France,Femme,27.0,2,0.0,2,Oui,Non,31747.93,Non
11186,15816876,Nucci,832,France,Femme,27.0,10,49295.125,1,Oui,Non,15456.445,Non
11187,15816877,Kosovich,641,France,Femme,37.0,2,0.0,2,Oui,Non,1969.935,Non
11188,15816878,Simon,671,Allemagne,Femme,23.0,9,61971.59,1,Oui,Oui,,Non
11189,15816879,Ward,586,,Homme,34.0,5,84047.005,1,Non,Non,10029.305,Non
11190,15816880,Anayolisa,776,Espagne,Homme,33.0,2,0.0,2,Oui,Oui,88460.5,Non
11191,15816881,Padovesi,622,France,Femme,30.0,4,53939.52,1,Non,Oui,98447.31,Non
11192,15816882,Unwin,665,France,Femme,34.0,5,33908.36,1,Oui,Oui,14820.79,Non
11193,15816883,Nevels,699,France,Homme,27.0,1,0.0,2,Oui,Non,46501.605,Non
11194,15816884,Mosman,669,France,Homme,46.0,3,0.0,2,Non,Oui,4243.875,Non
11195,15816885,Ositadimma,559,Espagne,Femme,40.0,7,72235.385,1,Oui,Oui,9458.975,Non
11196,15816886,Genovesi,607,France,Femme,33.0,8,45650.86,1,Non,Oui,65412.285,Non
11197,15816887,Hay,593,Allemagne,Homme,74.0,5,80717.18,2,Oui,Oui,32766.085,Non
11198,15816888,Pisano,666,Allemagne,Femme,44.0,2,61157.25,1,Non,Non,34287.44,Oui
11199,15816889,Buccho,768,France,Homme,30.0,6,0.0,2,Oui,Oui,99727.185,Non
11200,15816890,Eluemuno,771,Allemagne,Femme,38.0,5,68828.855,2,Oui,Non,36492.805,Non
11201,15816891,Bidwill,504,Allemagne,Homme,43.0,5,67370.095,2,Oui,Non,,Non
11202,15816892,Sutherland,550,France,Homme,25.0,0,0.0,2,Oui,Oui,92110.555,Non
11203,15816893,Quinn,701,Espagne,Femme,21.0,9,0.0,2,Oui,Oui,13163.71,Non
11204,15816894,Martin,555,France,Homme,55.0,4,73399.405,1,Oui,Oui,37074.885,Non
11205,15816895,MacDonald,688,France,Femme,51.0,5,0.0,1,Oui,Non,45812.055,Oui
11206,15816896,Ramos,630,Allemagne,Homme,50.0,3,64685.455,4,Oui,Oui,23887.67,Oui
11207,15816897,Edmondson,633,Espagne,Homme,42.0,10,0.0,1,Non,Oui,39704.085,Non
11208,15816898,Ma,490,,Femme,41.0,0,69829.52,1,Oui,Oui,88127.06,Non
11209,15816899,Robertson,664,Espagne,Homme,32.0,5,66852.87,1,Non,Non,67227.92,Non
11210,15816900,Redding,787,France,Homme,33.0,1,63294.405,2,Non,Oui,31081.765,Non
11211,15816901,Bianchi,648,France,Femme,50.0,9,51267.785,1,Oui,Oui,94771.595,Non
11212,15816902,Cremin,632,Espagne,Femme,32.0,1,0.0,2,Oui,Non,9762.825,Non
11213,15816903,MacDonald,602,Espagne,Femme,22.0,7,70802.38,1,Oui,Non,15189.8,Non
11214,15816904,Meng,667,France,Homme,33.0,4,0.0,2,Oui,Oui,65917.375,Non
11215,15816905,Mancini,501,Allemagne,Homme,27.0,4,47665.915,2,Oui,Non,66052.38,Non
11216,15816906,Bruno,744,France,Homme,56.0,9,0.0,2,Oui,Oui,84749.305,Non
11217,15816907,Chung,597,France,Femme,33.0,6,67851.795,2,Non,Non,37425.42,Non
11218,15816908,T'ang,504,Allemagne,Homme,32.0,8,85145.61,2,Non,Oui,7829.495,Non
11219,15816909,Benson,585,Allemagne,Femme,40.0,3,81130.505,2,Oui,Non,68514.255,Non
11220,15816910,Wallace,493,France,Femme,36.0,2,0.0,2,Non,Oui,49885.15,Non
11221,15816911,Sutton,644,France,Femme,40.0,9,68642.63,4,Oui,Non,38531.815,Oui
11222,15816912,Wright,772,Allemagne,Femme,48.0,6,54368.26,1,Oui,Non,92282.335,Oui
11223,15816913,Godfrey,594,Allemagne,Homme,28.0,0,71287.355,2,Oui,Non,64542.41,Non
11224,15816914,St Clair,477,Allemagne,Femme,39.0,4,91245.785,1,Oui,Non,92915.36,Non
11225,15816915,Knox,624,Allemagne,Homme,27.0,9,47333.645,2,Non,Oui,2235.26,Non
11226,15816916,Zox,778,Allemagne,Femme,48.0,3,51145.28,2,Oui,Non,,Non
11227,15816917,Yudina,505,France,Femme,36.0,2,39975.95,1,Non,Oui,87061.58,Oui
11228,15816918,Wilson,634,Espagne,Homme,31.0,9,54316.24,1,Oui,Oui,89742.98,Oui
11229,15816919,Lu,766,Allemagne,Femme,28.0,4,45348.39,1,Non,Oui,10798.6,Non
11230,15816920,Fraser,570,Allemagne,Homme,35.0,6,42834.295,1,Oui,Non,52762.68,Non
11231,15816921,Nekrasova,758,Espagne,Homme,40.0,3,0.0,2,Non,Non,48048.825,Non
11232,15816922,T'ien,750,France,Homme,38.0,5,75766.2,1,Oui,Oui,,Non
11233,15816923,H?,701,France,Femme,41.0,2,0.0,1,Oui,Non,23928.39,Non
11234,15816924,Harrison,525,Espagne,Femme,47.0,6,59280.0,1,Oui,Non,41261.305,Oui
11235,15816925,Bellucci,466,France,Homme,,6,0.0,2,Oui,Oui,1398.635,Non
11236,15816926,Ibbott,823,France,Homme,38.0,1,0.0,2,Oui,Non,78301.85,Non
11237,15816927,Long,682,France,Femme,64.0,10,64153.35,1,Non,Oui,33020.415,Non
11238,15816928,Eluemuno,733,France,Homme,33.0,3,0.0,1,Oui,Oui,3833.365,Non
11239,15816929,Hu,675,Allemagne,Homme,36.0,7,44704.975,1,Oui,Oui,74699.85,Non
11240,15816930,Pope,637,France,Femme,48.0,7,65403.495,2,Oui,Oui,66002.925,Oui
11241,15816931,Manfrin,592,Allemagne,Homme,36.0,10,61593.755,1,Non,Oui,73055.675,Non
11242,15816932,Yang,558,Allemagne,Homme,25.0,10,55681.55,2,Oui,Non,98632.175,Non
11243,15816933,More,602,Espagne,Femme,42.0,1,69456.085,1,Oui,Oui,69747.375,Non
11244,15816934,Lazarev,834,France,Femme,28.0,6,0.0,1,Oui,Non,37143.765,Non
11245,15816935,Chung,648,Allemagne,Homme,31.0,7,62840.755,1,Non,Oui,64990.465,Non
11246,15816936,Tuan,609,France,Homme,32.0,7,35936.095,1,Oui,Oui,75962.45,Non
11247,15816937,Nott,581,,Homme,41.0,8,0.0,2,Non,Non,14868.57,Non
11248,15816938,Sung,655,France,Homme,24.0,9,53532.655,1,Oui,Oui,25979.91,Non
11249,15816939,Wei,698,Espagne,Femme,,8,92539.13,1,Non,Non,57668.87,Oui
11250,15816940,Bellucci,750,France,Femme,38.0,1,0.0,2,Oui,Non,23882.495,Non
11251,15816941,Brown,710,Espagne,Femme,29.0,3,59835.09,1,Oui,Non,94011.22,Non
11252,15816942,Johnston,571,France,Homme,40.0,5,0.0,2,Non,Non,36424.645,Non
11253,15816943,Teng,519,France,Homme,42.0,8,0.0,2,Oui,Oui,50742.86,Non
11254,15816944,Michael,668,Espagne,Homme,45.0,4,51243.105,2,Oui,Oui,79189.625,Non
11255,15816945,Dellucci,636,Espagne,Femme,32.0,8,0.0,2,Oui,Non,69277.73,Non
11256,15816946,Holden,614,France,Femme,38.0,4,36297.0,1,Oui,Oui,38021.24,Non
11257,15816947,Wilson,711,Allemagne,Femme,52.0,8,72631.27,1,Non,Oui,65736.655,Non
11258,15816948,Mao,780,Allemagne,Homme,34.0,5,47054.27,2,Oui,Non,88617.605,Non
11259,15816949,Currey,622,Allemagne,Homme,33.0,3,48463.06,2,Oui,Non,24276.885,Non
11260,15816950,Pisani,634,France,Femme,41.0,8,34106.995,1,Oui,Oui,3191.23,Non
11261,15816951,Lorimer,690,Espagne,Femme,30.0,5,0.0,2,Non,Oui,39350.015,Non
11262,15816952,Shaw,503,Espagne,Homme,25.0,7,0.0,1,Non,Oui,,Non
11263,15816953,Lung,679,France,Femme,36.0,3,0.0,2,Oui,Oui,1121.705,Non
11264,15816954,Pinto,485,France,Homme,41.0,2,50127.38,2,Oui,Oui,6353.335,Non
11265,15816955,Tomlinson,849,France,Homme,69.0,7,35998.045,1,Oui,Oui,69532.97,Non
11266,15816956,Lock,753,Allemagne,Femme,46.0,9,56954.845,3,Oui,Non,,Oui
11267,15816957,Galkina,564,France,Femme,53.0,2,22736.14,1,Oui,Oui,20527.855,Oui
11268,15816958,Morphett,593,Espagne,Homme,35.0,4,80818.875,1,Oui,Oui,10004.23,Non
11269,15816959,Onyemaechi,705,Allemagne,Homme,44.0,3,52967.48,1,Oui,Non,41231.845,Non
11270,15816960,Lloyd,732,Espagne,Femme,69.0,9,68726.715,1,Non,Oui,55466.12,Oui
11271,15816961,Simmons,718,Allemagne,Homme,32.0,9,84973.705,2,Oui,Oui,13989.58,Non
11272,15816962,Ma,487,Espagne,Femme,40.0,6,68046.87,1,Non,Oui,96704.215,Non
11273,15816963,Hsia,601,Espagne,Femme,20.0,9,61223.305,2,Oui,Non,43395.95,Non
11274,15816964,Hu,721,,Femme,36.0,2,0.0,2,Oui,Oui,53488.9,Non
11275,15816965,Rahman,799,,Femme,28.0,3,71126.825,1,Oui,Non,22521.28,Non
11276,15816966,Ignatieff,664,Espagne,Homme,41.0,7,61714.345,1,Oui,Oui,82462.055,Non
11277,15816967,Marchesi,695,France,Homme,46.0,7,24756.275,1,Oui,Non,66503.67,Non
11278,15816968,Ives,655,France,Homme,28.0,10,0.0,2,Non,Oui,,Non
11279,15816969,Romilly,686,France,Homme,38.0,0,69065.67,1,Non,Oui,57963.925,Non
11280,15816970,Ginikanwa,673,Espagne,Femme,35.0,6,0.0,2,Oui,Non,49309.395,Non
11281,15816971,Seleznyova,617,Espagne,Femme,46.0,3,53260.745,1,Non,Oui,43293.685,Non
11282,15816972,Chao,689,Espagne,Femme,63.0,1,0.0,2,Oui,Oui,93263.06,Non
11283,15816973,Tretiakova,631,Espagne,Femme,31.0,2,44080.925,2,Oui,Non,63815.44,Non
11284,15816974,Walker,792,France,Femme,28.0,4,65071.395,1,Oui,Non,19095.39,Non
11285,15816975,Hunt,597,France,Homme,19.0,2,0.0,2,Oui,Oui,45518.37,Non
11286,15816976,Brown,692,France,Homme,69.0,10,77476.97,1,Oui,Oui,35424.735,Non
11287,15816977,Zuyeva,724,Espagne,Homme,41.0,5,0.0,1,Non,Oui,57876.97,Non
11288,15816978,Parkes,567,France,Femme,41.0,9,68945.675,1,Oui,Non,71004.73,Oui
11289,15816979,Ts'ao,529,France,Homme,30.0,2,58147.645,1,Oui,Non,37642.735,Non
11290,15816980,Ibrahimova,562,Allemagne,Homme,35.0,3,71148.065,1,Non,Oui,88556.35,Non
11291,15816981,Liston,600,France,Femme,39.0,5,0.0,2,Non,Non,59136.035,Non
11292,15816982,O'Kane,705,Allemagne,Femme,31.0,9,55470.965,2,Oui,Non,81742.4,Non
11293,15816983,H?,646,France,Homme,38.0,7,0.0,2,Oui,Non,764.2,Non
11294,15816984,L?,725,Allemagne,Femme,33.0,7,57591.42,2,Oui,Oui,88639.705,Non
11295,15816985,Alexander,576,France,Homme,55.0,9,0.0,2,Oui,Oui,47225.485,Non
11296,15816986,Woronoff,850,France,Homme,40.0,6,0.0,1,Oui,Non,,Oui
11297,15816987,Chia,623,France,Homme,21.0,10,0.0,2,Non,Oui,67925.65,Non
11298,15816988,Smith,751,France,Homme,42.0,4,0.0,2,Oui,Oui,40721.3,Non
11299,15816989,Johnstone,781,France,Homme,38.0,2,58905.395,1,Non,Oui,32816.165,Oui
11300,15816990,Iroawuchi,538,Allemagne,Homme,25.0,5,31241.475,1,Oui,Oui,51379.215,Non
11301,15816991,Ponomarev,657,Espagne,Homme,31.0,3,62583.51,1,Non,Non,49410.195,Non
11302,15816992,Wright,750,Espagne,Femme,36.0,8,56470.035,1,Non,Oui,4927.905,Non
11303,15816993,Teng,764,Espagne,Homme,29.0,5,0.0,2,Oui,Non,32934.14,Non
11304,15816994,Pickering,694,Allemagne,Homme,37.0,1,47834.41,2,Oui,Non,50167.775,Non
11305,15816995,Wei,631,France,Homme,36.0,1,0.0,2,Non,Non,66570.67,Non
11306,15816996,Walker,671,France,Homme,27.0,5,0.0,2,Non,Non,60446.535,Non
11307,15816997,Moretti,737,Allemagne,Homme,43.0,8,48176.9,1,Non,Non,5104.9,Non
11308,15816998,Pai,661,France,Femme,34.0,0,0.0,2,Oui,Non,92777.815,Non
11309,15816999,Chukwukadibia,696,Allemagne,Homme,30.0,4,57013.85,1,Oui,Oui,96858.28,Non
11310,15817000,T'ang,756,Allemagne,Femme,60.0,3,57962.445,1,Oui,Non,46762.095,Oui
11311,15817001,Sheppard,787,Espagne,Femme,39.0,7,85823.38,1,Non,Oui,50395.68,Non
11312,15817002,Liang,729,Espagne,Homme,37.0,10,0.0,2,Oui,Non,50431.27,Non
11313,15817003,Fu,684,France,Homme,54.0,6,0.0,2,Oui,Oui,47444.3,Non
11314,15817004,Lori,502,France,Homme,45.0,0,0.0,1,Non,Non,42331.605,Non
11315,15817005,Beneventi,590,France,Homme,47.0,0,58939.66,1,Oui,Oui,,Non
11316,15817006,Golubev,710,Allemagne,Femme,30.0,10,66768.55,2,Oui,Non,77796.87,Non
11317,15817007,Nwachinemelu,565,France,Homme,38.0,5,0.0,2,Non,Oui,40315.16,Non
11318,15817008,Mullawirraburka,778,France,Homme,24.0,4,0.0,2,Oui,Oui,81404.6,Non
11319,15817009,Hussain,668,France,Homme,28.0,4,53570.635,1,Oui,Non,,Non
11320,15817010,Nnamdi,631,Allemagne,Femme,32.0,2,73405.495,2,Oui,Oui,90495.145,Non
11321,15817011,Barker,686,Espagne,Homme,22.0,8,0.0,2,Non,Non,71165.925,Non
11322,15817012,Cameron,747,France,Femme,40.0,3,0.0,1,Non,Non,28908.92,Oui
11323,15817013,Zubarev,570,France,Femme,43.0,9,0.0,2,Non,Oui,,Non
11324,15817014,Samaniego,770,France,Femme,68.0,2,91777.62,1,Non,Non,79778.64,Oui
11325,15817015,Tung,710,France,Homme,40.0,5,0.0,2,Non,Non,81439.48,Non
11326,15817016,Kirillova,611,France,Femme,49.0,2,44457.685,3,Non,Non,80717.51,Oui
11327,15817017,Ifeanyichukwu,600,France,Femme,27.0,3,0.0,2,Non,Oui,,Non
11328,15817018,Nwankwo,662,Espagne,Homme,20.0,9,52254.385,2,Non,Non,36553.765,Non
11329,15817019,Ross,681,France,Homme,47.0,9,48511.605,1,Oui,Oui,1084.065,Non
11330,15817020,Nkemakonam,437,France,Femme,39.0,0,51360.745,1,Non,Non,11095.91,Non
11331,15817021,Kao,551,France,Femme,45.0,6,0.0,2,Oui,Oui,25571.715,Non
11332,15817022,Ball,703,France,Femme,,3,0.0,3,Oui,Oui,38647.28,Oui
11333,15817023,Trevisani,525,Allemagne,Femme,47.0,1,59043.84,1,Oui,Non,44060.39,Oui
11334,15817024,Rischbieth,797,France,Femme,29.0,1,0.0,2,Oui,Oui,66487.695,Non
11335,15817025,Fraser,713,Allemagne,Homme,40.0,3,57223.42,2,Oui,Oui,43654.09,Non
11336,15817026,O'Donnell,744,Espagne,Femme,26.0,5,83148.945,1,Oui,Oui,90847.22,Non
11337,15817027,Selezneva,570,France,Femme,58.0,8,0.0,1,Non,Oui,58251.96,Oui
11338,15817028,Fane,769,France,Femme,40.0,9,66935.525,1,Oui,Oui,25284.01,Non
11339,15817029,Castles,526,Allemagne,Homme,50.0,5,62116.62,1,Non,Oui,79728.435,Oui
11340,15817030,Reid,660,Espagne,Homme,33.0,4,0.0,1,Oui,Non,14832.225,Non
11341,15817031,Hess,835,France,Homme,28.0,2,81784.805,2,Oui,Oui,77279.64,Non
11342,15817032,Lai,588,France,Homme,38.0,1,62135.63,1,Oui,Non,37984.595,Non
11343,15817033,McMillan,770,France,Homme,31.0,3,77523.78,2,Oui,Oui,93032.17,Non
11344,15817034,Tretiakov,559,Allemagne,Femme,36.0,1,52178.47,2,Non,Oui,27092.03,Non
11345,15817035,Kung,590,Espagne,Homme,30.0,3,0.0,2,Oui,Non,41545.175,Non
11346,15817036,Chesnokova,713,Allemagne,Homme,47.0,1,47997.49,1,Oui,Non,98764.615,Non
11347,15817037,Crawford,479,Espagne,Homme,27.0,2,86231.725,1,Oui,Oui,20157.635,Non
11348,15817038,Maclean,850,Allemagne,Femme,31.0,1,54411.2,1,Oui,Oui,66086.655,Non
11349,15817039,Patterson,751,France,Homme,30.0,3,82628.6,1,Non,Non,67411.025,Non
11350,15817040,Dumetochukwu,763,Allemagne,Homme,42.0,6,50080.375,1,Oui,Non,16731.47,Oui
11351,15817041,Zhdanova,656,France,Homme,63.0,8,0.0,2,Non,Oui,28507.215,Non
11352,15817042,Fedorova,753,France,Femme,43.0,5,0.0,2,Oui,Non,54940.855,Non
11353,15817043,Calabresi,732,France,Homme,46.0,0,0.0,2,Oui,Oui,92175.39,Non
11354,15817044,Tien,696,France,Homme,52.0,6,69890.53,1,Oui,Non,13722.7,Oui
11355,15817045,Fleming,655,France,Femme,26.0,7,53099.25,1,Non,Oui,16010.21,Non
11356,15817046,Lu,649,France,Femme,52.0,8,24556.875,1,Oui,Non,20929.215,Non
11357,15817047,Lane,757,France,Homme,28.0,7,60455.875,2,Oui,Oui,65624.73,Non
11358,15817048,Burns,663,Allemagne,Femme,36.0,6,38626.75,1,Non,Non,17908.985,Oui
11359,15817049,Lung,675,France,Homme,28.0,9,0.0,1,Oui,Non,67055.465,Non
11360,15817050,Cunningham,706,Allemagne,Homme,36.0,9,29285.59,2,Oui,Non,20387.005,Non
11361,15817051,Marchesi,622,France,Femme,30.0,2,79292.41,3,Oui,Non,71171.275,Oui
11362,15817052,Chukwukere,701,France,Homme,37.0,1,0.0,2,Oui,Non,81728.775,Non
11363,15817053,Nwabugwu,805,Espagne,Femme,39.0,5,82636.065,1,Oui,Non,7054.925,Oui
11364,15817054,Johnson,653,Allemagne,Homme,31.0,2,77370.725,2,Non,Non,12591.505,Non
11365,15817055,McFarland,500,France,Homme,56.0,1,50187.29,1,Oui,Non,59245.4,Oui
11366,15817056,Galgano,665,Allemagne,Femme,43.0,2,58161.135,4,Oui,Non,17820.06,Oui
11367,15817057,T'ao,637,Allemagne,Homme,43.0,1,67822.645,2,Non,Oui,50691.43,Oui
11368,15817058,Scannell,764,Espagne,Femme,48.0,1,37995.485,1,Oui,Non,79161.905,Oui
11369,15817059,Isayev,734,France,Homme,34.0,6,66799.2,1,Oui,Oui,6553.62,Non
11370,15817060,Ogochukwu,660,France,Homme,37.0,2,48662.455,1,Oui,Non,11645.915,Non
11371,15817061,Howe,850,Allemagne,Femme,40.0,4,48995.245,2,Non,Non,53345.51,Non
11372,15817062,Kang,555,Espagne,Femme,35.0,1,0.0,2,Oui,Non,50833.5,Non
11373,15817063,Suffolk,431,France,Homme,37.0,0,60382.04,1,Oui,Oui,,Non
11374,15817064,Robinson,688,France,Homme,20.0,8,68812.2,2,Oui,Oui,98791.395,Non
11375,15817065,Black,665,France,Femme,44.0,7,0.0,2,Oui,Oui,,Non
11376,15817066,Chiang,560,France,Homme,24.0,1,58042.16,1,Oui,Non,44867.35,Non
11377,15817067,Stanton,689,France,Femme,29.0,1,38778.395,2,Oui,Oui,61499.13,Non
11378,15817068,Plumb,713,France,Femme,39.0,10,0.0,2,Oui,Oui,63131.985,Non
11379,15817069,Christie,745,France,Femme,36.0,9,0.0,1,Oui,Non,9802.59,Oui
11380,15817070,Johnston,660,Espagne,Homme,31.0,1,42280.02,1,Oui,Oui,68892.125,Non
11381,15817071,Fairley,611,France,Femme,40.0,2,62939.645,1,Oui,Non,46601.715,Non
11382,15817072,Wilder,615,France,Femme,61.0,1,52133.85,1,Oui,Non,31422.82,Oui
11383,15817073,Dike,671,France,Homme,,2,53188.425,1,Non,Oui,79132.31,Non
11384,15817074,Yobanna,506,France,Homme,43.0,2,0.0,2,Oui,Non,52784.3,Non
11385,15817075,Moore,627,France,Homme,43.0,8,35620.15,1,Non,Oui,63867.08,Non
11386,15817076,Sung,850,Allemagne,Homme,55.0,0,49355.445,1,Oui,Oui,41808.585,Oui
11387,15817077,Rogers,610,France,Homme,34.0,0,51554.085,1,Non,Non,62823.41,Non
11388,15817078,Wan,648,Espagne,Homme,49.0,5,0.0,1,Oui,Non,74973.215,Oui
11389,15817079,Lawrence,809,France,Homme,38.0,3,0.0,2,Oui,Oui,40030.655,Non
11390,15817080,Moore,611,Allemagne,Femme,29.0,4,39442.94,2,Oui,Oui,13463.845,Non
11391,15817081,Niu,808,Espagne,Femme,67.0,10,62288.575,1,Non,Oui,,Non
11392,15817082,Herrin,755,France,Femme,29.0,4,74327.42,2,Oui,Oui,,Non
11393,15817083,Johnson,659,Allemagne,Homme,39.0,8,26053.165,2,Oui,Oui,53982.18,Non
11394,15817084,Lucas,828,Espagne,Homme,47.0,1,54938.41,2,Oui,Non,41805.725,Oui
11395,15817085,Kang,602,Espagne,Homme,29.0,5,51953.64,1,Oui,Non,80614.92,Non
11396,15817086,Hartley,621,Allemagne,Femme,31.0,8,50187.695,1,Oui,Oui,45192.13,Non
11397,15817087,Game,700,Espagne,Femme,43.0,0,0.0,2,Oui,Non,29737.675,Non
11398,15817088,Grigoryeva,544,Allemagne,Homme,47.0,5,52622.605,1,Non,Non,,Oui
11399,15817089,Chiefo,536,Espagne,Homme,53.0,2,71961.98,1,Oui,Non,1009.89,Oui
11400,15817090,Panicucci,413,Allemagne,Homme,39.0,1,65484.885,2,Oui,Oui,79445.895,Non
11401,15817091,Ch'in,654,Espagne,Femme,36.0,2,0.0,2,Oui,Oui,73326.055,Non
11402,15817092,Li Fonti,850,Espagne,Femme,38.0,3,0.0,2,Non,Oui,89680.38,Non
11403,15817093,Abramovich,615,France,Homme,34.0,1,41751.555,2,Oui,Oui,36562.265,Oui
11404,15817094,Fomin,526,Espagne,Homme,30.0,8,0.0,1,Oui,Non,18125.5,Non
11405,15817095,Ukaegbunam,758,France,Homme,35.0,7,0.0,2,Oui,Non,38975.92,Non
11406,15817096,Nicholls,620,France,Femme,29.0,3,0.0,2,Non,Oui,76696.14,Non
11407,15817097,Johnson,708,France,Homme,32.0,10,43307.03,2,Oui,Oui,86064.63,Non
11408,15817098,Leonard,562,France,Homme,38.0,5,0.0,1,Oui,Non,57850.1,Non
11409,15817099,Lewis,730,France,Femme,35.0,0,77735.275,1,Oui,Oui,,Non
11410,15817100,Hutcheon,568,France,Homme,30.0,8,36527.185,2,Oui,Oui,13506.0,Non
11411,15817101,Costa,753,Espagne,Homme,51.0,4,39905.86,2,Non,Oui,34130.135,Oui
11412,15817102,Hale,547,Espagne,Femme,,7,70643.575,1,Oui,Non,59071.395,Non
11413,15817103,Noble,694,France,Femme,22.0,4,0.0,2,Oui,Oui,5762.86,Non
11414,15817104,McIntyre,762,Allemagne,Homme,34.0,4,44407.78,2,Oui,Non,34281.13,Oui
11415,15817105,Myers,685,France,Femme,33.0,1,0.0,3,Non,Oui,35110.565,Oui
11416,15817106,Murray,531,France,Homme,29.0,3,57295.29,1,Non,Non,37792.74,Non
11417,15817107,Algeranoff,732,Allemagne,Femme,45.0,6,49396.2,1,Oui,Non,40745.85,Oui
11418,15817108,Onyekachi,499,Allemagne,Homme,36.0,5,65571.265,2,Oui,Non,87459.23,Non
11419,15817109,Fanucci,611,Espagne,Femme,28.0,3,48190.84,2,Oui,Non,90709.645,Non
11420,15817110,Murphy,775,Allemagne,Femme,74.0,0,80685.75,1,Oui,Oui,67434.965,Non
11421,15817111,Jen,602,Allemagne,Homme,38.0,2,35833.985,2,Non,Non,68555.945,Non
11422,15817112,Mackenzie,641,Allemagne,Homme,41.0,7,52202.77,3,Oui,Non,8692.105,Non
11423,15817113,Wilson,698,Allemagne,Homme,52.0,8,48390.695,1,Oui,Oui,76686.855,Non
11424,15817114,Marchesi,564,France,Femme,33.0,4,67973.13,1,Oui,Non,31585.0,Non
11425,15817115,Allan,542,Espagne,Homme,37.0,8,0.0,1,Oui,Oui,403.53,Non
11426,15817116,Gordon,709,France,Femme,41.0,3,75150.325,2,Oui,Non,35836.43,Non
11427,15817117,Alexeeva,593,,Femme,62.0,3,59116.905,1,Non,Oui,12382.765,Oui
11428,15817118,Chung,760,Allemagne,Femme,49.0,9,45751.495,1,Oui,Non,58616.45,Oui
11429,15817119,Parkhill,694,France,Femme,33.0,4,64865.82,2,Oui,Non,89061.93,Non
11430,15817120,Atkinson,714,Allemagne,Homme,29.0,6,46443.565,1,Oui,Oui,34789.245,Non
11431,15817121,Lucchesi,537,France,Homme,38.0,3,0.0,2,Non,Non,70511.505,Non
11432,15817122,Wang,646,Allemagne,Femme,29.0,4,52978.72,1,Oui,Non,7735.455,Non
11433,15817123,Watt,781,France,Homme,33.0,3,44638.24,1,Oui,Non,,Non
11434,15817124,Ojiofor,765,Allemagne,Femme,34.0,8,68364.755,2,Non,Non,23529.105,Non
11435,15817125,Smith,596,France,Homme,33.0,8,0.0,1,Oui,Non,60594.65,Oui
11436,15817126,Morrison,850,Espagne,Homme,34.0,8,99614.57,1,Non,Non,34053.145,Non
11437,15817127,Tseng,734,France,Homme,45.0,2,0.0,2,Oui,Non,49796.64,Non
11438,15817128,Chiagoziem,510,France,Homme,32.0,9,51662.39,1,Oui,Oui,23063.85,Non
11439,15817129,Wang,627,Allemagne,Femme,35.0,2,68926.48,1,Oui,Oui,86134.605,Oui
11440,15817130,Ugochukwu,619,Espagne,Femme,38.0,1,0.0,1,Oui,Non,56221.315,Oui
11441,15817131,Zarate,534,France,Femme,42.0,9,72400.985,1,Non,Oui,6241.695,Oui
11442,15817132,He,529,Espagne,Homme,35.0,5,0.0,2,Oui,Oui,93644.25,Non
11443,15817133,Wood,705,Allemagne,Femme,56.0,2,71624.835,1,Oui,Non,44214.205,Oui
11444,15817134,Chinonyelum,634,Espagne,Homme,52.0,1,0.0,2,Oui,Oui,88456.71,Non
11445,15817135,Marino,545,France,Homme,23.0,2,0.0,2,Oui,Non,94806.56,Non
11446,15817136,Onwuatuegwu,588,Espagne,Homme,59.0,4,0.0,2,Oui,Oui,13717.705,Non
11447,15817137,Lin,822,France,Homme,38.0,6,64144.85,3,Oui,Non,,Oui
11448,15817138,Osonduagwuike,758,France,Femme,42.0,7,0.0,2,Non,Oui,38104.78,Non
11449,15817139,Larionova,618,Espagne,Homme,38.0,5,63236.995,1,Oui,Non,45986.245,Non
11450,15817140,Wang,647,Allemagne,Homme,35.0,3,96203.985,1,Oui,Oui,20072.64,Non
11451,15817141,Lettiere,711,France,Femme,25.0,5,95033.27,1,Non,Non,,Oui
11452,15817142,Sells,668,Espagne,Femme,36.0,3,66843.26,1,Oui,Non,95479.24,Oui
11453,15817143,Gordon,525,Espagne,Femme,57.0,2,72982.665,1,Oui,Oui,32224.18,Non
11454,15817144,Tien,677,Allemagne,Femme,44.0,4,74385.305,2,Oui,Oui,95528.88,Non
11455,15817145,Chung,535,France,Homme,45.0,2,0.0,2,Oui,Non,62829.14,Non
11456,15817146,Yudin,717,France,Homme,42.0,5,0.0,2,Oui,Non,86332.605,Non
11457,15817147,Chiazagomekpele,519,France,Homme,48.0,10,35541.99,1,Oui,Non,68979.5,Non
11458,15817148,Ozoemena,365,Allemagne,Homme,30.0,0,63880.035,1,Oui,Non,40768.925,Oui
11459,15817149,Kruglova,758,Allemagne,Femme,61.0,8,62698.605,1,Oui,Non,91092.045,Oui
11460,15817150,Hutchinson,575,,Femme,26.0,7,0.0,2,Oui,Non,56253.815,Non
11461,15817151,Lira,639,France,Homme,43.0,6,49805.46,2,Oui,Non,93648.39,Non
11462,15817152,Endrizzi,670,France,Homme,36.0,7,0.0,2,Non,Non,,Non
11463,15817153,Trevisano,693,Allemagne,Femme,37.0,6,47950.02,1,Oui,Oui,19098.12,Non
11464,15817154,Scott,600,France,Femme,26.0,6,54454.56,1,Oui,Non,41273.505,Non
11465,15817155,Gardener,676,France,Femme,32.0,5,0.0,2,Oui,Oui,37732.705,Non
11466,15817156,Marian,721,Espagne,Homme,57.0,1,0.0,1,Oui,Oui,97970.48,Non
11467,15817157,Whitehouse,641,France,Femme,42.0,7,62718.57,2,Non,Non,82064.29,Non
11468,15817158,Ferri,838,Espagne,Femme,40.0,6,30835.595,1,Non,Oui,75329.675,Oui
11469,15817159,Belstead,573,France,Femme,36.0,1,0.0,1,Oui,Oui,28452.69,Non
11470,15817160,Mamelu,527,France,Homme,32.0,0,0.0,1,Oui,Non,54761.94,Non
11471,15817161,Peng,691,Espagne,Homme,40.0,1,0.0,2,Oui,Oui,72806.585,Non
11472,15817162,Boyle,580,Allemagne,Homme,38.0,9,57721.095,2,Oui,Non,64240.75,Oui
11473,15817163,Chizuoke,555,Espagne,Homme,32.0,4,0.0,2,Oui,Oui,27202.895,Non
11474,15817164,Chukwuebuka,850,France,Homme,39.0,6,48431.565,1,Oui,Oui,60840.595,Non
11475,15817165,Nixon,716,Allemagne,Homme,41.0,8,63072.77,2,Oui,Oui,69025.595,Non
11476,15817166,Murphy,624,France,Femme,38.0,3,0.0,2,Oui,Oui,81833.425,Non
11477,15817167,Dale,752,France,Femme,,3,0.0,2,Oui,Oui,52495.64,Non
11478,15817168,Chimaijem,644,Espagne,Femme,26.0,4,76727.86,2,Oui,Oui,41348.42,Non
11479,15817169,Donahue,643,France,Homme,33.0,4,0.0,2,Oui,Oui,76496.02,Non
11480,15817170,Sun,646,Espagne,Femme,50.0,5,71322.32,2,Oui,Oui,71104.25,Oui
11481,15817171,Rippey,603,France,Homme,40.0,4,51416.73,2,Oui,Oui,19414.555,Non
11482,15817172,Nebechukwu,674,France,Homme,,7,71036.01,1,Oui,Non,18506.645,Non
11483,15817173,Rees,708,France,Homme,34.0,3,0.0,1,Non,Oui,60728.94,Oui
11484,15817174,Walker,717,Allemagne,Femme,35.0,5,51607.355,1,Oui,Non,86086.35,Non
11485,15817175,O'Meara,640,Espagne,Homme,34.0,1,68761.51,1,Non,Non,12380.68,Non
11486,15817176,Azubuike,556,Allemagne,Femme,43.0,4,62945.36,1,Oui,Oui,37427.485,Non
11487,15817177,Christie,786,France,Homme,37.0,7,82948.11,2,Oui,Oui,33488.84,Non
11488,15817178,Manfrin,549,France,Homme,29.0,3,0.0,2,Oui,Non,73045.19,Non
11489,15817179,Chiang,753,France,Femme,36.0,7,64259.49,1,Oui,Oui,22283.915,Oui
11490,15817180,Johnson,617,Espagne,Homme,61.0,7,45535.215,1,Oui,Oui,50919.885,Non
11491,15817181,Fowler,638,Espagne,Homme,41.0,7,0.0,2,Oui,Non,21944.705,Non
11492,15817182,Peacock,601,Allemagne,Femme,47.0,1,71401.01,1,Oui,Oui,28776.51,Non
11493,15817183,Padovano,802,Espagne,Homme,,6,0.0,2,Oui,Non,,Non
11494,15817184,Ochoa,556,France,Femme,30.0,7,0.0,2,Oui,Oui,93324.095,Non
11495,15817185,Obielumani,518,France,Homme,,5,69386.075,1,Non,Oui,61936.0,Non
11496,15817186,Vavilov,554,France,Femme,38.0,3,69365.975,1,Oui,Oui,97069.18,Non
11497,15817187,Leworthy,678,France,Homme,26.0,3,0.0,2,Oui,Non,2494.665,Non
11498,15817188,Yao,439,France,Homme,28.0,7,55488.115,2,Oui,Non,69263.48,Non
11499,15817189,Harding,556,France,Homme,38.0,2,57378.07,1,Oui,Non,96607.025,Non
11500,15817190,Hughes,850,France,Femme,39.0,7,39629.995,1,Non,Oui,93455.37,Non
11501,15817191,Jackson,712,France,Homme,34.0,8,57044.16,1,Oui,Non,46397.305,Non
11502,15817192,Rodriguez,638,Espagne,Femme,34.0,7,0.0,2,Non,Non,1973.145,Non
11503,15817193,Davison,746,Espagne,Homme,24.0,10,34390.91,1,Non,Oui,23998.695,Non
11504,15817194,Nkemakolam,684,France,Homme,60.0,2,58281.79,1,Oui,Non,60128.85,Oui
11505,15817195,Gallo,689,Espagne,Femme,31.0,3,69899.815,1,Non,Oui,60331.785,Non
11506,15817196,Matthews,782,France,Femme,35.0,4,0.0,1,Oui,Oui,59782.67,Non
11507,15817197,Esomchi,592,France,Femme,66.0,5,74975.095,1,Oui,Oui,38133.795,Non
11508,15817198,Matveyeva,665,France,Femme,41.0,8,48073.775,1,Oui,Non,68518.985,Non
11509,15817199,Enyinnaya,579,France,Femme,26.0,10,81241.38,1,Oui,Oui,9229.1,Non
11510,15817200,Yefremova,850,,Femme,39.0,0,52193.265,1,Oui,Non,52943.385,Non
11511,15817201,Chiu,547,Allemagne,Homme,55.0,4,55681.38,3,Oui,Non,8461.14,Oui
11512,15817202,Mao,597,France,Homme,,5,0.0,2,Oui,Oui,40649.585,Non
11513,15817203,Muravyova,713,Allemagne,Femme,61.0,4,74762.67,2,Oui,Non,61831.815,Non
11514,15817204,Chibuzo,583,Allemagne,Homme,40.0,4,53520.65,1,Oui,Oui,2817.815,Non
11515,15817205,Saunders,677,France,Femme,56.0,0,59981.725,1,Non,Non,79162.935,Oui
11516,15817206,Ugonna,513,Espagne,Homme,48.0,2,0.0,1,Oui,Oui,57354.565,Oui
11517,15817207,Kerr,563,France,Homme,22.0,3,68791.52,1,Non,Oui,2895.925,Non
11518,15817208,Liang,739,,Homme,34.0,9,0.0,1,Oui,Non,30292.165,Non
11519,15817209,Whitson,542,France,Homme,67.0,10,64715.68,1,Non,Oui,10671.87,Non
11520,15817210,Ch'en,789,Allemagne,Homme,33.0,8,75803.78,1,Oui,Non,2194.7,Non
11521,15817211,Swift,510,France,Femme,22.0,3,78417.17,1,Non,Non,22187.22,Non
11522,15817212,Muir,706,Allemagne,Homme,67.0,1,61638.345,2,Oui,Oui,43253.94,Oui
11523,15817213,Sutherland,682,France,Homme,61.0,10,36844.1,1,Oui,Oui,86070.665,Non
11524,15817214,Chan,718,Allemagne,Homme,43.0,5,66307.865,2,Oui,Non,16499.55,Non
11525,15817215,Craig,590,Espagne,Homme,22.0,7,62632.805,1,Oui,Oui,80626.54,Non
11526,15817216,Folliero,698,France,Homme,27.0,7,0.0,2,Oui,Non,55735.775,Non
11527,15817217,Barnes,715,Espagne,Homme,38.0,2,48399.395,2,Oui,Oui,2277.335,Non
11528,15817218,Duncan,506,France,Femme,41.0,1,0.0,2,Oui,Non,15883.15,Non
11529,15817219,Schnaars,770,Espagne,Homme,46.0,9,95339.01,1,Oui,Oui,,Non
11530,15817220,Genovese,485,Espagne,Homme,32.0,6,51119.005,2,Oui,Oui,97005.06,Non
11531,15817221,Fokina,708,Espagne,Homme,40.0,8,41507.855,1,Oui,Non,50544.88,Non
11532,15817222,Clifton,708,France,Homme,52.0,10,52677.905,1,Oui,Non,61.535,Oui
11533,15817223,Efremov,662,Espagne,Femme,42.0,6,52510.64,1,Oui,Non,24121.19,Non
11534,15817224,Chung,758,Espagne,Homme,61.0,2,0.0,2,Oui,Oui,21991.205,Non
11535,15817225,Muir,576,Allemagne,Homme,28.0,1,59668.145,2,Non,Oui,29488.425,Non
11536,15817226,Castiglione,626,Allemagne,Homme,27.0,4,57542.265,2,Non,Oui,13453.715,Non
11537,15817227,Jen,663,Allemagne,Femme,46.0,2,70863.44,1,Oui,Oui,29128.615,Non
11538,15817228,Law,628,France,Homme,25.0,7,0.0,2,Oui,Oui,97988.875,Non
11539,15817229,Gilbert,754,France,Homme,37.0,6,0.0,1,Oui,Oui,58070.86,Non
11540,15817230,Li Fonti,773,Allemagne,Homme,34.0,10,63489.875,1,Non,Non,18411.64,Non
11541,15817231,Nkemjika,686,France,Femme,43.0,0,0.0,1,Oui,Oui,85036.45,Non
11542,15817232,Johnstone,496,Allemagne,Femme,,4,62646.265,1,Oui,Oui,15766.48,Oui
11543,15817233,Cox,622,Espagne,Femme,36.0,0,54480.0,2,Oui,Non,55590.15,Oui
11544,15817234,Ward,850,France,Homme,68.0,5,84722.7,1,Oui,Oui,93167.535,Non
11545,15817235,P'eng,685,France,Homme,40.0,2,84000.67,2,Oui,Oui,83700.145,Non
11546,15817236,Shih,533,Allemagne,Homme,43.0,4,40221.03,2,Non,Oui,6268.71,Non
11547,15817237,Davide,641,Allemagne,Homme,32.0,5,61473.96,1,Oui,Oui,49577.43,Non
11548,15817238,Onyeorulu,506,France,Femme,34.0,4,45153.81,1,Oui,Oui,79617.645,Non
11549,15817239,Garcia,636,France,Femme,39.0,3,59168.07,1,Oui,Non,92345.885,Non
11550,15817240,Onwughara,520,France,Homme,35.0,9,52693.945,1,Oui,Oui,12529.53,Non
11551,15817241,Streeten,850,France,Homme,49.0,5,61243.235,1,Non,Oui,29874.095,Non
11552,15817242,Loggia,624,France,Femme,62.0,7,62581.81,2,Oui,Oui,75705.75,Non
11553,15817243,Walker,602,France,Homme,23.0,7,56879.24,2,Non,Non,42038.8,Non
11554,15817244,Buchanan,577,France,Femme,37.0,4,0.0,1,Oui,Oui,39940.695,Non
11555,15817245,Moseley,795,Espagne,Homme,35.0,8,0.0,2,Oui,Non,83577.68,Non
11556,15817246,Bradley,722,Allemagne,Femme,37.0,0,62988.905,1,Non,Non,80081.21,Non
11557,15817247,Cheng,645,Allemagne,Femme,37.0,2,68462.545,2,Non,Oui,76700.12,Non
11558,15817248,Carpenter,751,Espagne,Homme,52.0,8,0.0,2,Non,Oui,89645.925,Non
11559,15817249,Watt,702,France,Femme,29.0,10,44189.3,1,Oui,Non,44275.14,Non
11560,15817250,Chukwufumnanya,623,France,Femme,29.0,1,0.0,2,Non,Non,19691.03,Non
11561,15817251,Chia,609,Espagne,Femme,43.0,6,43026.76,2,Oui,Oui,56638.23,Oui
11562,15817252,Chiawuotu,615,France,Homme,30.0,8,0.0,2,Non,Non,1591.575,Non
11563,15817253,Trevisano,720,Espagne,Homme,33.0,3,61891.955,2,Oui,Oui,71451.72,Non
11564,15817254,Stanley,629,Espagne,Homme,29.0,6,0.0,2,Oui,Oui,44421.4,Non
11565,15817255,Cameron,633,France,Femme,33.0,3,0.0,2,Oui,Non,95555.51,Non
11566,15817256,Zinachukwudi,603,France,Homme,44.0,9,0.0,1,Oui,Non,69164.12,Non
11567,15817257,Alexeyeva,471,France,Homme,42.0,3,82475.78,1,Oui,Non,95265.885,Non
11568,15817258,Wan,577,Espagne,Homme,31.0,6,0.0,1,Oui,Oui,98197.625,Non
11569,15817259,Emery,554,Espagne,Femme,27.0,4,0.0,2,Oui,Oui,67541.865,Non
11570,15817260,Cross,584,Espagne,Homme,36.0,4,41348.045,2,Non,Non,41529.07,Non
11571,15817261,McLean,561,France,Homme,33.0,6,0.0,2,Non,Non,86840.195,Non
11572,15817262,Davidson,845,Allemagne,Femme,43.0,3,76031.795,2,Oui,Non,48955.03,Non
11573,15817263,Odinakachukwu,804,France,Homme,25.0,7,54198.335,1,Oui,Non,64138.475,Non
11574,15817264,Garnsey,683,France,Homme,31.0,2,0.0,2,Non,Oui,38663.39,Non
11575,15817265,Golubev,734,France,Femme,29.0,0,69997.33,1,Oui,Non,8872.36,Non
11576,15817266,Sutherland,487,France,Homme,37.0,6,0.0,2,Oui,Oui,63238.705,Non
11577,15817267,Anayolisa,586,France,Femme,38.0,6,0.0,2,Oui,Oui,18967.915,Non
11578,15817268,Ma,490,,Femme,48.0,8,77706.53,1,Oui,Non,93960.65,Non
11579,15817269,McEwan,625,Allemagne,Femme,37.0,4,71355.905,1,Oui,Non,17812.705,Non
11580,15817270,Madueke,592,France,Homme,28.0,2,58249.11,1,Oui,Non,72145.125,Non
11581,15817271,Unwin,637,France,Homme,27.0,1,0.0,2,Oui,Non,45645.6,Non
11582,15817272,Yevseyev,832,France,Homme,61.0,2,0.0,1,Non,Oui,63902.33,Oui
11583,15817273,Rivera,505,France,Homme,26.0,8,56486.285,1,Oui,Non,72505.81,Non
11584,15817274,Bailey,676,France,Femme,34.0,8,50179.77,1,Non,Non,23019.14,Non
11585,15817275,Chien,707,France,Femme,55.0,1,0.0,2,Non,Oui,27204.74,Non
11586,15817276,Moore,559,France,Femme,70.0,9,0.0,1,Oui,Oui,61498.38,Non
11587,15817277,Uwakwe,695,Espagne,Femme,31.0,5,0.0,2,Non,Oui,6999.44,Non
11588,15817278,Korovin,686,Espagne,Femme,36.0,5,0.0,2,Oui,Oui,76489.57,Non
11589,15817279,Ch'iu,612,Allemagne,Homme,46.0,9,80725.015,1,Oui,Oui,48480.5,Oui
11590,15817280,Korovin,722,Espagne,Femme,50.0,4,66044.295,1,Oui,Oui,,Non
11591,15817281,Hung,691,Espagne,Homme,35.0,6,0.0,2,Non,Oui,89019.085,Non
11592,15817282,White,474,France,Homme,54.0,3,0.0,1,Oui,Non,54204.585,Oui
11593,15817283,Padilla,719,Allemagne,Homme,28.0,3,53035.145,2,Oui,Oui,91946.655,Non
11594,15817284,Norman,625,France,Homme,,5,82489.005,1,Oui,Oui,33894.245,Non
11595,15817285,Warner,624,Espagne,Homme,33.0,6,0.0,2,Non,Non,38275.85,Non
11596,15817286,Tsao,540,Allemagne,Homme,44.0,3,82056.52,2,Oui,Oui,6060.395,Non
11597,15817287,Chiwetelu,635,France,Homme,29.0,7,52702.985,1,Oui,Oui,74926.945,Non
11598,15817288,Palmer,646,Allemagne,Homme,32.0,8,52698.9,1,Oui,Non,39055.92,Oui
11599,15817289,Vagin,521,France,Femme,77.0,6,0.0,2,Oui,Oui,24527.05,Non
11600,15817290,Ko,686,France,Homme,60.0,9,0.0,3,Oui,Oui,37623.105,Oui
11601,15817291,Coates,602,France,Femme,63.0,7,0.0,2,Oui,Oui,28161.605,Non
11602,15817292,Clark,510,France,Femme,26.0,6,68107.04,1,Non,Non,79871.165,Non
11603,15817293,Fomin,730,Espagne,Homme,26.0,3,0.0,1,Oui,Non,17271.205,Non
11604,15817294,Genovese,697,France,Femme,47.0,6,64126.33,1,Oui,Oui,84026.7,Non
11605,15817295,Davison,826,France,Homme,26.0,5,71331.34,1,Non,Non,30142.65,Non
11606,15817296,Wilson,728,Espagne,Femme,37.0,4,0.0,1,Non,Non,2269.69,Non
11607,15817297,Tseng,658,France,Homme,31.0,5,50041.07,1,Non,Oui,24904.94,Non
11608,15817298,Dreyer,732,France,Femme,43.0,6,0.0,2,Oui,Non,32865.765,Non
11609,15817299,Mills,737,France,Homme,44.0,7,0.0,2,Non,Non,28949.29,Non
11610,15817300,Simpson,469,Espagne,Homme,37.0,9,48388.245,1,Oui,Oui,59945.43,Non
11611,15817301,Goodwin,683,France,Femme,42.0,8,0.0,2,Non,Oui,99067.45,Non
11612,15817302,Folliero,594,France,Femme,56.0,7,0.0,1,Oui,Non,13107.925,Oui
11613,15817303,Hung,738,,Homme,31.0,9,41337.075,1,Oui,Non,20985.36,Non
11614,15817304,Y?,494,France,Homme,30.0,3,42852.475,1,Non,Oui,13943.03,Non
11615,15817305,Chiemenam,556,France,Femme,54.0,4,75002.69,1,Oui,Non,,Oui
11616,15817306,Calabrese,618,Allemagne,Homme,44.0,5,78977.915,2,Non,Non,69648.855,Non
11617,15817307,Carr,627,Allemagne,Femme,30.0,4,39935.51,2,Oui,Non,64913.445,Non
11618,15817308,Randell,758,France,Femme,52.0,7,62547.97,1,Oui,Non,85594.915,Oui
11619,15817309,Fennell,443,Espagne,Homme,36.0,6,35219.005,2,Non,Oui,28468.715,Non
11620,15817310,Root,603,France,Femme,34.0,9,0.0,2,Oui,Non,83958.175,Non
11621,15817311,Hs?,721,Espagne,Homme,43.0,3,44399.17,1,Non,Non,22805.315,Non
11622,15817312,Williamson,727,Allemagne,Homme,46.0,3,57624.055,4,Oui,Non,65376.005,Oui
11623,15817313,Travis,524,France,Homme,28.0,1,46788.65,1,Oui,Oui,25835.41,Non
11624,15817314,Fiorentino,554,Espagne,Homme,42.0,1,0.0,2,Non,Oui,91746.45,Non
11625,15817315,Cattaneo,547,Allemagne,Femme,39.0,6,37298.075,3,Oui,Oui,42873.26,Oui
11626,15817316,Osinachi,795,France,Femme,40.0,2,50945.55,1,Oui,Oui,91522.43,Non
11627,15817317,Whitfield,616,Espagne,Homme,30.0,2,0.0,2,Oui,Non,99549.755,Non
11628,15817318,Enderby,633,Allemagne,Homme,43.0,3,72082.145,1,Oui,Oui,79323.23,Non
11629,15817319,Achebe,652,Espagne,Homme,58.0,6,0.0,2,Non,Oui,85012.715,Non
11630,15817320,Blinova,741,France,Homme,32.0,5,0.0,1,Oui,Oui,32419.615,Non
11631,15817321,Sinclair,479,France,Femme,35.0,2,56545.2,1,Oui,Non,97824.895,Non
11632,15817322,Carpenter,483,France,Femme,44.0,5,68418.245,1,Oui,Non,96179.95,Oui
11633,15817323,Zuev,730,France,Homme,39.0,1,58268.8,1,Non,Non,72839.8,Non
11634,15817324,Larionova,758,Allemagne,Homme,41.0,10,39928.82,1,Oui,Oui,39044.085,Non
11635,15817325,Madueke,528,France,Femme,26.0,10,51036.835,2,Non,Non,83399.965,Non
11636,15817326,Cattaneo,708,Espagne,Femme,35.0,8,61285.345,1,Non,Non,99502.94,Non
11637,15817327,Parkinson,553,Espagne,Homme,,3,58264.075,1,Non,Non,72852.095,Oui
11638,15817328,Tan,663,Espagne,Femme,28.0,8,30637.35,2,Oui,Non,68027.225,Non
11639,15817329,Kennedy,657,Allemagne,Homme,30.0,1,69881.065,2,Oui,Oui,11658.94,Non
11640,15817330,Robe,754,,Homme,38.0,2,0.0,2,Oui,Non,90349.16,Non
11641,15817331,Ifeanacho,698,France,Femme,51.0,6,72118.955,4,Oui,Non,78571.805,Oui
11642,15817332,Tang,633,France,Homme,43.0,5,0.0,2,Oui,Oui,24124.94,Non
11643,15817333,McGregor,512,Allemagne,Femme,40.0,8,76768.785,2,Non,Non,11550.565,Non
11644,15817334,Abbie,818,France,Femme,31.0,1,93398.185,1,Non,Non,89126.315,Non
11645,15817335,Campbell,806,Espagne,Femme,37.0,2,68897.09,2,Non,Oui,37616.01,Non
11646,15817336,Pai,651,,Homme,35.0,7,37311.75,3,Oui,Non,64725.645,Oui
11647,15817337,He,811,France,Homme,30.0,6,0.0,2,Oui,Oui,,Non
11648,15817338,Faria,642,France,Femme,41.0,7,57585.855,1,Oui,Oui,18837.235,Non
11649,15817339,Fanucci,763,Allemagne,Homme,32.0,9,80340.205,1,Oui,Non,15443.175,Non
11650,15817340,McGregor,476,France,Femme,32.0,6,55935.965,1,Non,Non,56066.43,Non
11651,15817341,Smith,610,Allemagne,Homme,50.0,1,56978.505,2,Oui,Non,98263.275,Oui
11652,15817342,Khan,642,France,Femme,55.0,7,0.0,2,Oui,Oui,50757.88,Non
11653,15817343,Nnachetam,534,France,Homme,52.0,1,0.0,3,Oui,Oui,52017.705,Oui
11654,15817344,Angel,578,Espagne,Homme,40.0,6,31804.96,1,Non,Non,37482.805,Oui
11655,15817345,Newton,850,France,Homme,40.0,6,48669.995,1,Non,Oui,44407.625,Non
11656,15817346,Evseev,757,Allemagne,Homme,36.0,1,32674.855,1,Non,Non,32269.82,Non
11657,15817347,Fantin,709,Allemagne,Homme,34.0,4,74187.595,2,Oui,Oui,10760.69,Non
11658,15817348,Chang,796,Allemagne,Femme,52.0,9,83597.18,1,Oui,Oui,31404.465,Oui
11659,15817349,Onwuamaeze,604,France,Homme,53.0,8,72226.875,1,Oui,Non,95499.48,Oui
11660,15817350,Howells,551,Espagne,Homme,49.0,1,75388.86,2,Oui,Oui,67878.635,Non
11661,15817351,Smith,749,Espagne,Femme,43.0,1,62104.51,1,Oui,Oui,83589.74,Non
11662,15817352,Hovell,517,France,Homme,37.0,5,56654.42,1,Non,Oui,15758.58,Non
11663,15817353,Pirozzi,661,Espagne,Femme,42.0,3,0.0,2,Oui,Non,,Non
11664,15817354,Odinakachukwu,533,France,Homme,36.0,7,42655.85,1,Non,Oui,78365.955,Non
11665,15817355,Napolitani,749,Allemagne,Homme,47.0,9,55011.37,1,Non,Oui,67827.645,Oui
11666,15817356,Quezada,502,France,Homme,33.0,7,0.0,2,Non,Oui,2041.26,Non
11667,15817357,Marshall,806,France,Homme,31.0,9,0.0,2,Non,Oui,70084.18,Non
11668,15817358,Bergamaschi,500,Espagne,Homme,38.0,7,0.0,2,Non,Non,96006.615,Non
11669,15817359,Okwuadigbo,569,Espagne,Homme,38.0,8,0.0,2,Non,Non,39809.395,Non
11670,15817360,Ward,604,France,Homme,28.0,7,0.0,2,Non,Non,29297.82,Non
11671,15817361,Y?,833,,Femme,28.0,4,68337.255,2,Non,Non,2639.39,Non
11672,15817362,Ferguson,601,France,Homme,,2,57812.535,1,Oui,Non,92927.605,Non
11673,15817363,Barber,850,Allemagne,Homme,53.0,2,47039.485,2,Oui,Non,18490.27,Non
11674,15817364,Sun,757,France,Homme,36.0,7,72426.03,1,Non,Non,65430.975,Non
11675,15817365,Milanesi,676,Espagne,Homme,36.0,1,41364.745,1,Oui,Non,56905.06,Non
11676,15817366,Owens,774,France,Femme,28.0,1,35632.01,2,Non,Oui,34379.785,Non
11677,15817367,Belov,653,Allemagne,Femme,37.0,3,62867.1,2,Oui,Non,67312.545,Oui
11678,15817368,Esposito,751,France,Homme,43.0,1,57487.12,1,Oui,Non,62960.27,Non
11679,15817369,Spencer,676,Espagne,Femme,64.0,4,58477.16,1,Oui,Oui,45574.74,Non
11680,15817370,Tsui,683,France,Homme,38.0,7,54673.065,2,Oui,Non,51332.96,Non
11681,15817371,Zikoranaudodimma,850,Allemagne,Femme,45.0,5,51954.93,1,Oui,Non,30041.555,Oui
11682,15817372,Lucciano,775,France,Homme,45.0,8,0.0,1,Oui,Non,65188.34,Non
11683,15817373,Grant,620,France,Homme,61.0,5,0.0,1,Non,Non,15820.76,Oui
11684,15817374,Tuan,505,Allemagne,Homme,40.0,6,23934.845,2,Oui,Oui,77530.985,Non
11685,15817375,Osinachi,695,Espagne,Homme,35.0,7,0.0,2,Oui,Non,80193.99,Non
11686,15817376,Kennedy,729,Espagne,Femme,34.0,9,26649.98,2,Oui,Oui,21427.985,Non
11687,15817377,Steele,588,France,Femme,64.0,3,0.0,1,Oui,Oui,94851.825,Non
11688,15817378,Shepherdson,687,,Femme,35.0,1,55376.075,2,Oui,Oui,23960.61,Non
11689,15817379,Niu,613,France,Femme,40.0,9,47812.18,2,Oui,Oui,30353.165,Non
11690,15817380,Kelly,635,Espagne,Homme,38.0,0,51628.57,1,Non,Non,79172.315,Non
11691,15817381,Ch'iu,593,Allemagne,Femme,32.0,9,67048.265,2,Oui,Non,26965.525,Oui
11692,15817382,DeRose,523,Espagne,Femme,24.0,5,86115.965,1,Non,Oui,77572.06,Non
11693,15817383,Udegbulam,705,Espagne,Femme,46.0,5,44682.455,1,Non,Oui,69581.075,Non
11694,15817384,Giordano,655,France,Homme,44.0,8,43735.815,1,Non,Oui,94296.99,Non
11695,15817385,Taylor,762,France,Homme,53.0,1,51260.185,1,Oui,Oui,85097.7,Non
11696,15817386,Jones,457,Allemagne,Homme,42.0,4,63386.285,1,Non,Oui,63053.2,Non
11697,15817387,Hunter,608,Espagne,Homme,37.0,2,65230.51,1,Oui,Non,10983.575,Non
11698,15817388,Garland,663,Allemagne,Femme,37.0,8,77651.855,1,Oui,Non,59358.315,Non
11699,15817389,Allan,797,France,Femme,55.0,10,0.0,4,Oui,Oui,,Oui
11700,15817390,Amies,640,Espagne,Homme,39.0,3,0.0,1,Oui,Oui,52998.625,Non
11701,15817391,Siciliani,736,France,Homme,43.0,4,88067.27,1,Oui,Oui,26428.44,Non
11702,15817392,Bell,654,France,Femme,35.0,2,45432.9,1,Oui,Oui,43382.23,Non
11703,15817393,Caldwell,668,France,Femme,,10,55120.02,1,Non,Non,91990.28,Oui
11704,15817394,Giordano,685,France,Homme,20.0,4,52359.97,2,Oui,Non,19345.67,Non
11705,15817395,De Luca,697,France,Femme,42.0,1,0.0,1,Oui,Non,631.415,Oui
11706,15817396,Astorga,773,France,Homme,41.0,4,0.0,2,Oui,Oui,12462.46,Non
11707,15817397,Boyle,666,,Femme,36.0,3,64559.25,2,Non,Non,69717.56,Non
11708,15817398,Sherman,759,France,Femme,33.0,2,0.0,2,Oui,Non,,Non
11709,15817399,Douglas,797,France,Homme,29.0,1,0.0,1,Non,Oui,74995.66,Non
11710,15817400,Fanucci,806,Allemagne,Homme,30.0,8,84039.415,1,Oui,Non,42514.18,Oui
11711,15817401,Shen,726,Espagne,Femme,27.0,7,61913.035,1,Non,Oui,39485.29,Non
11712,15817402,Black,700,France,Femme,26.0,2,0.0,2,Non,Non,25025.71,Non
11713,15817403,Perkins,584,France,Femme,37.0,1,0.0,2,Oui,Oui,90181.78,Non
11714,15817404,Mordvinova,590,France,Femme,45.0,2,40914.11,1,Oui,Non,26083.985,Non
11715,15817405,Liao,604,Allemagne,Femme,42.0,10,83015.725,1,Oui,Non,49146.57,Non
11716,15817406,Gordon,737,France,Homme,28.0,8,0.0,2,Oui,Non,53195.005,Non
11717,15817407,Warren,783,France,Homme,,9,57067.585,1,Oui,Non,,Non
11718,15817408,Baddeley,525,Espagne,Femme,25.0,10,0.0,2,Oui,Non,34680.975,Non
11719,15817409,Chukwudi,631,Espagne,Homme,55.0,9,49842.53,1,Oui,Non,57237.49,Non
11720,15817410,Palfreyman,630,France,Homme,34.0,9,0.0,2,Oui,Oui,57003.175,Non
11721,15817411,Uspenskaya,535,Espagne,Homme,58.0,1,0.0,2,Oui,Oui,,Oui
11722,15817412,Ahmed,747,Espagne,Femme,41.0,5,47260.585,2,Oui,Non,97463.43,Non
11723,15817413,Chuang,820,Espagne,Femme,31.0,2,47111.265,1,Oui,Non,51785.4,Non
11724,15817414,Farmer,850,Espagne,Femme,53.0,7,32703.58,2,Non,Non,91316.815,Oui
11725,15817415,Ko,678,Allemagne,Femme,54.0,1,61849.64,2,Non,Oui,52610.88,Non
11726,15817416,Greco,850,France,Homme,40.0,8,51400.325,1,Oui,Non,30405.78,Non
11727,15817417,Forbes,568,France,Homme,51.0,4,0.0,3,Oui,Oui,33293.28,Non
11728,15817418,H?,723,France,Femme,49.0,4,0.0,2,Non,Oui,44986.125,Non
11729,15817419,Hartzler,705,France,Femme,38.0,3,61947.215,1,Oui,Non,10588.55,Non
11730,15817420,Padovano,724,Allemagne,Femme,35.0,0,85991.475,2,Non,Oui,83656.535,Non
11731,15817421,Chienezie,685,Allemagne,Homme,57.0,7,50934.255,1,Non,Oui,56741.98,Non
11732,15817422,She,452,France,Homme,30.0,7,56467.935,1,Oui,Oui,49508.67,Non
11733,15817423,Carr,692,France,Homme,28.0,5,30790.985,1,Oui,Oui,35089.955,Non
11734,15817424,Wallace,549,France,Femme,38.0,8,53641.7,1,Non,Non,78721.375,Non
11735,15817425,Calabresi,659,Allemagne,Homme,36.0,4,66289.46,2,Oui,Non,42160.47,Non
11736,15817426,Moore,541,France,Homme,46.0,6,0.0,2,Oui,Oui,41728.335,Non
11737,15817427,Lo,662,France,Femme,37.0,5,0.0,2,Oui,Non,75935.92,Non
11738,15817428,Maccallum,715,France,Femme,31.0,2,56106.07,2,Oui,Oui,90800.36,Non
11739,15817429,Biryukova,573,,Homme,33.0,1,80388.95,1,Oui,Oui,74768.075,Non
11740,15817430,Ko,738,Allemagne,Femme,,1,57704.59,2,Non,Non,90228.4,Non
11741,15817431,Ifeajuna,732,Allemagne,Homme,42.0,9,54374.04,2,Oui,Oui,32661.555,Non
11742,15817432,Okwuadigbo,598,Espagne,Femme,,1,31489.965,1,Oui,Oui,76136.785,Non
11743,15817433,Oliver,628,France,Femme,37.0,9,0.0,2,Oui,Oui,17344.885,Non
11744,15817434,McCall,627,Espagne,Homme,44.0,6,0.0,1,Oui,Oui,57234.775,Non
11745,15817435,Yang,686,Espagne,Homme,38.0,7,55742.44,1,Oui,Oui,38038.1,Non
11746,15817436,Verjus,666,France,Femme,27.0,4,0.0,2,Non,Non,44375.725,Non
11747,15817437,Ni,559,Espagne,Homme,25.0,5,0.0,2,Oui,Oui,81610.61,Non
11748,15817438,Crowther,709,France,Femme,43.0,8,0.0,2,Non,Non,84017.81,Oui
11749,15817439,Panicucci,601,France,Femme,43.0,2,0.0,1,Oui,Non,,Oui
11750,15817440,Feng,850,France,Homme,47.0,6,0.0,1,Oui,Non,93695.51,Oui
11751,15817441,Boyle,571,Espagne,Femme,31.0,3,0.0,2,Oui,Oui,97333.96,Non
11752,15817442,Kuo,497,Espagne,Homme,27.0,9,37631.58,1,Oui,Oui,82412.52,Non
11753,15817443,Chinwendu,661,Allemagne,Homme,35.0,8,62049.27,1,Oui,Non,43339.24,Non
11754,15817444,Lettiere,640,Espagne,Femme,46.0,8,0.0,2,Oui,Non,44521.595,Non
11755,15817445,Costa,787,Allemagne,Femme,42.0,2,37241.985,2,Non,Oui,22136.955,Non
11756,15817446,Y?,654,France,Femme,29.0,4,48487.485,1,Non,Oui,70702.035,Non
11757,15817447,Mitchell,558,Allemagne,Homme,26.0,1,74426.645,2,Oui,Oui,12205.51,Non
11758,15817448,McKenzie,631,Allemagne,Homme,40.0,3,53974.725,1,Oui,Non,26224.81,Oui
11759,15817449,Dyer,621,Allemagne,Homme,27.0,1,37149.215,1,Oui,Oui,26290.98,Non
11760,15817450,Trevisano,535,France,Femme,45.0,2,0.0,2,Non,Oui,85310.775,Non
11761,15817451,Hall,739,France,Homme,29.0,1,0.0,2,Oui,Oui,82242.39,Non
11762,15817452,Hs?eh,638,Espagne,Homme,48.0,2,0.0,2,Oui,Oui,3959.54,Non
11763,15817453,Ma,636,Espagne,Homme,76.0,9,63267.3,1,Oui,Oui,19894.81,Non
11764,15817454,Morrison,587,Espagne,Femme,34.0,1,0.0,2,Oui,Oui,48966.34,Non
11765,15817455,Wenz,624,Allemagne,Femme,40.0,3,74980.995,2,Oui,Non,52305.43,Non
11766,15817456,Hsiao,681,Espagne,Homme,67.0,7,0.0,2,Non,Oui,81857.46,Non
11767,15817457,Chien,579,,Homme,35.0,1,0.0,2,Oui,Non,2230.1,Non
11768,15817458,McGregor,667,,Homme,43.0,8,95113.73,1,Oui,Non,48754.02,Oui
11769,15817459,Hudson,710,France,Homme,,9,64142.225,1,Oui,Non,16498.445,Oui
11770,15817460,Anderson,512,France,Femme,31.0,7,0.0,2,Non,Non,24663.035,Non
11771,15817461,Barclay-Harvey,599,France,Homme,,9,52721.84,1,Oui,Oui,60562.265,Non
11772,15817462,O'Donnell,525,Allemagne,Homme,33.0,4,65511.88,2,Non,Non,27536.465,Non
11773,15817463,Golubeva,625,France,Homme,39.0,5,0.0,1,Oui,Non,,Non
11774,15817464,Hunt,669,Allemagne,Femme,42.0,1,51936.695,1,Oui,Non,74305.76,Non
11775,15817465,H?,472,France,Homme,,8,51245.135,1,Non,Oui,90612.28,Non
11776,15817466,Brown,524,Espagne,Femme,32.0,6,0.0,1,Oui,Oui,66430.95,Oui
11777,15817467,Zhou,595,Allemagne,Femme,41.0,2,69439.405,1,Non,Oui,56134.835,Non
11778,15817468,Cattaneo,706,France,Homme,18.0,2,88069.75,2,Oui,Non,64827.11,Non
11779,15817469,Pokrovsky,578,France,Homme,38.0,7,41129.645,1,Oui,Non,4498.485,Non
11780,15817470,Forbes,746,France,Homme,,9,63578.52,1,Oui,Oui,77850.075,Non
11781,15817471,Paterson,615,France,Homme,36.0,6,0.0,1,Oui,Oui,,Oui
11782,15817472,Baker,673,France,Femme,,10,0.0,2,Oui,Oui,18705.675,Non
11783,15817473,Hudson,645,Espagne,Femme,37.0,7,0.0,2,Oui,Non,6794.965,Non
11784,15817474,Harris,769,France,Femme,73.0,1,0.0,1,Oui,Oui,14896.055,Non
11785,15817475,Barlow,721,France,Femme,55.0,3,22010.445,1,Oui,Non,32932.2,Oui
11786,15817476,Iweobiegbunam,684,Allemagne,Femme,46.0,3,51477.57,2,Oui,Non,77068.665,Non
11787,15817477,Dufresne,631,Allemagne,Femme,34.0,6,62613.91,2,Non,Oui,64123.515,Non
11788,15817478,Akubundu,608,France,Femme,30.0,8,0.0,2,Oui,Non,64437.93,Non
11789,15817479,Berry,546,Espagne,Femme,36.0,7,42830.48,1,Non,Non,67389.005,Non
11790,15817480,Fitzgerald,691,France,Femme,29.0,9,0.0,2,Non,Non,99817.965,Non
11791,15817481,Degtyarev,547,,Homme,25.0,4,49070.785,2,Oui,Oui,26154.9,Non
11792,15817482,Tsao,602,France,Homme,32.0,10,0.0,2,Oui,Oui,58026.46,Non
11793,15817483,Thomas,633,Allemagne,Homme,40.0,5,43086.405,2,Oui,Oui,58639.745,Non
11794,15817484,Chinedum,602,Espagne,Homme,30.0,9,56836.09,2,Non,Non,51067.96,Non
11795,15817485,Lavrentiev,550,France,Homme,31.0,5,71100.095,2,Oui,Oui,61110.855,Non
11796,15817486,Lucciano,769,France,Femme,26.0,7,0.0,2,Oui,Non,88421.765,Non
11797,15817487,Congreve,494,Espagne,Homme,27.0,2,0.0,2,Oui,Non,11202.32,Non
11798,15817488,Newman,747,,Femme,21.0,4,40512.8,2,Oui,Non,83841.285,Non
11799,15817489,Wallis,498,France,Homme,34.0,2,0.0,2,Oui,Oui,74264.12,Non
11800,15817490,White,690,Espagne,Homme,,8,58159.115,1,Oui,Oui,41626.525,Non
11801,15817491,Macartney,683,France,Homme,30.0,4,57389.675,1,Non,Non,91585.735,Non
11802,15817492,Glauert,661,Allemagne,Femme,35.0,5,75362.765,2,Non,Oui,56828.425,Non
11803,15817493,Longo,651,Allemagne,Femme,24.0,7,20112.35,1,Oui,Oui,89170.665,Non
11804,15817494,Wu,748,France,Homme,40.0,3,47648.555,1,Non,Non,85757.92,Non
11805,15817495,Yin,787,France,Femme,42.0,10,72994.325,2,Oui,Oui,39755.185,Non
11806,15817496,Campbell,533,Allemagne,Homme,51.0,6,63772.78,2,Non,Non,,Oui
11807,15817497,McEwan,744,Espagne,Homme,39.0,4,47580.875,1,Oui,Non,9704.885,Non
11808,15817498,Ch'iu,685,Espagne,Homme,35.0,4,68974.255,1,Oui,Non,56819.82,Non
11809,15817499,Farmer,507,Allemagne,Homme,31.0,9,55794.835,1,Oui,Non,75018.595,Non
11810,15817500,Ellis,687,France,Homme,35.0,9,0.0,2,Non,Oui,36566.91,Non
11811,15817501,Cavenagh,735,France,Femme,21.0,1,89359.095,2,Oui,Non,11194.0,Non
11812,15817502,Gorbunov,465,France,Homme,33.0,8,0.0,2,Oui,Non,88834.275,Non
11813,15817503,Tien,710,Allemagne,Homme,34.0,8,73916.65,2,Non,Oui,780.79,Non
11814,15817504,Haynes,699,Espagne,Homme,31.0,6,57246.84,1,Non,Non,69198.16,Non
11815,15817505,Tang,639,France,Femme,60.0,5,81019.89,1,Oui,Oui,42180.86,Oui
11816,15817506,Davison,648,,Femme,51.0,2,58287.42,1,Oui,Non,2060.52,Oui
11817,15817507,Dwyer,687,Espagne,Femme,,1,0.0,2,Oui,Non,4103.68,Non
11818,15817508,Davey,768,Espagne,Femme,42.0,3,0.0,1,Non,Non,,Oui
11819,15817509,Ibeabuchi,701,France,Homme,44.0,7,0.0,2,Oui,Non,11712.89,Non
11820,15817510,Harvey,627,Espagne,Homme,40.0,10,0.0,2,Oui,Oui,97396.21,Non
11821,15817511,Baresi,597,France,Homme,67.0,2,0.0,2,Non,Oui,54322.925,Non
11822,15817512,Nevzorova,751,Allemagne,Femme,37.0,0,75609.49,1,Oui,Oui,54654.645,Non
11823,15817513,Marshall,642,France,Homme,32.0,3,0.0,2,Oui,Oui,44349.415,Non
11824,15817514,Talbot,496,Espagne,Femme,43.0,3,0.0,2,Non,Oui,99752.765,Non
11825,15817515,Li,762,Espagne,Femme,35.0,3,59674.845,3,Oui,Oui,23557.09,Oui
11826,15817516,Mao,608,France,Femme,33.0,4,0.0,1,Oui,Non,39652.19,Oui
11827,15817517,Horan,820,France,Femme,49.0,1,0.0,2,Oui,Oui,59543.625,Non
11828,15817518,Monaldo,543,France,Femme,31.0,2,73837.13,1,Oui,Oui,8329.38,Non
11829,15817519,Maclean,550,France,Homme,57.0,5,0.0,1,Oui,Oui,66750.97,Non
11830,15817520,Field,553,Allemagne,Homme,,5,63998.915,1,Oui,Non,82689.33,Oui
11831,15817521,Watt,560,Espagne,Femme,33.0,9,0.0,1,Non,Oui,91679.105,Non
11832,15817522,Li Fonti,647,Allemagne,Femme,43.0,3,61358.765,2,Oui,Oui,43500.195,Non
11833,15817523,Robertson,556,Espagne,Homme,46.0,3,65882.48,1,Oui,Oui,54250.33,Oui
11834,15817524,Nikitina,668,Allemagne,Femme,28.0,1,62255.505,1,Non,Non,57129.09,Non
11835,15817525,Thompson,594,Allemagne,Homme,28.0,5,92506.51,1,Oui,Non,8240.56,Non
11836,15817526,Murray,660,France,Homme,34.0,1,0.0,2,Oui,Non,4846.29,Non
11837,15817527,Rolon,569,Espagne,Femme,41.0,4,69920.18,1,Oui,Oui,81762.35,Non
11838,15817528,Dennis,840,Espagne,Femme,36.0,6,0.0,2,Oui,Non,70682.135,Non
11839,15817529,Nkemakolam,584,France,Homme,35.0,6,80806.97,2,Oui,Oui,,Non
11840,15817530,Cameron,732,Allemagne,Femme,29.0,1,77166.91,1,Oui,Oui,69263.78,Non
11841,15817531,Liu,703,Espagne,Homme,20.0,3,82630.49,1,Oui,Oui,20813.39,Non
11842,15817532,Summers,850,Allemagne,Femme,48.0,6,55981.495,1,Oui,Non,55877.9,Non
11843,15817533,Wilkins,576,France,Femme,29.0,5,54270.52,1,Oui,Oui,63234.545,Non
11844,15817534,Chao,542,France,Homme,34.0,8,50558.03,1,Oui,Non,98197.525,Non
11845,15817535,Wallace,674,France,Homme,18.0,7,0.0,2,Oui,Oui,27876.56,Oui
11846,15817536,Muir,497,France,Homme,34.0,2,0.0,2,Oui,Oui,41543.565,Non
11847,15817537,Ruiz,507,France,Homme,33.0,7,0.0,2,Oui,Oui,42705.505,Non
11848,15817538,Duffy,726,France,Femme,44.0,2,0.0,2,Oui,Oui,,Non
11849,15817539,Lai,609,Espagne,Homme,39.0,2,69721.875,2,Oui,Non,4617.03,Non
11850,15817540,Ifeatu,524,,Femme,37.0,9,63740.29,2,Oui,Non,89817.345,Non
11851,15817541,Young,493,,Femme,48.0,7,0.0,2,Oui,Non,24272.55,Non
11852,15817542,Feng,474,France,Femme,,9,0.0,2,Non,Non,31579.11,Non
11853,15817543,Wade,746,France,Homme,24.0,3,68746.175,2,Non,Oui,85071.045,Non
11854,15817544,Ch'en,709,France,Homme,,7,0.0,1,Oui,Non,79743.38,Non
11855,15817545,Franz,787,Allemagne,Homme,43.0,0,66108.725,1,Oui,Non,10477.515,Oui
11856,15817546,Azubuike,838,Espagne,Femme,39.0,5,83366.96,2,Oui,Non,7139.72,Non
11857,15817547,Pirozzi,684,Espagne,Homme,56.0,8,39353.58,1,Oui,Oui,49699.18,Non
11858,15817548,Murray,699,,Homme,59.0,3,53409.825,1,Non,Oui,81785.125,Non
11859,15817549,Maclean,561,France,Homme,21.0,4,0.0,1,Oui,Oui,18471.175,Non
11860,15817550,Walton,554,Espagne,Homme,46.0,4,0.0,2,Non,Oui,28660.46,Non
11861,15817551,McDonald,529,France,Homme,32.0,9,73746.945,1,Oui,Non,16828.175,Non
11862,15817552,Bruce,417,France,Homme,34.0,7,0.0,2,Oui,Non,27501.895,Non
11863,15817553,Foley,659,Espagne,Homme,32.0,3,53797.055,2,Oui,Oui,51208.42,Non
11864,15817554,Huang,758,,Homme,56.0,1,0.0,2,Oui,Oui,5321.69,Non
11865,15817555,Kung,652,France,Femme,36.0,6,56259.355,2,Non,Oui,55210.655,Non
11866,15817556,Mollison,687,Allemagne,Homme,41.0,10,67159.105,2,Oui,Oui,99032.26,Non
11867,15817557,Omeokachie,649,Allemagne,Femme,41.0,4,57948.865,1,Oui,Non,71772.24,Non
11868,15817558,Alexander,720,Allemagne,Homme,23.0,0,93930.59,2,Oui,Oui,52060.085,Non
11869,15817559,Collier,676,Espagne,Femme,30.0,5,0.0,2,Non,Non,89533.29,Non
11870,15817560,Ulyanova,568,Allemagne,Femme,31.0,1,30796.07,2,Oui,Oui,30898.32,Non
11871,15817561,Anenechi,708,Espagne,Femme,32.0,8,93743.815,1,Oui,Oui,60057.75,Non
11872,15817562,Seccombe,753,France,Homme,32.0,6,88864.565,1,Oui,Oui,80821.04,Non
11873,15817563,Nielson,630,Espagne,Homme,41.0,7,53755.76,1,Non,Oui,23078.435,Non
11874,15817564,Reed,539,France,Homme,30.0,0,0.0,2,Oui,Non,80489.83,Non
11875,15817565,Matveyeva,623,France,Homme,45.0,0,0.0,1,Oui,Non,98266.86,Oui
11876,15817566,Murray,764,France,Homme,41.0,7,0.0,2,Non,Non,67439.17,Non
11877,15817567,Cheng,726,France,Femme,48.0,4,0.0,1,Oui,Non,57010.03,Oui
11878,15817568,Tyler,713,France,Femme,42.0,3,0.0,2,Non,Non,41282.505,Non
11879,15817569,Munro,701,Allemagne,Homme,63.0,3,60458.26,3,Non,Non,72363.725,Oui
11880,15817570,Huang,499,France,Homme,31.0,4,0.0,1,Oui,Non,12975.245,Non
11881,15817571,Yang,637,Allemagne,Homme,,3,61837.845,1,Oui,Oui,83229.205,Non
11882,15817572,Ebelechukwu,544,Allemagne,Homme,39.0,4,71203.215,2,Oui,Non,73318.725,Non
11883,15817573,Aitken,584,France,Femme,35.0,2,57160.64,2,Non,Non,,Non
11884,15817574,Lawrence,723,Allemagne,Femme,49.0,0,76927.76,1,Oui,Oui,90431.13,Oui
11885,15817575,Walker,653,Espagne,Femme,30.0,2,44121.645,2,Oui,Oui,48329.13,Non
11886,15817576,Cunningham,459,Espagne,Femme,42.0,6,64817.125,2,Oui,Oui,88841.51,Oui
11887,15817577,Darwin,835,France,Homme,35.0,6,63560.035,1,Oui,Non,14353.845,Non
11888,15817578,Chien,539,France,Femme,24.0,3,0.0,2,Oui,Oui,99080.535,Non
11889,15817579,Onwuamaeze,505,Allemagne,Femme,33.0,3,53253.385,3,Oui,Non,22722.89,Oui
11890,15817580,Bennetts,733,France,Homme,39.0,1,0.0,2,Oui,Oui,70920.655,Non
11891,15817581,Lai,563,France,Femme,35.0,2,91786.42,1,Oui,Oui,33003.375,Oui
11892,15817582,Kenechukwu,477,Allemagne,Femme,24.0,2,47837.81,2,Non,Non,,Oui
11893,15817583,Hearn,670,France,Homme,33.0,2,70602.325,2,Oui,Non,38128.73,Non
11894,15817584,Titus,711,France,Homme,38.0,3,0.0,2,Oui,Non,34243.755,Non
11895,15817585,Ozerova,539,France,Homme,38.0,5,0.0,2,Oui,Non,23694.205,Non
11896,15817586,Thompson,569,Espagne,Homme,31.0,1,57703.485,1,Non,Non,72764.11,Non
11897,15817587,Wu,633,France,Femme,30.0,6,0.0,2,Non,Non,20821.145,Non
11898,15817588,Yefremova,573,Espagne,Homme,,8,0.0,2,Non,Non,,Non
11899,15817589,Avdeyeva,650,France,Femme,27.0,6,0.0,2,Oui,Non,501.195,Non
11900,15817590,Chinweuba,665,Espagne,Homme,38.0,9,0.0,1,Non,Oui,43706.37,Non
11901,15817591,Gratwick,536,Espagne,Femme,28.0,4,0.0,1,Oui,Oui,68098.825,Non
11902,15817592,Eluemuno,664,Espagne,Femme,53.0,7,93801.09,1,Oui,Non,93196.495,Oui
11903,15817593,Azuka,667,France,Femme,37.0,9,35893.45,2,Oui,Oui,,Non
11904,15817594,Lung,749,France,Homme,40.0,1,69645.205,1,Oui,Non,91427.71,Oui
11905,15817595,Valdez,601,France,Femme,41.0,1,0.0,2,Non,Oui,80303.53,Non
11906,15817596,Fang,683,France,Femme,29.0,9,0.0,2,Oui,Oui,24424.945,Non
11907,15817597,K?,554,Allemagne,Femme,31.0,6,67735.45,1,Oui,Non,53537.405,Non
11908,15817598,Rossi,696,Espagne,Homme,40.0,3,76819.555,1,Oui,Oui,,Non
11909,15817599,Atkins,719,Espagne,Homme,39.0,5,0.0,2,Oui,Non,72879.85,Non
11910,15817600,Chang,654,France,Homme,,4,66477.32,1,Oui,Oui,73357.535,Non
11911,15817601,Chukwukadibia,681,Espagne,Femme,57.0,2,86653.065,1,Non,Oui,65982.33,Non
11912,15817602,Yermolayev,448,France,Femme,36.0,6,41973.56,2,Oui,Non,40999.765,Non
11913,15817603,P'eng,594,Allemagne,Homme,41.0,2,61272.825,2,Oui,Oui,21025.12,Non
11914,15817604,He,758,France,Femme,34.0,3,0.0,2,Oui,Oui,62113.08,Non
11915,15817605,Rossi,546,France,Homme,,8,78162.69,1,Oui,Oui,62690.51,Non
11916,15817606,Alley,614,Allemagne,Femme,31.0,7,60299.69,2,Oui,Oui,23081.72,Non
11917,15817607,Eve,566,Allemagne,Homme,65.0,4,60050.205,1,Oui,Non,53781.58,Oui
11918,15817608,Hs?,542,Espagne,Homme,35.0,2,87447.265,1,Oui,Oui,11157.275,Non
11919,15817609,Meredith,692,France,Femme,42.0,2,0.0,2,Oui,Non,72611.465,Non
11920,15817610,Brim,532,Espagne,Femme,66.0,3,0.0,1,Oui,Oui,57613.51,Non
11921,15817611,Kang,674,France,Homme,22.0,3,0.0,1,Oui,Oui,86970.295,Non
11922,15817612,Kang,588,Allemagne,Femme,34.0,10,64708.91,1,Oui,Non,76863.66,Non
11923,15817613,Moore,589,Allemagne,Homme,48.0,5,63055.805,1,Non,Oui,66980.595,Non
11924,15817614,McLean,652,France,Femme,,3,0.0,1,Oui,Non,86994.735,Oui
11925,15817615,Barnes,469,,Homme,35.0,5,0.0,2,Oui,Non,,Non
11926,15817616,Ch'ang,639,France,Homme,77.0,6,40463.01,2,Oui,Oui,27914.625,Non
11927,15817617,Montemayor,777,Espagne,Femme,35.0,3,0.0,2,Oui,Oui,8628.86,Non
11928,15817618,Huang,743,France,Homme,43.0,5,0.0,2,Non,Non,56539.595,Oui
11929,15817619,Craig,850,Allemagne,Femme,,7,57142.6,1,Non,Oui,64830.295,Non
11930,15817620,Archer,658,Espagne,Homme,50.0,2,0.0,2,Oui,Non,,Non
11931,15817621,Banks,557,France,Homme,34.0,3,41537.0,1,Oui,Non,66336.61,Non
11932,15817622,McKay,699,Allemagne,Femme,41.0,1,100058.88,2,Oui,Non,47071.175,Non
11933,15817623,Aksyonov,593,Espagne,Homme,31.0,8,56356.67,1,Oui,Oui,88434.445,Non
11934,15817624,Lo,702,France,Homme,26.0,2,35640.645,1,Oui,Oui,54373.56,Oui
11935,15817625,Wall,697,Espagne,Femme,25.0,5,41465.925,2,Oui,Oui,64186.94,Non
11936,15817626,Hao,750,France,Femme,32.0,5,0.0,2,Oui,Non,47805.735,Non
11937,15817627,Tang,654,,Homme,55.0,3,43742.835,1,Oui,Oui,1649.505,Non
11938,15817628,Houghton,703,Allemagne,Homme,35.0,5,70345.54,2,Oui,Non,83905.13,Non
11939,15817629,Beneventi,643,France,Homme,62.0,9,0.0,2,Non,Non,77935.41,Non
11940,15817630,Hill,633,France,Homme,35.0,3,0.0,2,Oui,Oui,18124.88,Non
11941,15817631,Graham,468,France,Homme,36.0,3,30818.485,1,Non,Non,53893.71,Non
11942,15817632,Bogle,666,Allemagne,Homme,74.0,7,52551.25,1,Oui,Oui,23086.235,Non
11943,15817633,Miller,501,France,Femme,40.0,2,0.0,2,Non,Non,70973.46,Non
11944,15817634,Bates,784,Espagne,Homme,33.0,10,0.0,2,Oui,Non,81011.235,Non
11945,15817635,Saunders,754,Allemagne,Femme,39.0,3,80380.705,1,Oui,Oui,12078.015,Non
11946,15817636,Johnstone,767,France,Homme,36.0,3,69590.1,1,Non,Non,61940.095,Non
11947,15817637,Ojiofor,610,France,Femme,35.0,7,40952.975,1,Oui,Oui,30811.595,Non
11948,15817638,De Luca,663,Espagne,Homme,64.0,6,0.0,2,Non,Oui,7938.26,Non
11949,15817639,Barber,723,France,Homme,21.0,4,0.0,2,Non,Non,12423.51,Non
11950,15817640,Sorokina,850,France,Femme,32.0,7,0.0,2,Non,Non,77613.5,Non
11951,15817641,Enemuo,629,Allemagne,Femme,37.0,1,17774.905,2,Non,Non,24838.165,Non
11952,15817642,Ross,748,France,Femme,,1,38890.145,1,Non,Oui,91524.705,Non
11953,15817643,Hayward,554,France,Femme,35.0,6,58853.59,2,Non,Non,47638.575,Oui
11954,15817644,Yu,662,France,Femme,41.0,4,0.0,2,Oui,Non,63275.74,Non
11955,15817645,Chidiebere,681,France,Femme,63.0,7,0.0,2,Oui,Oui,,Non
11956,15817646,Stevenson,567,France,Femme,45.0,4,0.0,2,Non,Oui,60526.595,Non
11957,15817647,Evdokimov,616,Espagne,Femme,,7,96606.51,2,Oui,Oui,68696.385,Non
11958,15817648,Folliero,637,France,Femme,36.0,9,83469.94,1,Oui,Oui,36252.38,Non
11959,15817649,Chifley,737,France,Femme,70.0,9,43771.445,2,Oui,Oui,21288.43,Non
11960,15817650,Fu,676,Allemagne,Homme,,3,40348.72,1,Non,Non,50698.93,Non
11961,15817651,Yelverton,766,Espagne,Homme,36.0,5,39190.565,1,Non,Oui,76915.8,Non
11962,15817652,Page,733,France,Homme,42.0,9,75253.605,1,Non,Oui,,Non
11963,15817653,Hunt,745,Espagne,Homme,34.0,9,0.0,2,Oui,Non,25023.125,Non
11964,15817654,Murray,490,France,Homme,39.0,1,0.0,3,Oui,Non,85530.005,Oui
11965,15817655,Gallo,532,France,Homme,42.0,1,79512.355,1,Oui,Non,50491.465,Oui
11966,15817656,Johnson,775,France,Homme,28.0,9,55583.85,1,Oui,Non,74665.505,Non
11967,15817657,Nikitina,636,Allemagne,Homme,,6,56799.87,2,Oui,Non,79443.545,Oui
11968,15817658,Rice,743,France,Homme,37.0,8,34571.955,2,Non,Oui,52890.09,Non
11969,15817659,Lai,708,France,Femme,59.0,2,0.0,1,Oui,Non,89836.555,Oui
11970,15817660,Hsieh,490,France,Femme,35.0,7,53874.515,1,Oui,Oui,1968.685,Non
11971,15817661,Mackay,850,Allemagne,Homme,30.0,5,61605.28,2,Oui,Oui,51090.135,Non
11972,15817662,May,649,Espagne,Femme,,7,0.0,1,Oui,Non,14398.66,Non
11973,15817663,Okechukwu,566,Allemagne,Homme,54.0,4,59307.3,2,Oui,Oui,86300.81,Non
11974,15817664,Greene,691,,Homme,50.0,6,68476.735,1,Oui,Oui,1352.49,Non
11975,15817665,Gboliwe,818,Allemagne,Homme,43.0,10,52650.75,1,Oui,Oui,39470.795,Non
11976,15817666,P'eng,656,Espagne,Femme,34.0,6,29938.665,1,Oui,Non,7016.31,Oui
11977,15817667,Black,671,France,Femme,31.0,7,20649.515,1,Non,Oui,51340.66,Non
11978,15817668,Sullivan,628,France,Homme,36.0,3,0.0,2,Oui,Oui,4371.455,Non
11979,15817669,Fetherstonhaugh,507,France,Femme,29.0,4,44674.735,2,Non,Non,90313.34,Non
11980,15817670,Ndubueze,715,France,Homme,34.0,4,62157.225,1,Non,Non,48891.46,Non
11981,15817671,Rossi,425,Allemagne,Homme,40.0,9,83388.3,2,Non,Oui,86323.44,Non
11982,15817672,Akabueze,453,Allemagne,Femme,40.0,1,55762.245,1,Oui,Oui,60186.92,Oui
11983,15817673,Lo Duca,685,Espagne,Homme,40.0,7,37448.46,1,Oui,Non,99347.1,Non
11984,15817674,Ch'ien,587,France,Homme,33.0,5,50058.41,1,Oui,Non,17107.79,Non
11985,15817675,Nwachukwu,528,France,Homme,34.0,1,62783.45,1,Oui,Oui,88381.635,Non
11986,15817676,Cocci,721,Allemagne,Femme,45.0,7,69261.6,1,Non,Non,29802.225,Oui
11987,15817677,Ginikanwa,747,France,Homme,43.0,1,65394.355,1,Non,Oui,50747.5,Oui
11988,15817678,Bromby,537,Allemagne,Femme,37.0,7,79205.975,4,Oui,Oui,58845.29,Oui
11989,15817679,Briggs,660,France,Homme,35.0,7,0.0,2,Oui,Non,6609.3,Non
11990,15817680,Murray,688,France,Homme,,0,0.0,2,Oui,Non,52892.425,Non
11991,15817681,Forbes,524,Allemagne,Femme,31.0,10,33619.49,2,Oui,Oui,,Non
11992,15817682,Kanayochukwu,590,France,Femme,29.0,4,0.0,2,Oui,Non,60923.405,Non
11993,15817683,Burgmann,712,Espagne,Homme,47.0,1,69943.505,1,Oui,Oui,47859.865,Non
11994,15817684,Lu,585,France,Femme,35.0,2,0.0,2,Oui,Non,49310.52,Oui
11995,15817685,Kung,757,France,Homme,38.0,0,0.0,1,Oui,Non,41631.53,Non
11996,15817686,Noble,850,France,Femme,28.0,2,0.0,2,Oui,Oui,19386.87,Non
11997,15817687,Jenkins,550,France,Femme,40.0,8,75245.16,1,Non,Non,83234.105,Oui
11998,15817688,H?,554,France,Homme,24.0,10,0.0,1,Non,Non,46090.31,Non
11999,15817689,Lettiere,679,France,Homme,60.0,6,0.0,2,Oui,Oui,38665.885,Non
12000,15817690,Greaves,698,France,Femme,40.0,7,52530.87,3,Oui,Non,53907.655,Oui
12001,15817691,Conti,809,France,Homme,36.0,9,34440.795,2,Non,Oui,54567.555,Non
12002,15817692,Udinesi,679,France,Homme,45.0,3,73379.12,1,Oui,Non,24233.445,Non
12003,15817693,Lazareva,586,Espagne,Homme,42.0,6,0.0,2,Oui,Oui,61705.115,Non
12004,15817694,Abramovich,667,France,Homme,44.0,2,61403.475,1,Non,Non,7560.43,Non
12005,15817695,Gregory,537,France,Homme,28.0,0,44481.655,2,Oui,Oui,94919.965,Non
12006,15817696,Wallace,570,Allemagne,Femme,,5,43284.375,1,Non,Oui,51830.155,Non
12007,15817697,Gibson,706,Allemagne,Homme,38.0,5,81517.41,2,Oui,Oui,67831.085,Non
12008,15817698,Li,729,Allemagne,Homme,46.0,5,58918.715,1,Oui,Non,52008.305,Oui
12009,15817699,O'Sullivan,751,Allemagne,Homme,50.0,2,48444.195,1,Oui,Non,38603.125,Oui
12010,15817700,Green,559,Espagne,Homme,24.0,3,57369.96,1,Oui,Non,42945.51,Oui
12011,15817701,Parker,798,France,Femme,37.0,4,55861.54,1,Oui,Oui,41739.06,Non
12012,15817702,Cruz,850,France,Femme,46.0,2,78933.385,1,Oui,Oui,9493.06,Non
12013,15817703,Burton,421,Espagne,Homme,34.0,6,45361.68,1,Oui,Oui,6081.38,Non
12014,15817704,Taubman,704,Allemagne,Femme,24.0,7,56517.11,1,Oui,Non,81251.74,Oui
12015,15817705,Fisk,745,Espagne,Femme,31.0,3,62164.42,1,Oui,Oui,70225.76,Non
12016,15817706,Mazzi,619,France,Homme,29.0,5,0.0,2,Oui,Non,97155.05,Non
12017,15817707,McGregor,628,France,Femme,50.0,4,71527.28,1,Non,Oui,54804.405,Oui
12018,15817708,Dilibe,679,Allemagne,Femme,37.0,8,38686.935,2,Non,Oui,87436.545,Non
12019,15817709,Gray,793,France,Homme,39.0,3,68908.76,1,Non,Non,41998.895,Non
12020,15817710,Sheehan,827,Allemagne,Femme,47.0,8,71500.75,2,Oui,Non,54488.75,Non
12021,15817711,Sokolov,707,Allemagne,Femme,,10,49219.115,1,Non,Non,35389.315,Oui
12022,15817712,Black,806,France,Femme,67.0,1,0.0,2,Non,Oui,51972.79,Non
12023,15817713,Yuan,779,Allemagne,Femme,40.0,2,37735.115,1,Oui,Oui,26447.005,Non
12024,15817714,Ogochukwu,670,France,Femme,31.0,2,28765.03,1,Oui,Oui,90946.655,Oui
12025,15817715,Ballard,686,Allemagne,Femme,27.0,1,57547.94,2,Non,Non,39311.23,Non
12026,15817716,Tuan,804,France,Homme,55.0,7,0.0,2,Oui,Oui,59376.3,Non
12027,15817717,Lloyd,646,France,Homme,36.0,6,62222.76,1,Oui,Non,44240.66,Non
12028,15817718,Fang,606,France,Homme,47.0,3,46789.34,2,Non,Oui,,Oui
12029,15817719,Woods,448,Espagne,Homme,25.0,2,0.0,2,Non,Non,47607.865,Non
12030,15817720,Myers,739,France,Femme,36.0,0,0.0,2,Non,Non,66732.785,Non
12031,15817721,Carpenter,540,Espagne,Femme,40.0,8,0.0,2,Oui,Non,1780.0,Non
12032,15817722,Cartwright,589,France,Homme,32.0,2,0.0,2,Non,Oui,4734.32,Non
12033,15817723,Yin,691,France,Homme,34.0,8,66968.02,2,Oui,Non,45679.895,Non
12034,15817724,Fan,754,Allemagne,Femme,,7,70909.51,1,Oui,Non,46775.265,Oui
12035,15817725,Ross,622,France,Homme,31.0,7,0.0,1,Oui,Non,17704.385,Non
12036,15817726,Wilson,850,Allemagne,Femme,43.0,8,46122.415,2,Oui,Non,27474.865,Non
12037,15817727,Meldrum,665,Espagne,Homme,29.0,1,91390.87,2,Oui,Oui,31866.45,Non
12038,15817728,Chiagoziem,709,France,Homme,31.0,6,0.0,2,Oui,Oui,35504.92,Non
12039,15817729,Jen,574,France,Femme,33.0,3,67174.285,1,Oui,Non,31581.995,Non
12040,15817730,Iweobiegbunam,610,Allemagne,Femme,69.0,5,43019.105,3,Non,Non,96371.53,Oui
12041,15817731,Ignatiev,602,France,Femme,56.0,3,57947.61,3,Oui,Non,2088.085,Oui
12042,15817732,Converse,682,Allemagne,Femme,38.0,1,58260.14,1,Oui,Oui,24916.75,Oui
12043,15817733,Greathouse,548,France,Homme,57.0,6,38082.825,1,Oui,Oui,66768.765,Non
12044,15817734,Afamefuna,524,Espagne,Femme,64.0,5,0.0,1,Oui,Non,68039.82,Oui
12045,15817735,Algarin,705,France,Femme,35.0,5,0.0,1,Oui,Non,66995.555,Oui
12046,15817736,Foran,638,France,Homme,36.0,6,94227.595,1,Non,Non,23515.7,Oui
12047,15817737,Sutherland,730,,Homme,25.0,5,83692.905,1,Oui,Oui,28153.755,Non
12048,15817738,Cunningham,731,Espagne,Homme,41.0,4,0.0,2,Oui,Non,11149.635,Non
12049,15817739,Kerr,511,France,Femme,30.0,5,0.0,2,Oui,Non,71997.43,Non
12050,15817740,Watson,793,France,Homme,63.0,4,51864.895,2,Oui,Oui,,Non
12051,15817741,Tate,645,Allemagne,Femme,41.0,2,69440.52,1,Oui,Non,64968.265,Oui
12052,15817742,Abernathy,641,Espagne,Femme,36.0,1,0.0,2,Oui,Non,51010.695,Non
12053,15817743,McGregor,567,France,Homme,54.0,9,48201.48,1,Non,Non,26017.645,Oui
12054,15817744,Benson,665,Allemagne,Femme,37.0,3,55955.815,1,Oui,Oui,55179.84,Oui
12055,15817745,Palmerston,497,Allemagne,Homme,24.0,6,55884.57,2,Oui,Non,27929.635,Non
12056,15817746,Ardis,655,Allemagne,Homme,34.0,7,59014.175,1,Oui,Non,25613.16,Oui
12057,15817747,Hyde,762,Allemagne,Femme,34.0,8,49296.44,1,Non,Oui,95895.145,Oui
12058,15817748,Gallo,799,France,Femme,30.0,9,0.0,2,Oui,Non,68413.98,Non
12059,15817749,Gorshkov,609,Allemagne,Homme,31.0,9,51918.875,1,Oui,Oui,,Non
12060,15817750,Tsai,755,France,Femme,29.0,3,0.0,3,Oui,Non,2366.97,Non
12061,15817751,Kelly,672,France,Femme,53.0,7,0.0,1,Oui,Oui,68455.09,Non
12062,15817752,Endrizzi,841,France,Femme,31.0,3,81350.825,2,Oui,Oui,63397.28,Non
12063,15817753,Secombe,760,France,Homme,34.0,2,0.0,2,Oui,Non,82081.22,Non
12064,15817754,Perez,724,Allemagne,Homme,36.0,6,47307.555,2,Oui,Oui,5313.605,Non
12065,15817755,Kao,482,France,Homme,38.0,4,62488.095,1,Oui,Non,17924.06,Non
12066,15817756,Knight,557,France,Homme,33.0,3,27251.775,1,Oui,Oui,185.525,Non
12067,15817757,Wagner,554,Allemagne,Femme,54.0,6,54377.5,1,Oui,Non,20457.16,Oui
12068,15817758,Romano,514,Allemagne,Femme,45.0,3,54516.115,1,Non,Oui,77703.605,Oui
12069,15817759,Davis,635,Allemagne,Homme,53.0,8,58502.775,1,Non,Oui,,Oui
12070,15817760,T'an,426,France,Femme,34.0,3,0.0,2,Oui,Oui,30615.415,Non
12071,15817761,Gunter,718,Espagne,Homme,32.0,8,0.0,2,Oui,Oui,20699.665,Non
12072,15817762,Pan,849,France,Homme,35.0,4,55418.865,1,Non,Non,63209.9,Non
12073,15817763,Dellucci,491,Allemagne,Homme,,6,74372.96,2,Oui,Oui,8909.165,Non
12074,15817764,Uvarov,584,France,Femme,40.0,4,41220.875,1,Non,Non,40426.055,Non
12075,15817765,Caldwell,748,Espagne,Femme,23.0,8,42800.04,1,Non,Non,,Non
12076,15817766,Kerr,554,Espagne,Femme,45.0,4,0.0,2,Oui,Oui,96706.025,Non
12077,15817767,Briggs,739,Espagne,Homme,31.0,1,0.0,2,Oui,Oui,29234.875,Non
12078,15817768,Ginikanwa,564,Allemagne,Homme,33.0,3,54670.935,1,Oui,Non,37816.39,Non
12079,15817769,Adams,705,France,Homme,32.0,7,0.0,2,Oui,Non,3960.785,Non
12080,15817770,Waring,613,France,Homme,,4,50223.285,1,Non,Oui,74826.905,Non
12081,15817771,Ts'ai,680,France,Femme,30.0,8,70720.875,1,Oui,Oui,8139.485,Non
12082,15817772,Pinto,576,France,Femme,52.0,9,85114.295,2,Non,Non,74238.785,Oui
12083,15817773,Somayina,587,France,Homme,36.0,1,0.0,2,Non,Oui,8567.8,Non
12084,15817774,O'Sullivan,566,France,Homme,42.0,3,54005.39,1,Oui,Oui,78743.05,Non
12085,15817775,Wood,753,France,Homme,35.0,4,0.0,2,Oui,Oui,53151.7,Non
12086,15817776,P'eng,849,Allemagne,Femme,49.0,9,66467.445,1,Oui,Non,85528.325,Oui
12087,15817777,Gerald,608,Allemagne,Homme,26.0,1,53324.49,1,Non,Oui,3531.8,Non
12088,15817778,Morrison,706,Espagne,Femme,42.0,8,47693.41,1,Oui,Oui,37866.125,Non
12089,15817779,Hussey,712,Espagne,Homme,52.0,9,0.0,1,Oui,Oui,58988.725,Oui
12090,15817780,Green,662,France,Femme,39.0,5,69053.375,1,Non,Non,9798.365,Non
12091,15817781,Manfrin,726,Espagne,Femme,56.0,8,61555.45,3,Non,Oui,65056.89,Oui
12092,15817782,Toth,544,Espagne,Femme,53.0,9,0.0,1,Oui,Non,62846.035,Oui
12093,15817783,Balashov,700,Espagne,Homme,29.0,8,0.0,2,Non,Oui,76048.51,Non
12094,15817784,Yang,619,Allemagne,Femme,41.0,5,46233.79,1,Oui,Non,,Non
12095,15817785,Mills,703,France,Homme,50.0,8,80069.795,2,Oui,Oui,39657.05,Non
12096,15817786,Muir,636,France,Femme,38.0,1,0.0,1,Oui,Non,22507.69,Non
12097,15817787,Ch'en,599,France,Homme,58.0,4,0.0,1,Non,Non,88203.575,Oui
12098,15817788,Wardle,690,France,Femme,35.0,9,53972.165,2,Non,Non,24239.235,Non
12099,15817789,Marcelo,607,Allemagne,Homme,38.0,3,49102.885,1,Oui,Non,88159.135,Non
12100,15817790,Onwughara,797,Allemagne,Femme,33.0,10,41777.79,1,Non,Non,34883.57,Non
12101,15817791,Lin,593,France,Femme,41.0,6,0.0,1,Oui,Non,32585.33,Non
12102,15817792,Welch,750,Allemagne,Homme,40.0,5,84143.405,3,Oui,Non,10225.995,Oui
12103,15817793,Esposito,527,Espagne,Homme,28.0,6,64198.165,2,Oui,Non,39959.985,Non
12104,15817794,DeRose,579,Espagne,Femme,31.0,9,0.0,2,Oui,Non,56197.99,Non
12105,15817795,Feng,729,France,Homme,44.0,6,0.0,2,Oui,Non,75866.715,Non
12106,15817796,Yobachi,667,France,Homme,44.0,8,61138.935,1,Oui,Oui,45905.355,Non
12107,15817797,Han,613,France,Femme,24.0,7,70226.955,1,Oui,Non,64500.65,Non
12108,15817798,Onyemauchechi,699,Allemagne,Femme,51.0,2,46123.07,2,Non,Oui,45673.015,Non
12109,15817799,Mai,624,Allemagne,Femme,52.0,0,66861.715,1,Non,Non,2429.795,Oui
12110,15817800,Howarde,479,Espagne,Homme,48.0,5,43535.115,1,Non,Oui,42823.205,Non
12111,15817801,Allan,789,France,Femme,32.0,7,34711.76,1,Oui,Non,53749.695,Non
12112,15817802,McIntosh,506,France,Femme,40.0,3,0.0,1,Oui,Oui,72172.79,Non
12113,15817803,Levy,555,Allemagne,Femme,51.0,9,69107.25,1,Oui,Non,99357.635,Oui
12114,15817804,Gallo,658,France,Femme,,7,70298.475,1,Non,Oui,67729.51,Oui
12115,15817805,Shen,579,Allemagne,Femme,64.0,6,72607.715,1,Oui,Oui,82041.86,Non
12116,15817806,Cocci,613,France,Homme,40.0,4,0.0,1,Non,Non,75662.62,Non
12117,15817807,Kryukov,645,France,Femme,37.0,1,0.0,2,Oui,Oui,34493.775,Non
12118,15817808,Dipietro,709,France,Homme,39.0,8,0.0,2,Oui,Non,28107.045,Non
12119,15817809,Ricci,606,France,Homme,35.0,2,66082.13,1,Non,Oui,82407.795,Non
12120,15817810,Dillon,749,Allemagne,Homme,46.0,10,39068.18,2,Oui,Oui,36735.49,Non
12121,15817811,Ibragimova,705,France,Homme,30.0,1,0.0,1,Oui,Oui,90650.16,Non
12122,15817812,Griffin,641,France,Homme,30.0,2,43752.735,2,Non,Oui,3639.285,Non
12123,15817813,Davide,777,France,Homme,43.0,1,0.0,2,Oui,Non,10892.955,Non
12124,15817814,Whitehead,708,France,Femme,44.0,2,80943.905,2,Oui,Non,42435.115,Non
12125,15817815,Zhirov,637,Espagne,Femme,40.0,6,0.0,2,Oui,Oui,90805.3,Non
12126,15817816,Miller,611,France,Homme,27.0,7,0.0,2,Oui,Oui,78737.05,Non
12127,15817817,Nwebube,500,Allemagne,Homme,44.0,9,80419.065,2,Oui,Non,98130.82,Non
12128,15817818,Pickering,583,Allemagne,Femme,54.0,6,57994.43,1,Oui,Non,28776.99,Oui
12129,15817819,Alexandrova,809,Allemagne,Homme,,8,74027.87,1,Non,Non,99601.605,Non
12130,15817820,Anayolisa,625,,Femme,58.0,10,26886.365,1,Oui,Oui,96036.05,Oui
12131,15817821,Agafonova,624,France,Homme,42.0,3,72577.685,1,Oui,Non,36084.975,Oui
12132,15817822,Huang,674,France,Femme,28.0,3,0.0,1,Oui,Non,25768.495,Non
12133,15817823,Nnamutaezinwa,555,France,Homme,40.0,10,69965.09,1,Oui,Oui,52860.045,Non
12134,15817824,Marino,649,Espagne,Femme,49.0,2,0.0,1,Oui,Non,42431.925,Oui
12135,15817825,Henderson,487,France,Homme,24.0,7,66814.045,2,Oui,Oui,49285.005,Non
12136,15817826,Robinson,643,Allemagne,Femme,45.0,2,75421.465,1,Non,Oui,,Oui
12137,15817827,Piazza,516,Espagne,Femme,33.0,3,0.0,2,Oui,Oui,29342.795,Non
12138,15817828,Oluchukwu,842,France,Homme,44.0,3,70626.09,4,Non,Oui,64260.58,Oui
12139,15817829,Lane,582,,Homme,29.0,4,0.0,2,Non,Non,78076.635,Non
12140,15817830,Woodhouse,705,Allemagne,Femme,46.0,4,57759.035,1,Non,Non,38272.45,Oui
12141,15817831,Souter,669,France,Femme,35.0,7,0.0,1,Oui,Oui,24554.115,Oui
12142,15817832,Outlaw,584,France,Homme,31.0,5,0.0,2,Oui,Non,15737.135,Non
12143,15817833,Kodilinyechukwu,773,France,Homme,64.0,2,72789.14,1,Non,Oui,93086.425,Non
12144,15817834,Price,678,Espagne,Homme,30.0,0,0.0,1,Oui,Non,17556.54,Non
12145,15817835,Manning,684,France,Homme,46.0,0,0.0,2,Oui,Oui,18188.485,Non
12146,15817836,Koger,558,Allemagne,Homme,41.0,2,62113.57,1,Oui,Oui,55592.335,Non
12147,15817837,Sievier,638,Allemagne,Femme,26.0,1,52624.88,2,Oui,Oui,11745.545,Non
12148,15817838,Vasin,579,Espagne,Femme,35.0,1,64745.18,2,Non,Oui,4295.415,Oui
12149,15817839,McGregor,813,Allemagne,Femme,25.0,5,61808.215,1,Non,Oui,66479.665,Non
12150,15817840,Dickson,614,Allemagne,Femme,30.0,3,65672.26,2,Oui,Non,27388.32,Non
12151,15817841,Paterson,850,Allemagne,Homme,43.0,0,54254.41,3,Oui,Non,92022.4,Oui
12152,15817842,Calabrese,655,Allemagne,Homme,37.0,9,60671.12,1,Oui,Oui,90120.72,Non
12153,15817843,Fu,628,France,Homme,45.0,9,0.0,2,Oui,Oui,48431.28,Non
12154,15817844,Hunter,748,Espagne,Homme,36.0,4,70786.775,1,Oui,Non,41079.07,Non
12155,15817845,Hu,698,Allemagne,Homme,56.0,1,56207.405,2,Non,Non,46991.01,Oui
12156,15817846,Martinez,676,France,Homme,33.0,6,85745.39,1,Non,Non,39549.82,Non
12157,15817847,Serra,850,Allemagne,Homme,40.0,6,47303.54,1,Oui,Non,18345.245,Non
12158,15817848,Cross,682,Espagne,Femme,64.0,9,0.0,2,Oui,Oui,51659.22,Non
12159,15817849,Armit,755,Allemagne,Homme,40.0,2,68715.41,2,Non,Non,88384.295,Non
12160,15817850,Chidi,608,Espagne,Femme,28.0,4,0.0,2,Oui,Non,5449.815,Oui
12161,15817851,Ts'ui,580,France,Femme,65.0,9,53402.13,3,Oui,Non,53945.345,Oui
12162,15817852,Justice,548,France,Femme,36.0,3,0.0,1,Oui,Non,32998.45,Non
12163,15817853,Bowen,738,Espagne,Homme,44.0,2,0.0,2,Oui,Non,21509.41,Oui
12164,15817854,Tan,593,Espagne,Homme,44.0,5,0.0,1,Oui,Non,64023.49,Non
12165,15817855,Ignatyev,597,France,Femme,41.0,4,72904.765,2,Oui,Oui,26159.63,Non
12166,15817856,Stone,530,France,Femme,34.0,8,0.0,2,Non,Oui,70936.26,Non
12167,15817857,Short,688,Espagne,Femme,46.0,3,0.0,2,Non,Oui,52451.34,Non
12168,15817858,Dawson,850,Allemagne,Homme,28.0,4,73986.095,1,Oui,Non,,Oui
12169,15817859,Bennett,710,France,Homme,33.0,10,59163.585,2,Oui,Oui,96464.41,Non
12170,15817860,Ifeajuna,721,France,Homme,42.0,4,51468.36,1,Non,Non,593.94,Non
12171,15817861,Solomina,668,Espagne,Femme,30.0,8,0.0,2,Oui,Non,69232.85,Non
12172,15817862,McCardle,743,Espagne,Homme,41.0,7,0.0,1,Oui,Non,81868.045,Oui
12173,15817863,Chao,620,Espagne,Homme,42.0,4,53460.455,1,Non,Oui,59873.54,Non
12174,15817864,Mason,796,Espagne,Homme,67.0,5,0.0,2,Non,Oui,27435.51,Non
12175,15817865,Trevisani,612,France,Femme,38.0,7,55307.735,1,Oui,Oui,96751.465,Non
12176,15817866,Udokamma,623,Allemagne,Femme,48.0,1,54038.165,1,Oui,Non,59427.63,Oui
12177,15817867,Tomlinson,799,Allemagne,Femme,,7,83697.8,2,Non,Oui,69768.715,Non
12178,15817868,Akabueze,710,Espagne,Femme,51.0,4,46828.475,1,Non,Oui,70700.255,Oui
12179,15817869,Tung,639,France,Homme,38.0,3,0.0,1,Oui,Non,,Non
12180,15817870,Lavrentyev,758,Allemagne,Homme,68.0,6,56297.925,1,Oui,Non,17932.72,Oui
12181,15817871,Sanders,650,Espagne,Homme,71.0,0,0.0,1,Oui,Oui,87690.385,Non
12182,15817872,Hope,834,Allemagne,Femme,57.0,8,56140.8,3,Oui,Non,70112.57,Oui
12183,15817873,Zetticci,705,Espagne,Homme,46.0,7,0.0,2,Oui,Non,58636.675,Non
12184,15817874,Pollard,624,Allemagne,Femme,27.0,7,52424.34,1,Oui,Oui,83693.68,Non
12185,15817875,Power,507,France,Homme,42.0,6,0.0,2,Oui,Non,17388.615,Non
12186,15817876,Felix,707,France,Homme,,6,33286.585,1,Oui,Oui,31384.4,Non
12187,15817877,Golibe,700,Allemagne,Femme,40.0,4,74285.535,1,Oui,Non,94913.48,Oui
12188,15817878,Hardy,765,Allemagne,Homme,43.0,4,74481.38,1,Non,Oui,86939.435,Oui
12189,15817879,Komar,581,Espagne,Femme,29.0,8,0.0,2,Oui,Non,23367.595,Non
12190,15817880,Shaw,630,Allemagne,Femme,31.0,2,56186.745,2,Oui,Oui,65583.99,Non
12191,15817881,Swearingen,744,Allemagne,Femme,41.0,2,42056.705,1,Oui,Non,98774.315,Non
12192,15817882,Hill,676,Espagne,Homme,48.0,1,65829.795,2,Non,Oui,7076.075,Non
12193,15817883,Esposito,678,Allemagne,Femme,37.0,8,74500.455,2,Oui,Oui,10736.21,Non
12194,15817884,Ozerova,691,France,Homme,52.0,3,0.0,1,Oui,Non,87921.84,Oui
12195,15817885,Bogolyubov,767,France,Femme,35.0,9,0.0,2,Oui,Non,19755.805,Non
12196,15817886,Ifeatu,614,Allemagne,Femme,44.0,6,59357.93,1,Oui,Non,66795.555,Oui
12197,15817887,Egobudike,512,Espagne,Homme,31.0,6,0.0,2,Oui,Non,,Non
12198,15817888,Muomelu,659,Allemagne,Homme,29.0,9,41458.24,1,Oui,Oui,42066.74,Non
12199,15817889,Ko,625,Espagne,Femme,49.0,2,40408.225,1,Oui,Oui,10009.395,Non
12200,15817890,Dellucci,562,France,Homme,36.0,6,0.0,2,Oui,Non,16422.66,Non
12201,15817891,Hammer,691,France,Homme,58.0,3,0.0,1,Non,Oui,97465.15,Oui
12202,15817892,McMillan,687,France,Femme,36.0,4,48578.98,1,Non,Oui,31592.525,Non
12203,15817893,Hayden,606,Espagne,Femme,46.0,8,0.0,2,Oui,Oui,91858.97,Non
12204,15817894,Lo,622,France,Homme,,2,63543.53,1,Oui,Non,51201.455,Oui
12205,15817895,Pai,648,Allemagne,Femme,42.0,8,60990.28,2,Oui,Non,2013.51,Non
12206,15817896,Fu,484,Espagne,Femme,35.0,7,66934.105,1,Oui,Oui,13643.05,Non
12207,15817897,Conway,634,Allemagne,Femme,31.0,8,38399.46,1,Non,Non,98010.865,Non
12208,15817898,Maclean,679,Espagne,Homme,33.0,4,48055.11,1,Oui,Non,586.615,Non
12209,15817899,Johnston,607,Espagne,Femme,62.0,8,54002.32,1,Oui,Oui,11693.385,Oui
12210,15817900,Norris,583,Espagne,Femme,22.0,2,0.0,2,Non,Oui,,Non
12211,15817901,Mills,593,France,Femme,33.0,0,47963.52,1,Oui,Non,99739.025,Non
12212,15817902,Tien,714,France,Femme,31.0,4,62584.63,1,Oui,Oui,53318.445,Non
12213,15817903,Wei,814,Allemagne,Homme,29.0,1,65984.285,2,Oui,Oui,73846.96,Non
12214,15817904,Bailey,657,Allemagne,Homme,40.0,7,49582.92,1,Non,Oui,59666.975,Oui
12215,15817905,Y?an,520,France,Femme,38.0,4,0.0,2,Oui,Non,28194.315,Non
12216,15817906,Bruce,625,France,Homme,39.0,2,0.0,2,Oui,Non,50201.525,Non
12217,15817907,King,656,France,Homme,,7,67459.925,1,Oui,Non,97345.975,Non
12218,15817908,Chu,742,Allemagne,Femme,21.0,1,57146.24,1,Oui,Non,15760.2,Non
12219,15817909,Sun,509,Espagne,Femme,25.0,3,54369.355,2,Oui,Non,,Non
12220,15817910,Dennis,641,France,Homme,65.0,6,19170.01,1,Oui,Non,16303.885,Oui
12221,15817911,McGregor,595,Espagne,Femme,23.0,10,50563.33,2,Non,Non,18521.4,Non
12222,15817912,Yobanna,780,France,Femme,26.0,3,70178.35,1,Oui,Non,58572.075,Non
12223,15817913,Yao,655,Espagne,Femme,29.0,9,0.0,2,Non,Oui,42868.13,Non
12224,15817914,Wollstonecraft,648,Espagne,Femme,53.0,6,55600.705,1,Oui,Oui,60771.145,Non
12225,15817915,Trevisan,722,Espagne,Homme,43.0,1,0.0,1,Oui,Non,22280.085,Oui
12226,15817916,Lombardi,842,France,Homme,58.0,1,31746.47,1,Oui,Oui,41586.095,Non
12227,15817917,Castiglione,557,France,Femme,39.0,7,24786.365,1,Oui,Non,57643.995,Oui
12228,15817918,Rizzo,522,France,Homme,41.0,5,72073.84,1,Oui,Oui,7394.95,Non
12229,15817919,Oluchukwu,682,France,Homme,42.0,0,0.0,1,Oui,Oui,80414.49,Non
12230,15817920,Udinesi,466,Allemagne,Homme,41.0,2,76051.09,2,Oui,Non,90939.78,Non
12231,15817921,Spring,767,Espagne,Homme,31.0,6,0.0,2,Oui,Oui,97834.0,Non
12232,15817922,Honore,850,Espagne,Homme,39.0,6,66607.065,1,Non,Oui,10384.94,Non
12233,15817923,Tao,703,France,Femme,32.0,6,0.0,2,Non,Non,16803.26,Non
12234,15817924,Franklin,749,Allemagne,Femme,,0,35748.895,2,Non,Non,75541.9,Non
12235,15817925,Chung,569,,Homme,28.0,7,0.0,2,Oui,Non,36988.615,Non
12236,15817926,Cameron,626,France,Femme,44.0,10,40776.965,1,Oui,Non,10031.815,Oui
12237,15817927,Cameron,582,Allemagne,Homme,41.0,6,35174.74,2,Non,Oui,89037.02,Non
12238,15817928,Nkemdirim,540,Allemagne,Homme,39.0,4,63639.155,1,Oui,Oui,8075.17,Non
12239,15817929,Colebatch,577,France,Homme,29.0,7,0.0,2,Oui,Oui,27736.575,Non
12240,15817930,Buddicom,531,France,Femme,53.0,5,63821.22,1,Oui,Non,70750.725,Oui
12241,15817931,Robertson,443,Allemagne,Homme,59.0,4,55469.65,1,Oui,Non,36423.29,Oui
12242,15817932,Dike,410,France,Femme,35.0,7,58591.87,1,Oui,Oui,54866.865,Non
12243,15817933,Pan,523,Allemagne,Homme,63.0,6,58113.635,1,Oui,Oui,59702.315,Non
12244,15817934,Becker,425,Espagne,Femme,39.0,5,0.0,2,Oui,Non,70470.735,Non
12245,15817935,He,608,France,Homme,59.0,1,0.0,1,Oui,Non,35324.82,Oui
12246,15817936,Feetham,756,France,Femme,28.0,6,0.0,1,Oui,Oui,82197.325,Non
12247,15817937,Yen,850,France,Femme,35.0,2,64274.245,4,Oui,Non,37739.475,Oui
12248,15817938,Robertson,523,Espagne,Femme,36.0,8,56840.27,1,Non,Non,6598.72,Non
12249,15817939,Cartwright,524,France,Homme,30.0,1,0.0,2,Oui,Non,63406.425,Non
12250,15817940,Johnstone,678,France,Femme,43.0,7,89037.165,1,Non,Non,55202.95,Non
12251,15817941,Ma,850,Espagne,Femme,45.0,5,87044.15,4,Oui,Non,,Oui
12252,15817942,Yen,631,France,Homme,35.0,8,64602.745,1,Oui,Oui,39573.18,Non
12253,15817943,Okwuoma,807,Espagne,Femme,28.0,7,82984.63,3,Oui,Non,78061.065,Oui
12254,15817944,Oluchukwu,841,Allemagne,Femme,,3,56191.515,1,Oui,Non,42758.185,Oui
12255,15817945,Tsou,850,Allemagne,Femme,39.0,5,57245.91,1,Oui,Non,49844.74,Non
12256,15817946,Chiazagomekpere,708,Espagne,Homme,38.0,8,49820.445,1,Oui,Non,6214.61,Non
12257,15817947,Hsieh,613,Espagne,Homme,34.0,3,0.0,1,Oui,Oui,20862.36,Non
12258,15817948,Doherty,575,Espagne,Homme,41.0,2,50031.195,1,Non,Non,63153.625,Non
12259,15817949,Barnett,745,Allemagne,Homme,51.0,3,49591.95,1,Oui,Oui,,Non
12260,15817950,Ejimofor,715,France,Femme,38.0,5,59295.205,1,Oui,Oui,2842.085,Oui
12261,15817951,Fraser,569,France,Femme,35.0,4,46967.315,1,Oui,Non,92374.115,Non
12262,15817952,Lin,693,Allemagne,Femme,43.0,1,60963.96,1,Oui,Non,43997.475,Oui
12263,15817953,Chapman,461,Espagne,Femme,35.0,8,0.0,1,Oui,Non,66147.975,Non
12264,15817954,Myers,634,Allemagne,Homme,48.0,2,53623.845,1,Oui,Oui,51856.025,Oui
12265,15817955,Slone,678,Allemagne,Femme,44.0,2,49004.565,2,Non,Oui,,Non
12266,15817956,Kruglova,599,Espagne,Homme,33.0,4,25845.445,1,Oui,Non,55811.38,Oui
12267,15817957,Bellasis,749,France,Femme,27.0,9,0.0,2,Oui,Non,66367.435,Non
12268,15817958,Davis,584,Espagne,Femme,30.0,5,0.0,2,Oui,Oui,92600.79,Non
12269,15817959,Willis,600,Allemagne,Homme,57.0,9,69228.015,2,Oui,Oui,51774.125,Non
12270,15817960,Folliero,521,Allemagne,Femme,61.0,0,62596.98,1,Oui,Oui,54678.265,Non
12271,15817961,Genovese,696,Allemagne,Femme,27.0,2,48064.66,2,Oui,Oui,2991.85,Non
12272,15817962,Belcher,739,Allemagne,Homme,32.0,3,51064.135,1,Oui,Non,31990.685,Oui
12273,15817963,Stevens,553,Espagne,Homme,41.0,6,72487.275,1,Oui,Oui,9672.46,Non
12274,15817964,Linger,584,,Homme,33.0,3,0.0,2,Non,Oui,29551.565,Non
12275,15817965,Oliver,805,Allemagne,Femme,45.0,9,58292.985,1,Oui,Non,94714.375,Oui
12276,15817966,Nwora,682,Espagne,Femme,58.0,4,0.0,1,Oui,Non,88018.005,Non
12277,15817967,Griffin,663,Allemagne,Homme,37.0,7,71812.915,2,Non,Oui,88243.525,Non
12278,15817968,Sinclair,512,France,Femme,41.0,6,0.0,1,Oui,Oui,50253.905,Non
12279,15817969,Crump,731,Espagne,Femme,33.0,5,68694.005,2,Oui,Non,82500.34,Non
12280,15817970,Repina,739,Allemagne,Homme,45.0,7,51351.81,1,Non,Oui,73901.47,Oui
12281,15817971,Douglas,573,Espagne,Homme,50.0,0,79652.035,1,Non,Oui,77957.62,Oui
12282,15817972,Lees,604,France,Femme,34.0,7,0.0,2,Oui,Non,96510.745,Non
12283,15817973,Skinner,498,Espagne,Homme,29.0,8,63932.13,1,Oui,Oui,23338.95,Non
12284,15817974,Diribe,555,Allemagne,Femme,46.0,4,60196.495,1,Oui,Non,88859.94,Oui
12285,15817975,Aliyev,684,Espagne,Femme,24.0,9,39631.95,1,Non,Oui,98287.24,Non
12286,15817976,Windsor,621,Espagne,Homme,41.0,5,52315.835,1,Oui,Oui,47775.61,Non
12287,15817977,Meagher,567,Espagne,Homme,35.0,8,76568.87,1,Oui,Non,44329.535,Non
12288,15817978,Kryukova,508,France,Homme,49.0,7,61225.73,2,Oui,Oui,37904.05,Non
12289,15817979,Belousov,705,France,Homme,38.0,1,94721.86,1,Non,Oui,53324.29,Non
12290,15817980,Lori,594,Allemagne,Homme,38.0,6,31588.22,2,Oui,Oui,7233.04,Non
12291,15817981,Kauffmann,537,France,Homme,59.0,9,0.0,2,Non,Non,51899.885,Oui
12292,15817982,Teng,651,France,Homme,44.0,2,0.0,3,Oui,Non,51265.175,Oui
12293,15817983,Murphy,697,Espagne,Femme,37.0,7,84033.435,1,Oui,Non,,Non
12294,15817984,Fomin,528,France,Femme,36.0,1,78474.205,1,Oui,Oui,74956.14,Oui
12295,15817985,Law,617,Espagne,Femme,,9,50853.9,1,Oui,Non,61933.14,Non
12296,15817986,Oluchi,640,France,Homme,,2,34216.225,2,Oui,Oui,56251.62,Oui
12297,15817987,Onio,477,France,Femme,30.0,6,65643.23,1,Oui,Non,97072.225,Non
12298,15817988,Liu,674,Espagne,Homme,32.0,2,0.0,2,Oui,Non,70289.585,Non
12299,15817989,MacDonald,655,France,Homme,27.0,2,65845.665,1,Oui,Non,24740.33,Non
12300,15817990,Pisani,429,France,Homme,60.0,7,0.0,2,Oui,Oui,81845.74,Non
